Fruit,Temp(Celcius),Humidity(%),MQ135,MQ3,Time
"spoiled banana, spoiled cucumber, spoiled tomato",16.2,66.6,0,1188,4/6/2026 13:26:30
"spoiled banana, spoiled cucumber, spoiled tomato",16.2,67.8,0,1217,2026-04-06 13:28:44
"spoiled banana, spoiled cucumber, spoiled tomato",16.2,68.2,0,1157,2026-04-06 13:30:01
"spoiled banana, spoiled cucumber, spoiled tomato",16.3,67.3,0,1309,2026-04-06 13:45:01
"spoiled banana, spoiled cucumber, spoiled tomato",16.3,67.5,0,1337,2026-04-06 13:51:58
"spoiled banana, spoiled cucumber, spoiled tomato",16.4,69.7,0,1296,2026-04-06 14:01:58
"spoiled banana, spoiled cucumber, spoiled tomato",16.8,71.4,0,1015,2026-04-06 14:11:59
"spoiled banana, spoiled cucumber, spoiled tomato",16.7,64,0,1088,2026-04-06 14:21:59
"spoiled banana, spoiled cucumber, spoiled tomato",16.2,59.8,0,1298,2026-04-06 14:32:04
"spoiled banana, spoiled cucumber, spoiled tomato",16.2,76.5,0,1139,2026-04-06 14:42:04
"spoiled banana, spoiled cucumber, spoiled tomato",15.4,63,0,1485,2026-04-06 14:52:04
"spoiled banana, spoiled cucumber, spoiled tomato",14.7,59,0,1118,2026-04-06 15:02:04
"spoiled banana, spoiled cucumber, spoiled tomato",13.9,57.3,0,1136,2026-04-06 15:12:05
"spoiled banana, spoiled cucumber, spoiled tomato",13.7,63.5,0,1217,2026-04-06 15:22:05
"spoiled banana, spoiled cucumber, spoiled tomato",22.9,99.9,0,912,2026-04-06 15:32:05
"spoiled banana, spoiled cucumber, spoiled tomato",27.3,74.2,0,1831,2026-04-06 15:40:31
"spoiled banana, spoiled cucumber, spoiled tomato",27.5,74.3,18,1805,2026-04-06 15:41:01
"spoiled banana, spoiled cucumber, spoiled tomato",27.6,73.8,1,1893,2026-04-06 15:41:31
"spoiled banana, spoiled cucumber, spoiled tomato",27.8,73.3,0,1907,2026-04-06 15:42:02
"spoiled banana, spoiled cucumber, spoiled tomato",27.9,73.2,0,1904,2026-04-06 15:42:32
"spoiled banana, spoiled cucumber, spoiled tomato",27.9,73,0,1878,2026-04-06 15:43:04
"spoiled banana, spoiled cucumber, spoiled tomato",28,72.8,13,1913,2026-04-06 15:43:34
"spoiled banana, spoiled cucumber, spoiled tomato",28.1,72.4,0,1936,2026-04-06 15:44:04
"spoiled banana, spoiled cucumber, spoiled tomato",28.2,71.9,22,2018,2026-04-06 15:44:35
"spoiled banana, spoiled cucumber, spoiled tomato",28.3,71.6,3,2022,2026-04-06 15:45:06
"spoiled banana, spoiled cucumber, spoiled tomato",28.4,71.4,13,2055,2026-04-06 15:45:39
"spoiled banana, spoiled cucumber, spoiled tomato",28.5,71,0,2118,2026-04-06 15:46:09
"spoiled banana, spoiled cucumber, spoiled tomato",28.5,70.9,0,2076,2026-04-06 15:46:39
"spoiled banana, spoiled cucumber, spoiled tomato",28.6,70.5,1,2107,2026-04-06 15:47:13
"spoiled banana, spoiled cucumber, spoiled tomato",28.7,70.4,0,2145,2026-04-06 15:47:43
"spoiled banana, spoiled cucumber, spoiled tomato",28.8,70.1,4,2170,2026-04-06 15:48:14
"spoiled banana, spoiled cucumber, spoiled tomato",28.8,69.9,0,2239,2026-04-06 15:48:44
"spoiled banana, spoiled cucumber, spoiled tomato",28.9,69.9,11,2191,2026-04-06 15:49:15
"spoiled banana, spoiled cucumber, spoiled tomato",28.9,69.7,0,2204,2026-04-06 15:49:45
"spoiled banana, spoiled cucumber, spoiled tomato",29,69.5,0,2247,2026-04-06 15:50:15
"spoiled banana, spoiled cucumber, spoiled tomato",29,69.5,0,2206,2026-04-06 15:50:45
"spoiled banana, spoiled cucumber, spoiled tomato",29,69.4,0,2192,2026-04-06 15:51:17
"spoiled banana, spoiled cucumber, spoiled tomato",29.1,69.4,0,2231,2026-04-06 15:51:47
"spoiled banana, spoiled cucumber, spoiled tomato",29.2,69.2,0,2288,2026-04-06 15:52:18
"spoiled banana, spoiled cucumber, spoiled tomato",29.3,69.1,14,2375,2026-04-06 15:52:49
"spoiled banana, spoiled cucumber, spoiled tomato",29.3,69.2,23,2343,2026-04-06 15:53:19
"spoiled banana, spoiled cucumber, spoiled tomato",29.3,69,35,2374,2026-04-06 15:53:50
"spoiled banana, spoiled cucumber, spoiled tomato",29.4,68.9,17,2339,2026-04-06 15:54:21
"spoiled banana, spoiled cucumber, spoiled tomato",29.4,69,0,2378,2026-04-06 15:54:52
"spoiled banana, spoiled cucumber, spoiled tomato",29.5,68.8,0,2355,2026-04-06 15:55:23
"spoiled banana, spoiled cucumber, spoiled tomato",29.5,68.7,31,2373,2026-04-06 15:55:53
"spoiled banana, spoiled cucumber, spoiled tomato",29.6,68.5,9,2386,2026-04-06 15:56:23
"spoiled banana, spoiled cucumber, spoiled tomato",29.6,68.5,0,2400,2026-04-06 15:56:53
"spoiled banana, spoiled cucumber, spoiled tomato",29.7,68.4,0,2431,2026-04-06 15:57:24
"spoiled banana, spoiled cucumber, spoiled tomato",29.7,68.6,0,2432,2026-04-06 15:57:54
"spoiled banana, spoiled cucumber, spoiled tomato",29.8,68.5,26,2368,2026-04-06 15:58:25
"spoiled banana, spoiled cucumber, spoiled tomato",29.8,68.5,10,2400,2026-04-06 15:58:55
"spoiled banana, spoiled cucumber, spoiled tomato",29.8,68.4,0,2412,2026-04-06 15:59:25
"spoiled banana, spoiled cucumber, spoiled tomato",29.8,68.3,37,2455,2026-04-06 15:59:56
"spoiled banana, spoiled cucumber, spoiled tomato",29.9,68.3,0,2449,2026-04-06 16:00:26
"spoiled banana, spoiled cucumber, spoiled tomato",29.9,68.4,5,2455,2026-04-06 16:00:56
"spoiled banana, spoiled cucumber, spoiled tomato",29.9,68.2,0,2481,2026-04-06 16:01:26
"spoiled banana, spoiled cucumber, spoiled tomato",30,68.2,0,2502,2026-04-06 16:01:56
"spoiled banana, spoiled cucumber, spoiled tomato",30,68.1,6,2458,2026-04-06 16:02:27
"spoiled banana, spoiled cucumber, spoiled tomato",30.1,68.5,6,2464,2026-04-06 16:02:58
"spoiled banana, spoiled cucumber, spoiled tomato",30.1,68.5,9,2511,2026-04-06 16:03:28
"spoiled banana, spoiled cucumber, spoiled tomato",30.1,68.5,46,2510,2026-04-06 16:03:58
"spoiled banana, spoiled cucumber, spoiled tomato",30.1,68.5,14,2511,2026-04-06 16:04:28
"spoiled banana, spoiled cucumber, spoiled tomato",30.2,68.4,16,2547,2026-04-06 16:04:59
"spoiled banana, spoiled cucumber, spoiled tomato",30.2,68.3,27,2539,2026-04-06 16:05:29
"spoiled banana, spoiled cucumber, spoiled tomato",30.3,68.1,35,2557,2026-04-06 16:05:59
"spoiled banana, spoiled cucumber, spoiled tomato",30.2,68.2,17,2559,2026-04-06 16:06:29
"spoiled banana, spoiled cucumber, spoiled tomato",30.3,68,27,2610,2026-04-06 16:06:59
"spoiled banana, spoiled cucumber, spoiled tomato",30.3,68.2,0,2605,2026-04-06 16:07:30
"spoiled banana, spoiled cucumber, spoiled tomato",30.4,68,0,2597,2026-04-06 16:08:00
"spoiled banana, spoiled cucumber, spoiled tomato",30.4,68,0,2559,2026-04-06 16:08:30
"spoiled banana, spoiled cucumber, spoiled tomato",30.4,68.1,28,2602,2026-04-06 16:09:01
"spoiled banana, spoiled cucumber, spoiled tomato",30.4,68,0,2614,2026-04-06 16:09:31
"spoiled banana, spoiled cucumber, spoiled tomato",30.5,68.1,28,2630,2026-04-06 16:10:02
"spoiled banana, spoiled cucumber, spoiled tomato",30.5,68.1,9,2661,2026-04-06 16:10:32
"spoiled banana, spoiled cucumber, spoiled tomato",30.5,68.3,3,2745,2026-04-06 16:11:02
"spoiled banana, spoiled cucumber, spoiled tomato",30.6,68.2,16,1999,2026-04-06 16:11:36
"spoiled banana, spoiled cucumber, spoiled tomato",30.7,70.2,0,1373,2026-04-06 16:12:06
"spoiled banana, spoiled cucumber, spoiled tomato",30.8,69.7,0,1153,2026-04-06 16:12:36
"spoiled banana, spoiled cucumber, spoiled tomato",30.8,68.4,0,897,2026-04-06 16:13:06
"spoiled banana, spoiled cucumber, spoiled tomato",30.9,69.3,0,765,2026-04-06 16:13:37
"spoiled banana, spoiled cucumber, spoiled tomato",31,66.9,0,851,2026-04-06 16:14:07
"spoiled banana, spoiled cucumber, spoiled tomato",31,68.4,0,1233,2026-04-06 16:14:37
"spoiled banana, spoiled cucumber, spoiled tomato",31,69.7,0,1529,2026-04-06 16:15:07
"spoiled banana, spoiled cucumber, spoiled tomato",31.1,70.2,0,1714,2026-04-06 16:15:38
"spoiled banana, spoiled cucumber, spoiled tomato",31.1,70.9,17,1838,2026-04-06 16:16:08
"spoiled banana, spoiled cucumber, spoiled tomato",31.1,71.3,42,1882,2026-04-06 16:16:38
"spoiled banana, spoiled cucumber, spoiled tomato",31.2,71.7,0,2007,2026-04-06 16:17:08
"spoiled banana, spoiled cucumber, spoiled tomato",31.2,71.9,17,2075,2026-04-06 16:17:38
"spoiled banana, spoiled cucumber, spoiled tomato",31.2,67.7,3,1205,2026-04-06 16:18:09
"spoiled banana, spoiled cucumber, spoiled tomato",31.3,67.1,0,860,2026-04-06 16:18:39
"spoiled banana, spoiled cucumber, spoiled tomato",31.3,67.7,0,689,2026-04-06 16:19:09
"spoiled banana, spoiled cucumber, spoiled tomato",31.3,68.8,0,585,2026-04-06 16:19:39
"spoiled banana, spoiled cucumber, spoiled tomato",31.4,69.1,0,550,2026-04-06 16:20:10
"spoiled banana, spoiled cucumber, spoiled tomato",31.4,68.5,0,661,2026-04-06 16:20:40
"spoiled banana, spoiled cucumber, spoiled tomato",31.4,70.2,0,1186,2026-04-06 16:21:10
"spoiled banana, spoiled cucumber, spoiled tomato",31.5,71.4,0,1437,2026-04-06 16:21:40
"spoiled banana, spoiled cucumber, spoiled tomato",31.6,72.2,22,1632,2026-04-06 16:22:10
"spoiled banana, spoiled cucumber, spoiled tomato",31.6,72.4,30,1842,2026-04-06 16:22:41
"spoiled banana, spoiled cucumber, spoiled tomato",31.7,68.6,0,1808,2026-04-06 16:23:11
"spoiled banana, spoiled cucumber, spoiled tomato",31.7,67.7,0,1058,2026-04-06 16:23:41
"spoiled banana, spoiled cucumber, spoiled tomato",31.7,69.8,3,1219,2026-04-06 16:24:11
"spoiled banana, spoiled cucumber, spoiled tomato",31.7,71.4,0,1623,2026-04-06 16:24:42
"spoiled banana, spoiled cucumber, spoiled tomato",31.8,71.6,4,1776,2026-04-06 16:25:12
"spoiled banana, spoiled cucumber, spoiled tomato",31.9,71.8,12,1906,2026-04-06 16:25:43
"spoiled banana, spoiled cucumber, spoiled tomato",31.9,71.9,20,2070,2026-04-06 16:26:13
"spoiled banana, spoiled cucumber, spoiled tomato",32,71.8,35,2080,2026-04-06 16:26:49
"spoiled banana, spoiled cucumber, spoiled tomato",32.1,71.7,0,2155,2026-04-06 16:27:19
"spoiled banana, spoiled cucumber, spoiled tomato",32.2,69.1,0,1803,2026-04-06 16:27:49
"spoiled banana, spoiled cucumber, spoiled tomato",32.2,70.8,8,2032,2026-04-06 16:28:27
"spoiled banana, spoiled cucumber, spoiled tomato",32.3,71.2,14,2159,2026-04-06 16:28:57
"spoiled banana, spoiled cucumber, spoiled tomato",32.1,69.4,0,1712,2026-04-06 16:30:58
"spoiled banana, spoiled cucumber, spoiled tomato",32.1,70.1,0,1859,2026-04-06 16:31:28
"spoiled banana, spoiled cucumber, spoiled tomato",32.1,70.4,0,1945,2026-04-06 16:31:58
"spoiled banana, spoiled cucumber, spoiled tomato",32.1,68.1,0,1743,2026-04-06 16:32:29
"spoiled banana, spoiled cucumber, spoiled tomato",32.2,67.4,0,1517,2026-04-06 16:33:23
"spoiled banana, spoiled cucumber, spoiled tomato",32.1,63,0,1270,2026-04-06 16:33:53
"spoiled banana, spoiled cucumber, spoiled tomato",32.1,66.2,0,1167,2026-04-06 16:34:23
"spoiled banana, spoiled cucumber, spoiled tomato",32.1,67.7,0,1622,2026-04-06 16:34:54
"spoiled banana, spoiled cucumber, spoiled tomato",32.1,68.5,0,1828,2026-04-06 16:35:24
"spoiled banana, spoiled cucumber, spoiled tomato",32.1,68.8,0,1952,2026-04-06 16:35:54
"spoiled banana, spoiled cucumber, spoiled tomato",32.2,69,0,1948,2026-04-06 16:36:24
"spoiled banana, spoiled cucumber, spoiled tomato",32.2,67.6,0,1973,2026-04-06 16:36:55
"spoiled banana, spoiled cucumber, spoiled tomato",32.2,67.1,32,1821,2026-04-06 16:37:34
"spoiled banana, spoiled cucumber, spoiled tomato",32.2,67.8,18,1826,2026-04-06 16:38:04
"spoiled banana, spoiled cucumber, spoiled tomato",32.2,67.3,0,1698,2026-04-06 16:38:37
"spoiled banana, spoiled cucumber, spoiled tomato",32.3,68.1,0,1775,2026-04-06 16:39:07
"spoiled banana, spoiled cucumber, spoiled tomato",32.3,67.2,0,1831,2026-04-06 16:39:38
"spoiled banana, spoiled cucumber, spoiled tomato",32.3,67.9,29,1987,2026-04-06 16:40:08
"spoiled banana, spoiled cucumber, spoiled tomato",32.3,67.9,0,1967,2026-04-06 16:40:38
"spoiled banana, spoiled cucumber, spoiled tomato",32.3,68.2,38,2092,2026-04-06 16:41:08
"spoiled banana, spoiled cucumber, spoiled tomato",32.3,67.8,35,2093,2026-04-06 16:41:39
"spoiled banana, spoiled cucumber, spoiled tomato",32.3,68.3,18,2077,2026-04-06 16:42:09
"spoiled banana, spoiled cucumber, spoiled tomato",32.3,67.6,30,2016,2026-04-06 16:42:39
"spoiled banana, spoiled cucumber, spoiled tomato",32.3,67.9,2,2079,2026-04-06 16:43:21
"spoiled banana, spoiled cucumber, spoiled tomato",32.2,68.6,0,2026,2026-04-06 16:43:51
"spoiled banana, spoiled cucumber, spoiled tomato",32.2,67.5,17,1988,2026-04-06 16:44:22
"spoiled banana, spoiled cucumber, spoiled tomato",32.3,69.1,27,2057,2026-04-06 16:44:52
"spoiled banana, spoiled cucumber, spoiled tomato",32.3,69.4,1,2157,2026-04-06 16:45:22
"spoiled banana, spoiled cucumber, spoiled tomato",32.3,69.3,0,1938,2026-04-06 16:45:52
"spoiled banana, spoiled cucumber, spoiled tomato",32.3,68.1,0,1781,2026-04-06 16:46:23
"spoiled banana, spoiled cucumber, spoiled tomato",32.4,68.8,30,2059,2026-04-06 16:46:53
"spoiled banana, spoiled cucumber, spoiled tomato",32.4,69.6,4,2195,2026-04-06 16:47:55
"spoiled banana, spoiled cucumber, spoiled tomato",32.4,69.9,17,2285,2026-04-06 16:48:25
"spoiled banana, spoiled cucumber, spoiled tomato",32.3,59.6,0,1360,2026-04-06 16:48:56
"spoiled banana, spoiled cucumber, spoiled tomato",32.1,64,0,1216,2026-04-06 16:49:27
"spoiled banana, spoiled cucumber, spoiled tomato",32.1,66,0,1360,2026-04-06 16:49:57
"spoiled banana, spoiled cucumber, spoiled tomato",32,66.3,0,1326,2026-04-06 16:50:35
"spoiled banana, spoiled cucumber, spoiled tomato",32.1,67.3,0,1454,2026-04-06 16:51:05
"spoiled banana, spoiled cucumber, spoiled tomato",32.1,67.7,37,1443,2026-04-06 16:51:35
"spoiled banana, spoiled cucumber, spoiled tomato",32.1,67.3,0,1563,2026-04-06 16:52:06
"spoiled banana, spoiled cucumber, spoiled tomato",32.1,68.8,0,1801,2026-04-06 16:52:36
"spoiled banana, spoiled cucumber, spoiled tomato",32.1,68.2,0,1727,2026-04-06 16:53:06
"spoiled banana, spoiled cucumber, spoiled tomato",32.1,66.7,31,1585,2026-04-06 16:53:37
"spoiled banana, spoiled cucumber, spoiled tomato",32.1,68.1,0,1775,2026-04-06 16:54:07
"spoiled banana, spoiled cucumber, spoiled tomato",32.1,66.8,0,1648,2026-04-06 16:54:37
"spoiled banana, spoiled cucumber, spoiled tomato",32,67,14,1679,2026-04-06 16:55:07
"spoiled banana, spoiled cucumber, spoiled tomato",32,67.7,26,1635,2026-04-06 16:55:38
"spoiled banana, spoiled cucumber, spoiled tomato",32.1,66.1,7,1687,2026-04-06 16:56:08
"spoiled banana, spoiled cucumber, spoiled tomato",32,65.9,29,1497,2026-04-06 16:56:47
"spoiled banana, spoiled cucumber, spoiled tomato",32,68.1,0,1778,2026-04-06 16:57:18
"spoiled banana, spoiled cucumber, spoiled tomato",32.1,68,7,1824,2026-04-06 16:57:48
"spoiled banana, spoiled cucumber, spoiled tomato",32,67.4,25,1735,2026-04-06 16:58:18
"spoiled banana, spoiled cucumber, spoiled tomato",32,65.1,0,1535,2026-04-06 16:58:49
"spoiled banana, spoiled cucumber, spoiled tomato",32,66.9,0,1582,2026-04-06 16:59:20
"spoiled banana, spoiled cucumber, spoiled tomato",32,67.1,0,1667,2026-04-06 16:59:50
"spoiled banana, spoiled cucumber, spoiled tomato",32,68.9,0,1865,2026-04-06 17:00:20
"spoiled banana, spoiled cucumber, spoiled tomato",32,67.3,9,1611,2026-04-06 17:00:52
"spoiled banana, spoiled cucumber, spoiled tomato",31.9,67.1,22,1659,2026-04-06 17:01:22
"spoiled banana, spoiled cucumber, spoiled tomato",32,66.5,3,1745,2026-04-06 17:01:53
"spoiled banana, spoiled cucumber, spoiled tomato",31.8,61.3,0,1255,2026-04-06 17:02:23
"spoiled banana, spoiled cucumber, spoiled tomato",31.8,66.7,3,1493,2026-04-06 17:02:53
"spoiled banana, spoiled cucumber, spoiled tomato",31.7,68.5,0,1699,2026-04-06 17:03:23
"spoiled banana, spoiled cucumber, spoiled tomato",31.7,67.7,24,1616,2026-04-06 17:03:59
"spoiled banana, spoiled cucumber, spoiled tomato",31.7,67.7,0,1616,2026-04-06 17:04:30
"spoiled banana, spoiled cucumber, spoiled tomato",31.7,68.6,25,1947,2026-04-06 17:05:04
"spoiled banana, spoiled cucumber, spoiled tomato",31.7,68.2,0,1895,2026-04-06 17:05:34
"spoiled banana, spoiled cucumber, spoiled tomato",31.8,68.1,14,1808,2026-04-06 17:06:04
"spoiled banana, spoiled cucumber, spoiled tomato",31.7,66.9,0,2233,2026-04-06 17:06:34
"spoiled banana, spoiled cucumber, spoiled tomato",31.7,64.4,0,2099,2026-04-06 17:07:05
"spoiled banana, spoiled cucumber, spoiled tomato",31.6,65.1,0,2258,2026-04-06 17:07:35
"spoiled banana, spoiled cucumber, spoiled tomato",31.5,63.8,24,2027,2026-04-06 17:08:05
"spoiled banana, spoiled cucumber, spoiled tomato",31.5,64.7,2,2167,2026-04-06 17:08:36
"spoiled banana, spoiled cucumber, spoiled tomato",31.4,64.6,0,2156,2026-04-06 17:09:06
"spoiled banana, spoiled cucumber, spoiled tomato",31.4,64.3,41,1935,2026-04-06 17:09:38
"spoiled banana, spoiled cucumber, spoiled tomato",31.4,64.2,27,2014,2026-04-06 17:10:08
"spoiled banana, spoiled cucumber, spoiled tomato",31.4,64,0,1976,2026-04-06 17:10:38
"spoiled banana, spoiled cucumber, spoiled tomato",31.3,63.9,0,1825,2026-04-06 17:11:09
"spoiled banana, spoiled cucumber, spoiled tomato",31.3,64.2,11,1950,2026-04-06 17:11:39
"spoiled banana, spoiled cucumber, spoiled tomato",31.3,65.3,0,2086,2026-04-06 17:12:09
"spoiled banana, spoiled cucumber, spoiled tomato",31.3,65.3,0,2132,2026-04-06 17:12:39
"spoiled banana, spoiled cucumber, spoiled tomato",31.3,64.4,17,2042,2026-04-06 17:13:10
"spoiled banana, spoiled cucumber, spoiled tomato",31.3,64.4,0,1951,2026-04-06 17:13:42
"spoiled banana, spoiled cucumber, spoiled tomato",31.3,63.9,0,1895,2026-04-06 17:14:12
"spoiled banana, spoiled cucumber, spoiled tomato",31.2,63.9,22,1904,2026-04-06 17:14:42
"spoiled banana, spoiled cucumber, spoiled tomato",31.2,64.1,29,1897,2026-04-06 17:15:12
"spoiled banana, spoiled cucumber, spoiled tomato",31.2,65.4,16,2100,2026-04-06 17:15:43
"spoiled banana, spoiled cucumber, spoiled tomato",31.2,64.8,0,2069,2026-04-06 17:16:13
"spoiled banana, spoiled cucumber, spoiled tomato",31.2,63.5,0,1936,2026-04-06 17:16:43
"spoiled banana, spoiled cucumber, spoiled tomato",31.2,64.2,14,1940,2026-04-06 17:17:13
"spoiled banana, spoiled cucumber, spoiled tomato",31.2,63.8,0,1743,2026-04-06 17:18:06
"spoiled banana, spoiled cucumber, spoiled tomato",31.2,63.3,0,1776,2026-04-06 17:18:37
"spoiled banana, spoiled cucumber, spoiled tomato",31.2,63.7,0,1762,2026-04-06 17:19:07
"spoiled banana, spoiled cucumber, spoiled tomato",31.2,63.8,0,1776,2026-04-06 17:19:37
"spoiled banana, spoiled cucumber, spoiled tomato",31.1,65.3,0,2034,2026-04-06 17:20:07
"spoiled banana, spoiled cucumber, spoiled tomato",31.2,69,0,2497,2026-04-06 17:20:38
"spoiled banana, spoiled cucumber, spoiled tomato",31.2,70.3,0,2672,2026-04-06 17:21:08
"spoiled banana, spoiled cucumber, spoiled tomato",31.3,70.7,20,2798,2026-04-06 17:21:38
"spoiled banana, spoiled cucumber, spoiled tomato",31.4,70.9,38,2827,2026-04-06 17:22:09
"spoiled banana, spoiled cucumber, spoiled tomato",31.5,71.2,0,2953,2026-04-06 17:22:39
"spoiled banana, spoiled cucumber, spoiled tomato",31.5,71,47,2999,2026-04-06 17:23:09
"spoiled banana, spoiled cucumber, spoiled tomato",31.6,71.2,0,3070,2026-04-06 17:23:39
"spoiled banana, spoiled cucumber, spoiled tomato",31.7,71.4,47,3100,2026-04-06 17:24:09
"spoiled banana, spoiled cucumber, spoiled tomato",31.8,71.1,0,3047,2026-04-06 17:24:40
"spoiled banana, spoiled cucumber, spoiled tomato",31.8,71.3,51,3125,2026-04-06 17:25:10
"spoiled banana, spoiled cucumber, spoiled tomato",31.9,71.2,50,3093,2026-04-06 17:25:41
"spoiled banana, spoiled cucumber, spoiled tomato",31.9,65.3,0,2384,2026-04-06 17:26:11
"fresh banana, fresh cucumber, fresh tomato",32.1,74.6,0,334,2026-04-06 17:32:57
"fresh banana, fresh cucumber, fresh tomato",32.1,66.2,0,1201,2026-04-06 17:33:27
"fresh banana, fresh cucumber, fresh tomato",31.7,63.2,0,919,2026-04-06 17:33:58
"fresh banana, fresh cucumber, fresh tomato",31.3,62.3,0,758,2026-04-06 17:34:28
"fresh banana, fresh cucumber, fresh tomato",30.8,64.8,0,671,2026-04-06 17:34:58
"fresh banana, fresh cucumber, fresh tomato",30.2,62.1,0,563,2026-04-06 17:35:28
"fresh banana, fresh cucumber, fresh tomato",29.8,61.3,0,541,2026-04-06 17:35:59
"fresh banana, fresh cucumber, fresh tomato",29.3,67.4,0,661,2026-04-06 17:36:29
"fresh banana, fresh cucumber, fresh tomato",29,65.6,0,674,2026-04-06 17:36:59
"fresh banana, fresh cucumber, fresh tomato",28.7,63.4,0,593,2026-04-06 17:37:29
"fresh banana, fresh cucumber, fresh tomato",28.4,62.4,0,589,2026-04-06 17:38:00
"fresh banana, fresh cucumber, fresh tomato",28.2,62.9,0,666,2026-04-06 17:38:30
"fresh banana, fresh cucumber, fresh tomato",27.9,63.6,0,746,2026-04-06 17:39:00
"fresh banana, fresh cucumber, fresh tomato",27.7,64.1,0,844,2026-04-06 17:39:30
"fresh banana, fresh cucumber, fresh tomato",27.5,63.9,0,947,2026-04-06 17:40:00
"fresh banana, fresh cucumber, fresh tomato",27.2,64,0,928,2026-04-06 17:40:31
"fresh banana, fresh cucumber, fresh tomato",27,64.8,0,1002,2026-04-06 17:41:01
"fresh banana, fresh cucumber, fresh tomato",26.8,65.4,0,992,2026-04-06 17:41:31
"fresh banana, fresh cucumber, fresh tomato",26.6,66.6,0,944,2026-04-06 17:42:01
"fresh banana, fresh cucumber, fresh tomato",26.4,65.7,0,1040,2026-04-06 17:42:32
"fresh banana, fresh cucumber, fresh tomato",26.3,66.3,0,983,2026-04-06 17:43:02
"fresh banana, fresh cucumber, fresh tomato",26.2,67.5,0,1004,2026-04-06 17:43:32
"fresh banana, fresh cucumber, fresh tomato",26,67.6,0,1007,2026-04-06 17:44:02
"fresh banana, fresh cucumber, fresh tomato",25.9,68.1,0,939,2026-04-06 17:44:33
"fresh banana, fresh cucumber, fresh tomato",25.8,68.2,0,950,2026-04-06 17:45:03
"fresh banana, fresh cucumber, fresh tomato",25.6,69.1,0,952,2026-04-06 17:45:33
"fresh banana, fresh cucumber, fresh tomato",25.5,69.1,0,976,2026-04-06 17:46:06
"fresh banana, fresh cucumber, fresh tomato",25.4,69.3,0,901,2026-04-06 17:46:37
"fresh banana, fresh cucumber, fresh tomato",25.3,70.2,0,883,2026-04-06 17:47:07
"fresh banana, fresh cucumber, fresh tomato",25.2,70.6,0,867,2026-04-06 17:47:37
"fresh banana, fresh cucumber, fresh tomato",25.1,69.9,0,823,2026-04-06 17:48:07
"fresh banana, fresh cucumber, fresh tomato",25,71,0,781,2026-04-06 17:48:38
"fresh banana, fresh cucumber, fresh tomato",25,74.5,0,810,2026-04-06 17:49:08
"fresh banana, fresh cucumber, fresh tomato",24.9,75.3,0,889,2026-04-06 17:49:39
"fresh banana, fresh cucumber, fresh tomato",24.9,74.2,0,727,2026-04-06 17:50:09
"fresh banana, fresh cucumber, fresh tomato",24.8,72,0,683,2026-04-06 17:50:40
"fresh banana, fresh cucumber, fresh tomato",24.7,69.7,0,707,2026-04-06 17:51:10
"fresh banana, fresh cucumber, fresh tomato",24.7,68.6,0,713,2026-04-06 17:51:40
"fresh banana, fresh cucumber, fresh tomato",24.6,70.7,0,675,2026-04-06 17:52:13
"fresh banana, fresh cucumber, fresh tomato",24.4,69.9,0,665,2026-04-06 17:52:43
"fresh banana, fresh cucumber, fresh tomato",24.4,69.9,0,686,2026-04-06 17:53:13
"fresh banana, fresh cucumber, fresh tomato",24.3,68.9,0,715,2026-04-06 17:53:44
"fresh banana, fresh cucumber, fresh tomato",24.2,70.6,0,791,2026-04-06 17:54:15
"fresh banana, fresh cucumber, fresh tomato",24.1,69.7,0,928,2026-04-06 17:54:45
"fresh banana, fresh cucumber, fresh tomato",24.1,68.7,0,932,2026-04-06 17:55:16
"fresh banana, fresh cucumber, fresh tomato",24,70.9,0,991,2026-04-06 17:55:46
"fresh banana, fresh cucumber, fresh tomato",23.9,69.7,0,1041,2026-04-06 17:56:16
"fresh banana, fresh cucumber, fresh tomato",23.8,69.3,0,1011,2026-04-06 17:56:47
"fresh banana, fresh cucumber, fresh tomato",23.8,69.5,0,1274,2026-04-06 17:57:17
"fresh banana, fresh cucumber, fresh tomato",23.7,68.4,0,1249,2026-04-06 17:57:49
"fresh banana, fresh cucumber, fresh tomato",23.6,67.7,0,1364,2026-04-06 17:58:25
"fresh banana, fresh cucumber, fresh tomato",23.5,66.9,0,1356,2026-04-06 17:58:55
"fresh banana, fresh cucumber, fresh tomato",23.5,68.2,0,1421,2026-04-06 17:59:26
"fresh banana, fresh cucumber, fresh tomato",23.4,67.5,0,1358,2026-04-06 17:59:58
"fresh banana, fresh cucumber, fresh tomato",23.3,65.6,0,1312,2026-04-06 18:00:28
"fresh banana, fresh cucumber, fresh tomato",23.2,65.1,0,1262,2026-04-06 18:00:59
"fresh banana, fresh cucumber, fresh tomato",23.2,65.4,0,1242,2026-04-06 18:01:29
"fresh banana, fresh cucumber, fresh tomato",23.1,65.6,0,1280,2026-04-06 18:01:59
"fresh banana, fresh cucumber, fresh tomato",23.1,65.2,0,1286,2026-04-06 18:02:29
"fresh banana, fresh cucumber, fresh tomato",23,64.7,0,1215,2026-04-06 18:02:59
"fresh banana, fresh cucumber, fresh tomato",23,65.2,0,1348,2026-04-06 18:03:30
"fresh banana, fresh cucumber, fresh tomato",22.9,64.5,0,1246,2026-04-06 18:04:01
"fresh banana, fresh cucumber, fresh tomato",22.8,64.3,0,1264,2026-04-06 18:04:31
"fresh banana, fresh cucumber, fresh tomato",22.8,63.5,0,1168,2026-04-06 18:05:02
"fresh banana, fresh cucumber, fresh tomato",22.7,64.3,0,1155,2026-04-06 18:05:32
"fresh banana, fresh cucumber, fresh tomato",22.7,64.1,0,1146,2026-04-06 18:06:03
"fresh banana, fresh cucumber, fresh tomato",22.6,64.8,0,1185,2026-04-06 18:06:33
"fresh banana, fresh cucumber, fresh tomato",22.5,64.3,0,1115,2026-04-06 18:07:03
"fresh banana, fresh cucumber, fresh tomato",22.5,63.6,0,1150,2026-04-06 18:07:33
"fresh banana, fresh cucumber, fresh tomato",22.4,63.7,0,1131,2026-04-06 18:08:04
"fresh banana, fresh cucumber, fresh tomato",22.4,63.4,0,1191,2026-04-06 18:08:34
"fresh banana, fresh cucumber, fresh tomato",22.3,62.8,0,1164,2026-04-06 18:09:05
"fresh banana, fresh cucumber, fresh tomato",22.3,63,0,1191,2026-04-06 18:09:35
"fresh banana, fresh cucumber, fresh tomato",22.2,63.4,0,1168,2026-04-06 18:10:06
"fresh banana, fresh cucumber, fresh tomato",22.2,62.5,0,1157,2026-04-06 18:10:36
"fresh banana, fresh cucumber, fresh tomato",22.2,63.4,0,1159,2026-04-06 18:11:06
"fresh banana, fresh cucumber, fresh tomato",22.1,62.7,0,1139,2026-04-06 18:11:37
"fresh banana, fresh cucumber, fresh tomato",22,62.7,0,1174,2026-04-06 18:12:07
"fresh banana, fresh cucumber, fresh tomato",22,62.2,0,1203,2026-04-06 18:12:37
"fresh banana, fresh cucumber, fresh tomato",21.9,63.1,0,1157,2026-04-06 18:13:07
"fresh banana, fresh cucumber, fresh tomato",21.8,62.6,0,1174,2026-04-06 18:13:38
"fresh banana, fresh cucumber, fresh tomato",21.8,62.2,0,1220,2026-04-06 18:14:09
"fresh banana, fresh cucumber, fresh tomato",21.8,62.3,0,1262,2026-04-06 18:14:39
"fresh banana, fresh cucumber, fresh tomato",21.7,62.2,0,1208,2026-04-06 18:15:09
"fresh banana, fresh cucumber, fresh tomato",21.6,62.6,0,1204,2026-04-06 18:15:40
"fresh banana, fresh cucumber, fresh tomato",21.6,62.4,0,1232,2026-04-06 18:16:10
"fresh banana, fresh cucumber, fresh tomato",21.5,62.1,0,1210,2026-04-06 18:16:40
"fresh banana, fresh cucumber, fresh tomato",21.5,61.7,0,1218,2026-04-06 18:17:11
"fresh banana, fresh cucumber, fresh tomato",21.4,60.9,0,1206,2026-04-06 18:17:41
"fresh banana, fresh cucumber, fresh tomato",21.3,60.9,0,1240,2026-04-06 18:18:11
"fresh banana, fresh cucumber, fresh tomato",21.3,61.1,0,1209,2026-04-06 18:18:41
"fresh banana, fresh cucumber, fresh tomato",21.3,61.2,0,1234,2026-04-06 18:19:12
"fresh banana, fresh cucumber, fresh tomato",21.2,60.4,0,1211,2026-04-06 18:19:42
"fresh banana, fresh cucumber, fresh tomato",21.1,60.8,0,1191,2026-04-06 18:20:12
"fresh banana, fresh cucumber, fresh tomato",21.1,61,0,1165,2026-04-06 18:20:43
"fresh banana, fresh cucumber, fresh tomato",21,60.1,0,1186,2026-04-06 18:21:13
"fresh banana, fresh cucumber, fresh tomato",21,60.3,0,1235,2026-04-06 18:21:44
"fresh banana, fresh cucumber, fresh tomato",21,60.7,0,1202,2026-04-06 18:22:14
"fresh banana, fresh cucumber, fresh tomato",20.9,60.2,0,1214,2026-04-06 18:22:44
"fresh banana, fresh cucumber, fresh tomato",20.8,60,0,1249,2026-04-06 18:23:14
"fresh banana, fresh cucumber, fresh tomato",20.8,60,0,1223,2026-04-06 18:23:45
"fresh banana, fresh cucumber, fresh tomato",20.7,59,0,1232,2026-04-06 18:24:15
"fresh banana, fresh cucumber, fresh tomato",20.7,60.2,0,1213,2026-04-06 18:24:45
"fresh banana, fresh cucumber, fresh tomato",20.6,60.4,0,1162,2026-04-06 18:25:15
"fresh banana, fresh cucumber, fresh tomato",20.6,59.5,0,1227,2026-04-06 18:25:46
"fresh banana, fresh cucumber, fresh tomato",20.5,59.7,0,1284,2026-04-06 18:26:16
"fresh banana, fresh cucumber, fresh tomato",20.5,59.3,0,1219,2026-04-06 18:26:46
"fresh banana, fresh cucumber, fresh tomato",20.5,59.1,0,1227,2026-04-06 18:27:16
"fresh banana, fresh cucumber, fresh tomato",20.4,58.8,0,1201,2026-04-06 18:27:47
"fresh banana, fresh cucumber, fresh tomato",20.4,58.7,0,1269,2026-04-06 18:28:17
"fresh banana, fresh cucumber, fresh tomato",20.3,58.6,0,1227,2026-04-06 18:28:47
"fresh banana, fresh cucumber, fresh tomato",20.3,59.4,0,1249,2026-04-06 18:29:18
"fresh banana, fresh cucumber, fresh tomato",20.2,59.3,0,1226,2026-04-06 18:29:48
"fresh banana, fresh cucumber, fresh tomato",20.2,58.8,0,1226,2026-04-06 18:30:18
"fresh banana, fresh cucumber, fresh tomato",20.1,58.6,0,1274,2026-04-06 18:30:49
"fresh banana, fresh cucumber, fresh tomato",20.1,59.5,0,1242,2026-04-06 18:31:19
"fresh banana, fresh cucumber, fresh tomato",20,58.8,0,1280,2026-04-06 18:31:49
"fresh banana, fresh cucumber, fresh tomato",20,57.9,0,1175,2026-04-06 18:32:19
"fresh banana, fresh cucumber, fresh tomato",19.9,58.2,0,1217,2026-04-06 18:32:50
"fresh banana, fresh cucumber, fresh tomato",19.9,58.3,0,1204,2026-04-06 18:33:20
"fresh banana, fresh cucumber, fresh tomato",19.8,58,0,1242,2026-04-06 18:33:50
"fresh banana, fresh cucumber, fresh tomato",19.8,57.8,0,1219,2026-04-06 18:34:20
"fresh banana, fresh cucumber, fresh tomato",19.7,57.4,0,1208,2026-04-06 18:34:51
"fresh banana, fresh cucumber, fresh tomato",19.7,58,0,1247,2026-04-06 18:35:21
"fresh banana, fresh cucumber, fresh tomato",19.7,57.3,0,1216,2026-04-06 18:35:51
"fresh banana, fresh cucumber, fresh tomato",19.6,57.2,0,1264,2026-04-06 18:36:22
"fresh banana, fresh cucumber, fresh tomato",19.6,58.2,0,1203,2026-04-06 18:36:52
"fresh banana, fresh cucumber, fresh tomato",19.5,57.5,0,1219,2026-04-06 18:37:22
"fresh banana, fresh cucumber, fresh tomato",19.5,56.7,0,1199,2026-04-06 18:37:53
"fresh banana, fresh cucumber, fresh tomato",19.4,57.4,0,1214,2026-04-06 18:38:23
"fresh banana, fresh cucumber, fresh tomato",19.4,56.5,0,1262,2026-04-06 18:38:54
"fresh banana, fresh cucumber, fresh tomato",19.3,56.9,0,1225,2026-04-06 18:39:24
"fresh banana, fresh cucumber, fresh tomato",19.3,57.1,0,1277,2026-04-06 18:39:54
"fresh banana, fresh cucumber, fresh tomato",19.3,57.1,0,1232,2026-04-06 18:40:24
"fresh banana, fresh cucumber, fresh tomato",19.2,56.4,0,1199,2026-04-06 18:40:55
"fresh banana, fresh cucumber, fresh tomato",19.2,56.1,0,1195,2026-04-06 18:41:25
"fresh banana, fresh cucumber, fresh tomato",19.1,56.3,0,1210,2026-04-06 18:41:55
"fresh banana, fresh cucumber, fresh tomato",19.1,55.6,0,1205,2026-04-06 18:42:25
"fresh banana, fresh cucumber, fresh tomato",19,55.3,0,1192,2026-04-06 18:42:56
"fresh banana, fresh cucumber, fresh tomato",19,55,0,1255,2026-04-06 18:43:26
"fresh banana, fresh cucumber, fresh tomato",18.9,55.5,0,1205,2026-04-06 18:43:56
"fresh banana, fresh cucumber, fresh tomato",18.9,55.8,0,1210,2026-04-06 18:44:26
"fresh banana, fresh cucumber, fresh tomato",18.8,54.7,0,1223,2026-04-06 18:44:57
"fresh banana, fresh cucumber, fresh tomato",18.8,55.3,0,1221,2026-04-06 18:45:27
"fresh banana, fresh cucumber, fresh tomato",18.7,56.1,0,1230,2026-04-06 18:45:58
"fresh banana, fresh cucumber, fresh tomato",18.7,55.3,0,1234,2026-04-06 18:46:28
"fresh banana, fresh cucumber, fresh tomato",18.6,55.7,0,1264,2026-04-06 18:46:58
"fresh banana, fresh cucumber, fresh tomato",18.6,55.3,0,1241,2026-04-06 18:47:29
"fresh banana, fresh cucumber, fresh tomato",18.6,55.5,0,1249,2026-04-06 18:47:59
"fresh banana, fresh cucumber, fresh tomato",18.5,55.6,0,1209,2026-04-06 18:48:29
"fresh banana, fresh cucumber, fresh tomato",18.5,55.4,0,1261,2026-04-06 18:48:59
"fresh banana, fresh cucumber, fresh tomato",18.5,55.8,0,1221,2026-04-06 18:49:30
"fresh banana, fresh cucumber, fresh tomato",18.4,55.6,0,1233,2026-04-06 18:50:00
"fresh banana, fresh cucumber, fresh tomato",18.4,55.2,0,1249,2026-04-06 18:50:30
"fresh banana, fresh cucumber, fresh tomato",18.3,55.8,0,1270,2026-04-06 18:51:01
"fresh banana, fresh cucumber, fresh tomato",18.3,55.4,0,1250,2026-04-06 18:51:31
"fresh banana, fresh cucumber, fresh tomato",18.2,54.8,0,1229,2026-04-06 18:52:01
"fresh banana, fresh cucumber, fresh tomato",18.2,55,0,1207,2026-04-06 18:52:32
"fresh banana, fresh cucumber, fresh tomato",18.2,54,0,1206,2026-04-06 18:53:02
"fresh banana, fresh cucumber, fresh tomato",18.1,54.2,0,1223,2026-04-06 18:53:32
"fresh banana, fresh cucumber, fresh tomato",18,53.4,0,1227,2026-04-06 18:54:03
"fresh banana, fresh cucumber, fresh tomato",17.9,54.4,0,1213,2026-04-06 18:54:33
"fresh banana, fresh cucumber, fresh tomato",17.8,54.3,0,1226,2026-04-06 18:55:03
"fresh banana, fresh cucumber, fresh tomato",17.8,54.4,0,1218,2026-04-06 18:55:34
"fresh banana, fresh cucumber, fresh tomato",17.8,54.2,0,1235,2026-04-06 18:56:04
"fresh banana, fresh cucumber, fresh tomato",17.7,53.3,0,1193,2026-04-06 18:56:34
"fresh banana, fresh cucumber, fresh tomato",17.7,54.1,0,1191,2026-04-06 18:57:05
"fresh banana, fresh cucumber, fresh tomato",17.6,53.9,0,1238,2026-04-06 18:57:35
"fresh banana, fresh cucumber, fresh tomato",17.6,53.7,0,1222,2026-04-06 18:58:06
"fresh banana, fresh cucumber, fresh tomato",17.5,53.9,0,1199,2026-04-06 18:58:36
"fresh banana, fresh cucumber, fresh tomato",17.5,53.4,0,1152,2026-04-06 18:59:07
"fresh banana, fresh cucumber, fresh tomato",17.5,53,0,1198,2026-04-06 18:59:37
"fresh banana, fresh cucumber, fresh tomato",17.4,54,0,1173,2026-04-06 19:00:07
"fresh banana, fresh cucumber, fresh tomato",17.4,53.2,0,1192,2026-04-06 19:00:37
"fresh banana, fresh cucumber, fresh tomato",17.3,53.6,0,1179,2026-04-06 19:01:08
"fresh banana, fresh cucumber, fresh tomato",17.3,53.1,0,1270,2026-04-06 19:01:38
"fresh banana, fresh cucumber, fresh tomato",17.3,53.6,0,1222,2026-04-06 19:02:09
"fresh banana, fresh cucumber, fresh tomato",17.2,54.5,0,1217,2026-04-06 19:02:39
"fresh banana, fresh cucumber, fresh tomato",17.2,55,0,1209,2026-04-06 19:03:09
"fresh banana, fresh cucumber, fresh tomato",17.2,72.7,0,1230,2026-04-06 19:03:39
"fresh banana, fresh cucumber, fresh tomato",17.3,79.4,0,1103,2026-04-06 19:04:10
"fresh banana, fresh cucumber, fresh tomato",17.5,85,0,775,2026-04-06 19:04:40
"fresh banana, fresh cucumber, fresh tomato",17.6,79.6,0,752,2026-04-06 19:05:10
"fresh banana, fresh cucumber, fresh tomato",17.7,77.7,0,742,2026-04-06 19:05:41
"fresh banana, fresh cucumber, fresh tomato",17.8,76.1,0,735,2026-04-06 19:06:11
"fresh banana, fresh cucumber, fresh tomato",17.8,74.8,0,711,2026-04-06 19:06:41
"fresh banana, fresh cucumber, fresh tomato",17.9,74.9,0,730,2026-04-06 19:07:11
"fresh banana, fresh cucumber, fresh tomato",17.8,73.5,0,709,2026-04-06 19:07:42
"fresh banana, fresh cucumber, fresh tomato",17.8,71.9,0,723,2026-04-06 19:08:12
"fresh banana, fresh cucumber, fresh tomato",17.9,71,0,719,2026-04-06 19:08:42
"fresh banana, fresh cucumber, fresh tomato",17.8,70.2,0,711,2026-04-06 19:09:13
"fresh banana, fresh cucumber, fresh tomato",17.9,69.2,0,711,2026-04-06 19:09:43
"fresh banana, fresh cucumber, fresh tomato",17.9,69,0,689,2026-04-06 19:10:13
"fresh banana, fresh cucumber, fresh tomato",17.9,68.5,0,683,2026-04-06 19:10:44
"fresh banana, fresh cucumber, fresh tomato",18,68.5,0,674,2026-04-06 19:11:14
"fresh banana, fresh cucumber, fresh tomato",18,68.9,0,662,2026-04-06 19:11:44
"fresh banana, fresh cucumber, fresh tomato",18,67.8,0,656,2026-04-06 19:12:14
"fresh banana, fresh cucumber, fresh tomato",18,68.1,0,673,2026-04-06 19:12:45
"fresh banana, fresh cucumber, fresh tomato",17.9,68.5,0,662,2026-04-06 19:13:15
"fresh banana, fresh cucumber, fresh tomato",18.1,67.5,0,654,2026-04-06 19:13:46
"fresh banana, fresh cucumber, fresh tomato",18.1,67.6,0,633,2026-04-06 19:14:16
"fresh banana, fresh cucumber, fresh tomato",18,67.8,0,633,2026-04-06 19:14:46
"fresh banana, fresh cucumber, fresh tomato",18,67.5,0,624,2026-04-06 19:15:17
"fresh banana, fresh cucumber, fresh tomato",18,67,0,635,2026-04-06 19:15:47
"fresh banana, fresh cucumber, fresh tomato",18,66.7,0,627,2026-04-06 19:16:17
"fresh banana, fresh cucumber, fresh tomato",18.1,66.6,0,609,2026-04-06 19:16:47
"fresh banana, fresh cucumber, fresh tomato",18,66.6,0,625,2026-04-06 19:17:18
"fresh banana, fresh cucumber, fresh tomato",18.1,66.9,0,624,2026-04-06 19:17:48
"fresh banana, fresh cucumber, fresh tomato",18.1,67.5,0,619,2026-04-06 19:18:18
"fresh banana, fresh cucumber, fresh tomato",18.1,67,0,598,2026-04-06 19:18:49
"fresh banana, fresh cucumber, fresh tomato",18.1,67.3,0,592,2026-04-06 19:19:19
"fresh banana, fresh cucumber, fresh tomato",18.1,66.9,0,619,2026-04-06 19:19:49
"fresh banana, fresh cucumber, fresh tomato",18.1,67.1,0,612,2026-04-06 19:20:20
"fresh banana, fresh cucumber, fresh tomato",18.1,66.5,0,626,2026-04-06 19:20:50
"fresh banana, fresh cucumber, fresh tomato",18.1,67.4,0,621,2026-04-06 19:21:20
"fresh banana, fresh cucumber, fresh tomato",18.1,66.7,0,592,2026-04-06 19:21:50
"fresh banana, fresh cucumber, fresh tomato",18.1,67.5,0,604,2026-04-06 19:22:21
"fresh banana, fresh cucumber, fresh tomato",18.1,66.6,0,599,2026-04-06 19:22:56
"fresh banana, fresh cucumber, fresh tomato",18.1,66.2,0,611,2026-04-06 19:23:26
"fresh banana, fresh cucumber, fresh tomato",18,66.5,0,584,2026-04-06 19:23:56
"fresh banana, fresh cucumber, fresh tomato",18.1,66.5,0,587,2026-04-06 19:24:27
"fresh banana, fresh cucumber, fresh tomato",18.1,66,0,604,2026-04-06 19:24:57
"fresh banana, fresh cucumber, fresh tomato",18.1,67.1,0,590,2026-04-06 19:25:27
"fresh banana, fresh cucumber, fresh tomato",18,66.4,0,586,2026-04-06 19:25:58
"fresh banana, fresh cucumber, fresh tomato",18,66.7,0,598,2026-04-06 19:26:28
"fresh banana, fresh cucumber, fresh tomato",18.1,67.1,0,603,2026-04-06 19:26:58
"fresh banana, fresh cucumber, fresh tomato",18.1,67.1,0,592,2026-04-06 19:27:29
"fresh banana, fresh cucumber, fresh tomato",18.1,67.1,0,592,2026-04-06 19:27:59
"fresh banana, fresh cucumber, fresh tomato",18.1,66.6,0,602,2026-04-06 19:28:29
"fresh banana, fresh cucumber, fresh tomato",18,66.5,0,586,2026-04-06 19:29:00
"fresh banana, fresh cucumber, fresh tomato",18.1,67,0,592,2026-04-06 19:29:30
"fresh banana, fresh cucumber, fresh tomato",18,66.4,0,587,2026-04-06 19:30:00
"fresh banana, fresh cucumber, fresh tomato",18.1,66.6,0,590,2026-04-06 19:30:31
"fresh banana, fresh cucumber, fresh tomato",18.1,67.5,0,576,2026-04-06 19:31:01
"fresh banana, fresh cucumber, fresh tomato",18.1,66.1,0,592,2026-04-06 19:31:31
"fresh banana, fresh cucumber, fresh tomato",18.1,67,0,592,2026-04-06 19:32:01
"fresh banana, fresh cucumber, fresh tomato",18.1,66.6,0,594,2026-04-06 19:32:32
"fresh banana, fresh cucumber, fresh tomato",18,66.9,0,592,2026-04-06 19:33:02
"fresh banana, fresh cucumber, fresh tomato",18,65.9,0,598,2026-04-06 19:33:33
"fresh banana, fresh cucumber, fresh tomato",18,67.6,0,592,2026-04-06 19:34:08
"fresh banana, fresh cucumber, fresh tomato",18,67,0,592,2026-04-06 19:34:38
"fresh banana, fresh cucumber, fresh tomato",18,67.1,0,567,2026-04-06 19:35:09
"fresh banana, fresh cucumber, fresh tomato",18.2,81.2,0,534,2026-04-06 19:35:39
"fresh banana, fresh cucumber, fresh tomato",18.3,79.8,0,493,2026-04-06 19:36:09
"fresh banana, fresh cucumber, fresh tomato",18.4,79,0,510,2026-04-06 19:36:40
"fresh banana, fresh cucumber, fresh tomato",18.4,77.6,0,501,2026-04-06 19:37:10
"fresh banana, fresh cucumber, fresh tomato",18.4,76.9,0,509,2026-04-06 19:37:40
"fresh banana, fresh cucumber, fresh tomato",18.4,75.8,0,510,2026-04-06 19:38:10
"fresh banana, fresh cucumber, fresh tomato",18.4,74.4,0,506,2026-04-06 19:38:41
"fresh banana, fresh cucumber, fresh tomato",18.4,73.2,0,535,2026-04-06 19:39:11
"fresh banana, fresh cucumber, fresh tomato",18.4,72.5,0,530,2026-04-06 19:39:41
"fresh banana, fresh cucumber, fresh tomato",18.4,73.3,0,553,2026-04-06 19:40:12
"fresh banana, fresh cucumber, fresh tomato",18.4,72.6,0,539,2026-04-06 19:40:42
"fresh banana, fresh cucumber, fresh tomato",18.4,72.3,0,557,2026-04-06 19:41:12
"fresh banana, fresh cucumber, fresh tomato",18.4,71.9,0,544,2026-04-06 19:41:43
"fresh banana, fresh cucumber, fresh tomato",18.4,71.5,0,563,2026-04-06 19:42:13
"fresh banana, fresh cucumber, fresh tomato",18.4,71.6,0,571,2026-04-06 19:42:43
"fresh banana, fresh cucumber, fresh tomato",18.4,71.4,0,548,2026-04-06 19:43:14
"fresh banana, fresh cucumber, fresh tomato",18.4,70.5,0,576,2026-04-06 19:43:44
"fresh banana, fresh cucumber, fresh tomato",18.4,71.3,0,561,2026-04-06 19:44:14
"fresh banana, fresh cucumber, fresh tomato",18.4,71.9,0,559,2026-04-06 19:44:45
"fresh banana, fresh cucumber, fresh tomato",18.4,71.3,0,558,2026-04-06 19:45:15
"fresh banana, fresh cucumber, fresh tomato",18.4,71.7,0,577,2026-04-06 19:45:45
"fresh banana, fresh cucumber, fresh tomato",18.4,71.8,0,580,2026-04-06 19:46:15
"fresh banana, fresh cucumber, fresh tomato",18.4,71,0,585,2026-04-06 19:46:46
"fresh banana, fresh cucumber, fresh tomato",18.4,71.8,0,593,2026-04-06 19:47:16
"fresh banana, fresh cucumber, fresh tomato",18.4,71.9,0,591,2026-04-06 19:47:46
"fresh banana, fresh cucumber, fresh tomato",18.5,72.2,0,590,2026-04-06 19:48:17
"fresh banana, fresh cucumber, fresh tomato",18.5,71.7,0,581,2026-04-06 19:48:47
"fresh banana, fresh cucumber, fresh tomato",18.5,71.7,0,585,2026-04-06 19:49:17
"fresh banana, fresh cucumber, fresh tomato",18.5,72.1,0,592,2026-04-06 19:49:48
"fresh banana, fresh cucumber, fresh tomato",18.5,71.8,0,611,2026-04-06 19:50:18
"fresh banana, fresh cucumber, fresh tomato",18.5,71.8,0,602,2026-04-06 19:50:48
"fresh banana, fresh cucumber, fresh tomato",18.6,71.9,0,618,2026-04-06 19:51:19
"fresh banana, fresh cucumber, fresh tomato",18.6,72.6,0,607,2026-04-06 19:51:49
"fresh banana, fresh cucumber, fresh tomato",18.6,72.1,0,624,2026-04-06 19:52:19
"fresh banana, fresh cucumber, fresh tomato",18.6,72.5,0,615,2026-04-06 19:52:50
"fresh banana, fresh cucumber, fresh tomato",18.6,72.5,0,614,2026-04-06 19:53:26
"fresh banana, fresh cucumber, fresh tomato",18.6,72.4,0,619,2026-04-06 19:53:56
"fresh banana, fresh cucumber, fresh tomato",18.6,72.3,0,618,2026-04-06 19:54:27
"fresh banana, fresh cucumber, fresh tomato",18.7,72.5,0,630,2026-04-06 19:54:57
"fresh banana, fresh cucumber, fresh tomato",18.7,72.6,0,622,2026-04-06 19:55:32
"fresh banana, fresh cucumber, fresh tomato",18.7,72.5,0,629,2026-04-06 19:56:02
"fresh banana, fresh cucumber, fresh tomato",18.7,72.8,0,624,2026-04-06 19:56:32
"fresh banana, fresh cucumber, fresh tomato",18.7,73,0,623,2026-04-06 19:57:03
"fresh banana, fresh cucumber, fresh tomato",18.7,73,0,635,2026-04-06 19:57:33
"fresh banana, fresh cucumber, fresh tomato",18.7,72.9,0,639,2026-04-06 19:58:03
"fresh banana, fresh cucumber, fresh tomato",18.7,72.7,0,645,2026-04-06 19:58:34
"fresh banana, fresh cucumber, fresh tomato",18.7,72.2,0,626,2026-04-06 19:59:04
"fresh banana, fresh cucumber, fresh tomato",18.8,71.6,0,605,2026-04-06 19:59:34
"fresh banana, fresh cucumber, fresh tomato",18.8,71.4,0,606,2026-04-06 20:00:05
"fresh banana, fresh cucumber, fresh tomato",18.8,70.5,0,619,2026-04-06 20:00:35
"fresh banana, fresh cucumber, fresh tomato",18.8,68.8,0,619,2026-04-06 20:01:05
"fresh banana, fresh cucumber, fresh tomato",18.8,69.2,0,590,2026-04-06 20:01:36
"fresh banana, fresh cucumber, fresh tomato",18.8,68.7,0,617,2026-04-06 20:02:06
"fresh banana, fresh cucumber, fresh tomato",18.8,68.5,0,610,2026-04-06 20:02:36
"fresh banana, fresh cucumber, fresh tomato",18.7,68.5,0,597,2026-04-06 20:03:07
"fresh banana, fresh cucumber, fresh tomato",18.8,67.6,0,611,2026-04-06 20:03:37
"fresh banana, fresh cucumber, fresh tomato",18.7,67.6,0,607,2026-04-06 20:04:07
"fresh banana, fresh cucumber, fresh tomato",18.8,65.7,0,622,2026-04-06 20:04:38
"fresh banana, fresh cucumber, fresh tomato",18.7,66,0,603,2026-04-06 20:05:08
"fresh banana, fresh cucumber, fresh tomato",18.7,65.2,0,623,2026-04-06 20:05:38
"fresh banana, fresh cucumber, fresh tomato",18.7,65.8,0,643,2026-04-06 20:06:09
"fresh banana, fresh cucumber, fresh tomato",18.7,65.1,0,635,2026-04-06 20:06:39
"fresh banana, fresh cucumber, fresh tomato",18.6,64.8,0,641,2026-04-06 20:07:09
"fresh banana, fresh cucumber, fresh tomato",18.6,64.2,0,642,2026-04-06 20:07:40
"fresh banana, fresh cucumber, fresh tomato",18.6,63.9,0,628,2026-04-06 20:08:10
"fresh banana, fresh cucumber, fresh tomato",18.6,62.8,0,624,2026-04-06 20:08:40
"fresh banana, fresh cucumber, fresh tomato",18.6,62.9,0,645,2026-04-06 20:09:11
"fresh banana, fresh cucumber, fresh tomato",18.6,62.5,0,641,2026-04-06 20:09:41
"fresh banana, fresh cucumber, fresh tomato",18.6,62.5,0,640,2026-04-06 20:10:11
"fresh banana, fresh cucumber, fresh tomato",18.5,61.9,0,619,2026-04-06 20:10:42
"fresh banana, fresh cucumber, fresh tomato",18.5,61,0,613,2026-04-06 20:11:13
"fresh banana, fresh cucumber, fresh tomato",18.5,60.4,0,625,2026-04-06 20:11:43
"fresh banana, fresh cucumber, fresh tomato",18.5,60.1,0,622,2026-04-06 20:12:13
"fresh banana, fresh cucumber, fresh tomato",18.4,60.2,0,640,2026-04-06 20:12:44
"fresh banana, fresh cucumber, fresh tomato",18.4,59.6,0,614,2026-04-06 20:13:14
"fresh banana, fresh cucumber, fresh tomato",18.4,59.1,0,631,2026-04-06 20:13:44
"fresh banana, fresh cucumber, fresh tomato",18.3,60.4,0,634,2026-04-06 20:14:14
"fresh banana, fresh cucumber, fresh tomato",18.3,59.8,0,646,2026-04-06 20:14:45
"fresh banana, fresh cucumber, fresh tomato",18.3,58.6,0,640,2026-04-06 20:15:15
"fresh banana, fresh cucumber, fresh tomato",18.2,59.2,0,631,2026-04-06 20:15:46
"fresh banana, fresh cucumber, fresh tomato",18.1,58.7,0,625,2026-04-06 20:16:16
"fresh banana, fresh cucumber, fresh tomato",18.1,58.6,0,642,2026-04-06 20:16:46
"fresh banana, fresh cucumber, fresh tomato",18.1,58,0,647,2026-04-06 20:17:17
"fresh banana, fresh cucumber, fresh tomato",18,57.6,0,622,2026-04-06 20:17:47
"fresh banana, fresh cucumber, fresh tomato",17.9,57.6,0,628,2026-04-06 20:18:18
"fresh banana, fresh cucumber, fresh tomato",17.9,57,0,639,2026-04-06 20:18:50
"fresh banana, fresh cucumber, fresh tomato",17.8,57.5,0,628,2026-04-06 20:19:20
"fresh banana, fresh cucumber, fresh tomato",17.8,56.2,0,652,2026-04-06 20:19:51
"fresh banana, fresh cucumber, fresh tomato",17.7,56.4,0,659,2026-04-06 20:20:21
"fresh banana, fresh cucumber, fresh tomato",17.7,56.7,0,641,2026-04-06 20:20:51
"fresh banana, fresh cucumber, fresh tomato",17.7,56.5,0,638,2026-04-06 20:21:22
"fresh banana, fresh cucumber, fresh tomato",17.6,55.7,0,651,2026-04-06 20:21:52
"fresh banana, fresh cucumber, fresh tomato",17.6,55.7,0,642,2026-04-06 20:22:23
"fresh banana, fresh cucumber, fresh tomato",17.5,56,0,656,2026-04-06 20:22:54
"fresh banana, fresh cucumber, fresh tomato",17.5,55.5,0,657,2026-04-06 20:23:24
"fresh banana, fresh cucumber, fresh tomato",17.5,55.7,0,640,2026-04-06 20:23:54
"fresh banana, fresh cucumber, fresh tomato",17.4,55.4,0,657,2026-04-06 20:24:25
"fresh banana, fresh cucumber, fresh tomato",17.4,54.9,0,628,2026-04-06 20:24:55
"fresh banana, fresh cucumber, fresh tomato",17.4,56.6,0,656,2026-04-06 20:25:25
"fresh banana, fresh cucumber, fresh tomato",17.3,56.1,0,660,2026-04-06 20:25:56
"fresh banana, fresh cucumber, fresh tomato",17.3,56.7,0,661,2026-04-06 20:26:26
"fresh banana, fresh cucumber, fresh tomato",17.2,56,0,656,2026-04-06 20:26:56
"fresh banana, fresh cucumber, fresh tomato",17.3,55.9,0,639,2026-04-06 20:27:27
"fresh banana, fresh cucumber, fresh tomato",17.2,55.5,0,668,2026-04-06 20:27:57
"fresh banana, fresh cucumber, fresh tomato",17.2,56,0,642,2026-04-06 20:28:27
"fresh banana, fresh cucumber, fresh tomato",17.1,54.9,0,647,2026-04-06 20:28:58
"fresh banana, fresh cucumber, fresh tomato",17.1,55.2,0,656,2026-04-06 20:29:28
"fresh banana, fresh cucumber, fresh tomato",17,55.7,0,646,2026-04-06 20:29:58
"fresh banana, fresh cucumber, fresh tomato",17,56,0,656,2026-04-06 20:30:29
"fresh banana, fresh cucumber, fresh tomato",17,54.7,0,668,2026-04-06 20:30:59
"fresh banana, fresh cucumber, fresh tomato",17,54.1,0,646,2026-04-06 20:31:29
"fresh banana, fresh cucumber, fresh tomato",16.9,55.2,0,637,2026-04-06 20:32:00
"fresh banana, fresh cucumber, fresh tomato",16.9,53.2,0,653,2026-04-06 20:32:30
"fresh banana, fresh cucumber, fresh tomato",16.9,54.6,0,627,2026-04-06 20:33:00
"fresh banana, fresh cucumber, fresh tomato",16.8,52.9,0,649,2026-04-06 20:33:31
"fresh banana, fresh cucumber, fresh tomato",16.8,53.3,0,627,2026-04-06 20:34:01
"fresh banana, fresh cucumber, fresh tomato",16.7,53.3,0,640,2026-04-06 20:34:31
"fresh banana, fresh cucumber, fresh tomato",16.8,53.3,0,625,2026-04-06 20:35:02
"fresh banana, fresh cucumber, fresh tomato",16.7,53.6,0,653,2026-04-06 20:35:32
"fresh banana, fresh cucumber, fresh tomato",16.6,53.2,0,618,2026-04-06 20:36:02
"fresh banana, fresh cucumber, fresh tomato",16.6,53.1,0,624,2026-04-06 20:36:33
"fresh banana, fresh cucumber, fresh tomato",16.6,53.2,0,637,2026-04-06 20:37:03
"fresh banana, fresh cucumber, fresh tomato",16.5,52.3,0,625,2026-04-06 20:37:34
"fresh banana, fresh cucumber, fresh tomato",16.5,52.8,0,618,2026-04-06 20:38:04
"fresh banana, fresh cucumber, fresh tomato",16.5,51.8,0,640,2026-04-06 20:38:34
"fresh banana, fresh cucumber, fresh tomato",16.4,54.2,0,646,2026-04-06 20:39:05
"fresh banana, fresh cucumber, fresh tomato",16.4,52.8,0,638,2026-04-06 20:39:35
"fresh banana, fresh cucumber, fresh tomato",16.4,53.2,0,624,2026-04-06 20:40:05
"fresh banana, fresh cucumber, fresh tomato",16.3,52.5,0,640,2026-04-06 20:40:36
"fresh banana, fresh cucumber, fresh tomato",16.3,52.4,0,608,2026-04-06 20:41:06
"fresh banana, fresh cucumber, fresh tomato",16.3,52.1,0,637,2026-04-06 20:41:36
"fresh banana, fresh cucumber, fresh tomato",16.2,52.7,0,637,2026-04-06 20:42:07
"fresh banana, fresh cucumber, fresh tomato",16.2,51.4,0,633,2026-04-06 20:42:37
"fresh banana, fresh cucumber, fresh tomato",16.1,51.6,0,620,2026-04-06 20:43:07
"fresh banana, fresh cucumber, fresh tomato",16.1,51.5,0,608,2026-04-06 20:43:38
"fresh banana, fresh cucumber, fresh tomato",16.1,50.8,0,610,2026-04-06 20:44:08
"fresh banana, fresh cucumber, fresh tomato",16,51.5,0,613,2026-04-06 20:44:38
"fresh banana, fresh cucumber, fresh tomato",16,52.1,0,629,2026-04-06 20:45:09
"fresh banana, fresh cucumber, fresh tomato",16,51.9,0,609,2026-04-06 20:45:39
"fresh banana, fresh cucumber, fresh tomato",15.9,51.6,0,621,2026-04-06 20:46:09
"fresh banana, fresh cucumber, fresh tomato",15.9,51.5,0,624,2026-04-06 20:46:40
"fresh banana, fresh cucumber, fresh tomato",15.9,50.9,0,621,2026-04-06 20:47:10
"fresh banana, fresh cucumber, fresh tomato",15.8,50.9,0,629,2026-04-06 20:47:40
"fresh banana, fresh cucumber, fresh tomato",15.8,50.9,0,629,2026-04-06 20:48:11
"fresh banana, fresh cucumber, fresh tomato",15.7,50.9,0,624,2026-04-06 20:48:41
"fresh banana, fresh cucumber, fresh tomato",15.7,50.8,0,623,2026-04-06 20:49:11
"fresh banana, fresh cucumber, fresh tomato",15.6,51.2,0,627,2026-04-06 20:49:42
"fresh banana, fresh cucumber, fresh tomato",15.6,50.9,0,629,2026-04-06 20:50:12
"fresh banana, fresh cucumber, fresh tomato",15.6,50.6,0,603,2026-04-06 20:50:43
"fresh banana, fresh cucumber, fresh tomato",15.6,51,0,624,2026-04-06 20:51:13
"fresh banana, fresh cucumber, fresh tomato",15.5,51.1,0,624,2026-04-06 20:51:43
"fresh banana, fresh cucumber, fresh tomato",15.5,51.9,0,621,2026-04-06 20:52:14
"fresh banana, fresh cucumber, fresh tomato",15.5,52.6,0,624,2026-04-06 20:52:44
"fresh banana, fresh cucumber, fresh tomato",15.5,53.4,0,639,2026-04-06 20:53:14
"fresh banana, fresh cucumber, fresh tomato",15.4,55.4,0,627,2026-04-06 20:53:45
"fresh banana, fresh cucumber, fresh tomato",15.4,55.1,0,624,2026-04-06 20:54:16
"fresh banana, fresh cucumber, fresh tomato",15.4,57,0,646,2026-04-06 20:54:46
"fresh banana, fresh cucumber, fresh tomato",15.4,57.7,0,629,2026-04-06 20:55:16
"fresh banana, fresh cucumber, fresh tomato",15.4,58.4,0,643,2026-04-06 20:55:47
"fresh banana, fresh cucumber, fresh tomato",15.4,58.7,0,646,2026-04-06 20:56:17
"fresh banana, fresh cucumber, fresh tomato",15.4,59.4,0,655,2026-04-06 20:56:48
"fresh banana, fresh cucumber, fresh tomato",15.4,59.1,0,670,2026-04-06 20:57:18
"fresh banana, fresh cucumber, fresh tomato",15.4,60.3,0,659,2026-04-06 20:57:48
"fresh banana, fresh cucumber, fresh tomato",15.4,60.5,0,662,2026-04-06 20:58:18
"fresh banana, fresh cucumber, fresh tomato",15.4,61.8,0,686,2026-04-06 20:58:49
"fresh banana, fresh cucumber, fresh tomato",15.4,61,0,681,2026-04-06 20:59:19
"fresh banana, fresh cucumber, fresh tomato",15.4,61.5,0,713,2026-04-06 20:59:49
"fresh banana, fresh cucumber, fresh tomato",15.4,61.5,0,694,2026-04-06 21:00:20
"fresh banana, fresh cucumber, fresh tomato",15.5,62,0,713,2026-04-06 21:00:50
"fresh banana, fresh cucumber, fresh tomato",15.5,61.9,0,738,2026-04-06 21:01:20
"fresh banana, fresh cucumber, fresh tomato",15.5,62.5,0,750,2026-04-06 21:01:51
"fresh banana, fresh cucumber, fresh tomato",15.5,62.4,0,750,2026-04-06 21:02:21
"fresh banana, fresh cucumber, fresh tomato",15.5,63.1,0,771,2026-04-06 21:02:51
"fresh banana, fresh cucumber, fresh tomato",15.6,63,0,762,2026-04-06 21:03:22
"fresh banana, fresh cucumber, fresh tomato",15.6,62.6,0,735,2026-04-06 21:03:52
"fresh banana, fresh cucumber, fresh tomato",15.6,63.4,0,745,2026-04-06 21:04:22
"fresh banana, fresh cucumber, fresh tomato",15.6,63.6,0,749,2026-04-06 21:04:53
"fresh banana, fresh cucumber, fresh tomato",15.6,63.8,0,748,2026-04-06 21:05:23
"fresh banana, fresh cucumber, fresh tomato",15.6,63.8,0,737,2026-04-06 21:05:54
"fresh banana, fresh cucumber, fresh tomato",15.7,63.9,0,721,2026-04-06 21:06:24
"fresh banana, fresh cucumber, fresh tomato",15.7,64,0,705,2026-04-06 21:06:54
"fresh banana, fresh cucumber, fresh tomato",15.7,63.9,0,720,2026-04-06 21:07:25
"fresh banana, fresh cucumber, fresh tomato",15.7,63.9,0,688,2026-04-06 21:07:55
"fresh banana, fresh cucumber, fresh tomato",15.8,64.1,0,698,2026-04-06 21:08:26
"fresh banana, fresh cucumber, fresh tomato",15.8,64.5,0,682,2026-04-06 21:08:56
"fresh banana, fresh cucumber, fresh tomato",15.8,65,0,708,2026-04-06 21:09:26
"fresh banana, fresh cucumber, fresh tomato",15.8,64.3,0,678,2026-04-06 21:09:57
"fresh banana, fresh cucumber, fresh tomato",15.9,64.4,0,668,2026-04-06 21:10:27
"fresh banana, fresh cucumber, fresh tomato",15.9,64.6,0,688,2026-04-06 21:10:58
"fresh banana, fresh cucumber, fresh tomato",15.9,64.7,0,659,2026-04-06 21:11:28
"fresh banana, fresh cucumber, fresh tomato",15.9,64.4,0,646,2026-04-06 21:11:58
"fresh banana, fresh cucumber, fresh tomato",15.9,65.2,0,656,2026-04-06 21:12:29
"fresh banana, fresh cucumber, fresh tomato",15.9,65.4,0,676,2026-04-06 21:12:59
"fresh banana, fresh cucumber, fresh tomato",15.9,65.1,0,661,2026-04-06 21:13:30
"fresh banana, fresh cucumber, fresh tomato",16,65.4,0,672,2026-04-06 21:14:01
"fresh banana, fresh cucumber, fresh tomato",16,64.8,0,655,2026-04-06 21:14:31
"fresh banana, fresh cucumber, fresh tomato",16,65,0,665,2026-04-06 21:15:01
"fresh banana, fresh cucumber, fresh tomato",16,65.4,0,633,2026-04-06 21:15:32
"fresh banana, fresh cucumber, fresh tomato",16,64.4,0,643,2026-04-06 21:16:02
"fresh banana, fresh cucumber, fresh tomato",16,65.5,0,653,2026-04-06 21:16:32
"fresh banana, fresh cucumber, fresh tomato",16.1,65,0,640,2026-04-06 21:17:03
"fresh banana, fresh cucumber, fresh tomato",16,66,0,655,2026-04-06 21:17:33
"fresh banana, fresh cucumber, fresh tomato",16.1,65.3,0,649,2026-04-06 21:18:03
"fresh banana, fresh cucumber, fresh tomato",16.1,65.5,0,655,2026-04-06 21:18:34
"fresh banana, fresh cucumber, fresh tomato",16.1,65.3,0,635,2026-04-06 21:19:04
"fresh banana, fresh cucumber, fresh tomato",16.1,65.4,0,656,2026-04-06 21:19:35
"fresh banana, fresh cucumber, fresh tomato",16.2,65.3,0,646,2026-04-06 21:20:05
"fresh banana, fresh cucumber, fresh tomato",16.1,65.5,0,628,2026-04-06 21:20:36
"fresh banana, fresh cucumber, fresh tomato",16.1,65.3,0,640,2026-04-06 21:21:06
"fresh banana, fresh cucumber, fresh tomato",16.2,65.4,0,650,2026-04-06 21:21:37
"fresh banana, fresh cucumber, fresh tomato",16.2,64.7,0,622,2026-04-06 21:22:07
"fresh banana, fresh cucumber, fresh tomato",16.2,65,0,607,2026-04-06 21:22:37
"fresh banana, fresh cucumber, fresh tomato",16.2,65.7,0,625,2026-04-06 21:23:08
"fresh banana, fresh cucumber, fresh tomato",16.2,65.7,0,628,2026-04-06 21:23:38
"fresh banana, fresh cucumber, fresh tomato",16.2,65.5,0,630,2026-04-06 21:24:08
"fresh banana, fresh cucumber, fresh tomato",16.2,65.5,0,615,2026-04-06 21:24:39
"fresh banana, fresh cucumber, fresh tomato",16.2,66.4,0,631,2026-04-06 21:25:09
"fresh banana, fresh cucumber, fresh tomato",16.2,65.6,0,611,2026-04-06 21:25:40
"fresh banana, fresh cucumber, fresh tomato",16.2,66,0,615,2026-04-06 21:26:10
"fresh banana, fresh cucumber, fresh tomato",16.3,65.3,0,613,2026-04-06 21:26:40
"fresh banana, fresh cucumber, fresh tomato",16.2,67,0,630,2026-04-06 21:27:11
"fresh banana, fresh cucumber, fresh tomato",16.2,66.5,0,623,2026-04-06 21:27:41
"fresh banana, fresh cucumber, fresh tomato",16.2,65.9,0,620,2026-04-06 21:28:11
"fresh banana, fresh cucumber, fresh tomato",16.2,66.7,0,607,2026-04-06 21:28:42
"fresh banana, fresh cucumber, fresh tomato",16.2,66,0,601,2026-04-06 21:29:12
"fresh banana, fresh cucumber, fresh tomato",16.3,65.8,0,608,2026-04-06 21:29:43
"fresh banana, fresh cucumber, fresh tomato",16.2,66.1,0,615,2026-04-06 21:30:13
"fresh banana, fresh cucumber, fresh tomato",16.2,66.4,0,611,2026-04-06 21:30:43
"fresh banana, fresh cucumber, fresh tomato",16.3,66.8,0,641,2026-04-06 21:31:14
"fresh banana, fresh cucumber, fresh tomato",16.3,66.6,0,601,2026-04-06 21:31:44
"fresh banana, fresh cucumber, fresh tomato",16.3,66.4,0,624,2026-04-06 21:32:15
"fresh banana, fresh cucumber, fresh tomato",16.3,66,0,623,2026-04-06 21:32:45
"fresh banana, fresh cucumber, fresh tomato",16.3,66.7,0,635,2026-04-06 21:33:15
"fresh banana, fresh cucumber, fresh tomato",16.3,65.7,0,623,2026-04-06 21:33:46
"fresh banana, fresh cucumber, fresh tomato",16.3,66.4,0,624,2026-04-06 21:34:16
"fresh banana, fresh cucumber, fresh tomato",16.3,67.2,0,623,2026-04-06 21:34:47
"fresh banana, fresh cucumber, fresh tomato",16.3,66,0,605,2026-04-06 21:35:17
"fresh banana, fresh cucumber, fresh tomato",16.3,66.3,0,606,2026-04-06 21:35:47
"fresh banana, fresh cucumber, fresh tomato",16.3,66.8,0,603,2026-04-06 21:36:18
"fresh banana, fresh cucumber, fresh tomato",16.4,66.9,0,637,2026-04-06 21:36:48
"fresh banana, fresh cucumber, fresh tomato",16.4,66.8,0,630,2026-04-06 21:37:18
"fresh banana, fresh cucumber, fresh tomato",16.4,66.6,0,618,2026-04-06 21:37:49
"fresh banana, fresh cucumber, fresh tomato",16.3,66.9,0,631,2026-04-06 21:38:19
"fresh banana, fresh cucumber, fresh tomato",16.4,67.6,0,624,2026-04-06 21:38:50
"fresh banana, fresh cucumber, fresh tomato",16.4,67.6,0,609,2026-04-06 21:39:20
"fresh banana, fresh cucumber, fresh tomato",16.4,67.8,0,630,2026-04-06 21:39:50
"fresh banana, fresh cucumber, fresh tomato",16.4,68.4,0,630,2026-04-06 21:40:21
"fresh banana, fresh cucumber, fresh tomato",16.4,68.1,0,623,2026-04-06 21:40:51
"fresh banana, fresh cucumber, fresh tomato",16.4,68.8,0,622,2026-04-06 21:41:21
"fresh banana, fresh cucumber, fresh tomato",16.4,67.8,0,635,2026-04-06 21:41:52
"fresh banana, fresh cucumber, fresh tomato",16.4,68.6,0,627,2026-04-06 21:42:22
"fresh banana, fresh cucumber, fresh tomato",16.4,68.3,0,620,2026-04-06 21:42:52
"fresh banana, fresh cucumber, fresh tomato",16.4,69.1,0,640,2026-04-06 21:43:23
"fresh banana, fresh cucumber, fresh tomato",16.4,69.2,0,640,2026-04-06 21:43:53
"fresh banana, fresh cucumber, fresh tomato",23.6,99.9,0,1223,2026-04-06 22:25:30
"fresh banana, fresh cucumber, fresh tomato",23.7,99.9,0,809,2026-04-06 22:26:00
"fresh banana, fresh cucumber, fresh tomato",23.6,99.9,0,715,2026-04-06 22:26:30
"fresh banana, fresh cucumber, fresh tomato",23.4,99.9,0,634,2026-04-06 22:27:01
"fresh banana, fresh cucumber, fresh tomato",23.3,99.9,0,688,2026-04-06 22:27:31
"fresh banana, fresh cucumber, fresh tomato",23.1,99.9,0,616,2026-04-06 22:28:07
"fresh banana, fresh cucumber, fresh tomato",23.1,99.9,0,650,2026-04-06 22:28:37
"fresh banana, fresh cucumber, fresh tomato",23.1,99.9,0,634,2026-04-06 22:29:07
"fresh banana, fresh cucumber, fresh tomato",23.1,99.9,0,651,2026-04-06 22:29:38
"fresh banana, fresh cucumber, fresh tomato",23.1,99.9,0,643,2026-04-06 22:30:08
"fresh banana, fresh cucumber, fresh tomato",23.1,98.8,0,707,2026-04-06 22:30:39
"fresh banana, fresh cucumber, fresh tomato",23.2,96.2,0,714,2026-04-06 22:31:09
"fresh banana, fresh cucumber, fresh tomato",23.4,91.3,0,735,2026-04-06 22:31:39
"fresh banana, fresh cucumber, fresh tomato",23.5,86.6,0,686,2026-04-06 22:32:10
"fresh banana, fresh cucumber, fresh tomato",23.7,84.7,0,690,2026-04-06 22:32:40
"fresh banana, fresh cucumber, fresh tomato",23.8,83.2,0,736,2026-04-06 22:33:10
"fresh banana, fresh cucumber, fresh tomato",23.9,82.1,0,738,2026-04-06 22:33:41
"fresh banana, fresh cucumber, fresh tomato",24.1,81.2,0,779,2026-04-06 22:34:11
"fresh banana, fresh cucumber, fresh tomato",24.3,80.4,0,767,2026-04-06 22:34:42
"fresh banana, fresh cucumber, fresh tomato",24.4,79.6,0,757,2026-04-06 22:35:12
"fresh banana, fresh cucumber, fresh tomato",24.6,79.5,0,766,2026-04-06 22:35:42
"fresh banana, fresh cucumber, fresh tomato",24.7,78.8,0,811,2026-04-06 22:36:13
"fresh banana, fresh cucumber, fresh tomato",24.8,78.3,0,813,2026-04-06 22:36:43
"fresh banana, fresh cucumber, fresh tomato",25,78,0,805,2026-04-06 22:37:14
"fresh banana, fresh cucumber, fresh tomato",25,77.4,0,798,2026-04-06 22:37:44
"fresh banana, fresh cucumber, fresh tomato",25.1,77.2,0,816,2026-04-06 22:38:15
"fresh banana, fresh cucumber, fresh tomato",25.3,76.8,0,851,2026-04-06 22:38:45
"fresh banana, fresh cucumber, fresh tomato",25.3,76.4,0,879,2026-04-06 22:39:15
"fresh banana, fresh cucumber, fresh tomato",25.4,76,0,841,2026-04-06 22:39:46
"fresh banana, fresh cucumber, fresh tomato",25.5,75.7,0,891,2026-04-06 22:40:16
"fresh banana, fresh cucumber, fresh tomato",25.6,75.4,0,929,2026-04-06 22:40:47
"fresh banana, fresh cucumber, fresh tomato",25.7,75.1,0,901,2026-04-06 22:41:17
"fresh banana, fresh cucumber, fresh tomato",25.8,74.8,0,890,2026-04-06 22:41:48
"fresh banana, fresh cucumber, fresh tomato",25.8,74.7,5,912,2026-04-06 22:42:18
"fresh banana, fresh cucumber, fresh tomato",25.9,74.5,0,931,2026-04-06 22:42:49
"fresh banana, fresh cucumber, fresh tomato",26,74.2,0,968,2026-04-06 22:43:19
"fresh banana, fresh cucumber, fresh tomato",26.1,74.1,3,932,2026-04-06 22:43:50
"fresh banana, fresh cucumber, fresh tomato",26.2,74,0,958,2026-04-06 22:44:20
"fresh banana, fresh cucumber, fresh tomato",26.2,73.8,0,977,2026-04-06 22:44:50
"fresh banana, fresh cucumber, fresh tomato",26.2,73.7,0,971,2026-04-06 22:45:21
"fresh banana, fresh cucumber, fresh tomato",26.3,73.5,0,981,2026-04-06 22:45:51
"fresh banana, fresh cucumber, fresh tomato",26.4,73.4,0,979,2026-04-06 22:46:21
"fresh banana, fresh cucumber, fresh tomato",26.4,73.3,0,963,2026-04-06 22:46:52
"spoiled cucumber, spoiled banana, fresh tomato",26.5,73.3,0,1018,4/6/2026 22:47:22
"spoiled cucumber, spoiled banana, fresh tomato",26.5,73.2,0,979,2026-04-06 22:47:52
"spoiled cucumber, spoiled banana, fresh tomato",26.5,73,0,1022,2026-04-06 22:48:23
"spoiled cucumber, spoiled banana, fresh tomato",26.6,73,0,1045,2026-04-06 22:48:53
"spoiled cucumber, spoiled banana, fresh tomato",26.7,72.8,0,1012,2026-04-06 22:49:24
"spoiled cucumber, spoiled banana, fresh tomato",26.7,72.7,0,1073,2026-04-06 22:49:54
"spoiled cucumber, spoiled banana, fresh tomato",26.7,72.6,0,1054,2026-04-06 22:50:25
"spoiled cucumber, spoiled banana, fresh tomato",26.8,72.6,0,1039,2026-04-06 22:50:55
"spoiled cucumber, spoiled banana, fresh tomato",26.8,72.3,0,1043,2026-04-06 22:51:26
"spoiled cucumber, spoiled banana, fresh tomato",26.9,72.5,0,1078,2026-04-06 22:51:57
"spoiled cucumber, spoiled banana, fresh tomato",26.9,72.4,0,1111,2026-04-06 22:52:28
"spoiled cucumber, spoiled banana, fresh tomato",26.9,72.5,5,1072,2026-04-06 22:52:58
"spoiled cucumber, spoiled banana, fresh tomato",27,72.3,0,1090,2026-04-06 22:53:28
"spoiled cucumber, spoiled banana, fresh tomato",27,72.2,0,1124,2026-04-06 22:53:59
"spoiled cucumber, spoiled banana, fresh tomato",27,72.1,0,1141,2026-04-06 22:54:29
"spoiled cucumber, spoiled banana, fresh tomato",27.1,72.1,0,1115,2026-04-06 22:55:00
"spoiled cucumber, spoiled banana, fresh tomato",27.1,72.2,0,1135,2026-04-06 22:55:35
"spoiled cucumber, spoiled banana, fresh tomato",27.2,72.1,0,1151,2026-04-06 22:56:06
"spoiled cucumber, spoiled banana, fresh tomato",27.2,71.9,0,1172,2026-04-06 22:56:36
"spoiled cucumber, spoiled banana, fresh tomato",27.2,72,0,1181,2026-04-06 22:57:06
"spoiled cucumber, spoiled banana, fresh tomato",27.3,72.1,2,1163,2026-04-06 22:57:37
"spoiled cucumber, spoiled banana, fresh tomato",27.3,72.2,0,1222,2026-04-06 22:58:07
"spoiled cucumber, spoiled banana, fresh tomato",27.4,72.3,0,1171,2026-04-06 22:58:38
"spoiled cucumber, spoiled banana, fresh tomato",27.4,72.3,0,1233,2026-04-06 22:59:08
"spoiled cucumber, spoiled banana, fresh tomato",27.5,72.2,0,1216,2026-04-06 22:59:40
"spoiled cucumber, spoiled banana, fresh tomato",27.5,72,0,1248,2026-04-06 23:00:10
"spoiled cucumber, spoiled banana, fresh tomato",27.5,72.1,0,1204,2026-04-06 23:00:41
"spoiled cucumber, spoiled banana, fresh tomato",27.6,72.2,0,1214,2026-04-06 23:01:11
"spoiled cucumber, spoiled banana, fresh tomato",27.6,72.1,16,1230,2026-04-06 23:01:42
"spoiled cucumber, spoiled banana, fresh tomato",27.7,72.1,0,1232,2026-04-06 23:02:12
"spoiled cucumber, spoiled banana, fresh tomato",27.7,72,0,1265,2026-04-06 23:02:43
"spoiled cucumber, spoiled banana, fresh tomato",27.7,72.1,13,1284,2026-04-06 23:03:13
"spoiled cucumber, spoiled banana, fresh tomato",27.7,71.9,0,1253,2026-04-06 23:03:43
"spoiled cucumber, spoiled banana, fresh tomato",27.8,71.9,0,1251,2026-04-06 23:04:14
"spoiled cucumber, spoiled banana, fresh tomato",27.8,71.8,0,1297,2026-04-06 23:04:44
"spoiled cucumber, spoiled banana, fresh tomato",27.8,71.9,0,1316,2026-04-06 23:05:15
"spoiled cucumber, spoiled banana, fresh tomato",27.8,71.8,0,1327,2026-04-06 23:05:45
"spoiled cucumber, spoiled banana, fresh tomato",27.9,71.8,0,1291,2026-04-06 23:06:15
"spoiled cucumber, spoiled banana, fresh tomato",27.9,71.7,0,1329,2026-04-06 23:06:46
"spoiled cucumber, spoiled banana, fresh tomato",27.9,71.7,0,1360,2026-04-06 23:07:16
"spoiled cucumber, spoiled banana, fresh tomato",27.9,71.6,0,1359,2026-04-06 23:07:47
"spoiled cucumber, spoiled banana, fresh tomato",28,71.6,0,1309,2026-04-06 23:08:17
"spoiled cucumber, spoiled banana, fresh tomato",28,71.6,14,1328,2026-04-06 23:08:47
"spoiled cucumber, spoiled banana, fresh tomato",28,71.7,0,1267,2026-04-06 23:09:18
"spoiled cucumber, spoiled banana, fresh tomato",28,71.8,0,1311,2026-04-06 23:09:48
"spoiled cucumber, spoiled banana, fresh tomato",28,71.6,0,1276,2026-04-06 23:10:19
"spoiled cucumber, spoiled banana, fresh tomato",28.1,71.8,7,1264,2026-04-06 23:10:49
"spoiled cucumber, spoiled banana, fresh tomato",28.1,71.6,0,1238,2026-04-06 23:11:19
"spoiled cucumber, spoiled banana, fresh tomato",28.1,71.7,0,1184,2026-04-06 23:11:50
"spoiled cucumber, spoiled banana, fresh tomato",28.1,71.6,0,1186,2026-04-06 23:12:20
"spoiled cucumber, spoiled banana, fresh tomato",28.1,71.5,0,1220,2026-04-06 23:12:51
"spoiled cucumber, spoiled banana, fresh tomato",28.2,71.4,0,1214,2026-04-06 23:13:21
"spoiled cucumber, spoiled banana, fresh tomato",28.2,71.6,0,1147,2026-04-06 23:13:52
"spoiled cucumber, spoiled banana, fresh tomato",28.2,71.5,0,1202,2026-04-06 23:14:22
"spoiled cucumber, spoiled banana, fresh tomato",28.2,71.5,0,1136,2026-04-06 23:14:52
"spoiled cucumber, spoiled banana, fresh tomato",28.2,71.5,0,1155,2026-04-06 23:15:23
"spoiled cucumber, spoiled banana, fresh tomato",28.3,71.3,0,1132,2026-04-06 23:15:53
"spoiled cucumber, spoiled banana, fresh tomato",28.2,71.3,0,1136,2026-04-06 23:16:24
"spoiled cucumber, spoiled banana, fresh tomato",28.2,71.4,0,1126,2026-04-06 23:16:54
"spoiled cucumber, spoiled banana, fresh tomato",28.2,71.4,15,1104,2026-04-06 23:17:44
"spoiled cucumber, spoiled banana, fresh tomato",28.3,71.3,0,1140,2026-04-06 23:18:15
"spoiled cucumber, spoiled banana, fresh tomato",28.3,71.3,7,1103,2026-04-06 23:18:45
"spoiled cucumber, spoiled banana, fresh tomato",28.3,71.3,0,1092,2026-04-06 23:19:16
"spoiled cucumber, spoiled banana, fresh tomato",28.3,71.2,0,1146,2026-04-06 23:19:46
"spoiled cucumber, spoiled banana, fresh tomato",28.3,71.4,0,1082,2026-04-06 23:20:16
"spoiled cucumber, spoiled banana, fresh tomato",28.3,71.3,0,1136,2026-04-06 23:20:46
"spoiled cucumber, spoiled banana, fresh tomato",28.4,71.3,0,1131,2026-04-06 23:21:17
"spoiled cucumber, spoiled banana, fresh tomato",28.4,71.2,0,1111,2026-04-06 23:21:47
"spoiled cucumber, spoiled banana, fresh tomato",28.4,71.3,0,1069,2026-04-06 23:22:17
"spoiled cucumber, spoiled banana, fresh tomato",28.4,71.2,0,1102,2026-04-06 23:22:53
"spoiled cucumber, spoiled banana, fresh tomato",28.4,71.3,0,1082,2026-04-06 23:23:23
"spoiled cucumber, spoiled banana, fresh tomato",28.4,71.1,0,1105,2026-04-06 23:23:53
"spoiled cucumber, spoiled banana, fresh tomato",28.4,71.3,0,1095,2026-04-06 23:24:24
"spoiled cucumber, spoiled banana, fresh tomato",28.4,71.2,0,1086,2026-04-06 23:24:54
"spoiled cucumber, spoiled banana, fresh tomato",28.4,71,0,1077,2026-04-06 23:25:24
"spoiled cucumber, spoiled banana, fresh tomato",28.5,71.1,0,1103,2026-04-06 23:25:55
"spoiled cucumber, spoiled banana, fresh tomato",28.5,71.2,0,1090,2026-04-06 23:26:25
"spoiled cucumber, spoiled banana, fresh tomato",28.5,71.2,0,1055,2026-04-06 23:26:55
"spoiled cucumber, spoiled banana, fresh tomato",28.5,71.1,0,1087,2026-04-06 23:27:26
"spoiled cucumber, spoiled banana, fresh tomato",28.5,69.6,0,836,2026-04-06 23:27:56
"spoiled cucumber, spoiled banana, fresh tomato",28.5,70.7,0,909,2026-04-06 23:28:26
"spoiled cucumber, spoiled banana, fresh tomato",28.5,71,0,896,2026-04-06 23:28:57
"spoiled cucumber, spoiled banana, fresh tomato",28.5,71,0,942,2026-04-06 23:29:27
"spoiled cucumber, spoiled banana, fresh tomato",28.5,71,0,937,2026-04-06 23:29:58
"spoiled cucumber, spoiled banana, fresh tomato",28.5,71,0,965,2026-04-06 23:30:28
"spoiled cucumber, spoiled banana, fresh tomato",28.5,71,0,961,2026-04-06 23:30:58
"spoiled cucumber, spoiled banana, fresh tomato",28.5,71.1,0,1021,2026-04-06 23:31:29
"spoiled cucumber, spoiled banana, fresh tomato",28.5,71.1,0,1038,2026-04-06 23:31:59
"spoiled cucumber, spoiled banana, fresh tomato",28.5,71,5,1001,2026-04-06 23:32:29
"spoiled cucumber, spoiled banana, fresh tomato",28.5,71.2,16,1036,2026-04-06 23:33:00
"spoiled cucumber, spoiled banana, fresh tomato",28.6,71.2,6,1038,2026-04-06 23:33:30
"spoiled cucumber, spoiled banana, fresh tomato",28.5,71.2,17,982,2026-04-06 23:34:01
"spoiled cucumber, spoiled banana, fresh tomato",28.5,71.3,0,1014,2026-04-06 23:34:31
"spoiled cucumber, spoiled banana, fresh tomato",28.6,71.3,0,1031,2026-04-06 23:35:01
"spoiled cucumber, spoiled banana, fresh tomato",28.5,71.3,0,991,2026-04-06 23:35:32
"spoiled cucumber, spoiled banana, fresh tomato",28.5,71.2,0,998,2026-04-06 23:36:02
"spoiled cucumber, spoiled banana, fresh tomato",28.6,71.2,4,1067,2026-04-06 23:36:33
"spoiled cucumber, spoiled banana, fresh tomato",28.5,71.3,0,1007,2026-04-06 23:37:03
"spoiled cucumber, spoiled banana, fresh tomato",28.5,71.5,0,1036,2026-04-06 23:37:34
"spoiled cucumber, spoiled banana, fresh tomato",28.6,71.3,6,1010,2026-04-06 23:38:04
"spoiled cucumber, spoiled banana, fresh tomato",28.6,71.4,0,1056,2026-04-06 23:38:34
"spoiled cucumber, spoiled banana, fresh tomato",28.6,71.4,0,1023,2026-04-06 23:39:05
"spoiled cucumber, spoiled banana, fresh tomato",28.6,71.5,0,1047,2026-04-06 23:39:36
"spoiled cucumber, spoiled banana, fresh tomato",28.6,71.4,0,1007,2026-04-06 23:40:06
"spoiled cucumber, spoiled banana, fresh tomato",28.6,71.5,19,1049,2026-04-06 23:40:36
"spoiled cucumber, spoiled banana, fresh tomato",28.6,71.4,0,1040,2026-04-06 23:41:07
"spoiled cucumber, spoiled banana, fresh tomato",28.6,71.5,0,1045,2026-04-06 23:41:37
"spoiled cucumber, spoiled banana, fresh tomato",28.6,71.6,0,1002,2026-04-06 23:42:07
"spoiled cucumber, spoiled banana, fresh tomato",28.6,71.6,0,1018,2026-04-06 23:42:38
"spoiled cucumber, spoiled banana, fresh tomato",28.6,71.6,0,1033,2026-04-06 23:43:08
"spoiled cucumber, spoiled banana, fresh tomato",28.6,71.6,0,999,2026-04-06 23:43:38
"spoiled cucumber, spoiled banana, fresh tomato",28.6,71.6,2,1038,2026-04-06 23:44:09
"spoiled cucumber, spoiled banana, fresh tomato",28.6,71.7,0,1071,2026-04-06 23:44:39
"spoiled cucumber, spoiled banana, fresh tomato",28.6,71.5,11,1008,2026-04-06 23:45:09
"spoiled cucumber, spoiled banana, fresh tomato",28.7,71.6,0,1068,2026-04-06 23:45:40
"spoiled cucumber, spoiled banana, fresh tomato",28.7,71.6,0,1055,2026-04-06 23:46:10
"spoiled cucumber, spoiled banana, fresh tomato",28.6,71.5,0,1050,2026-04-06 23:46:42
"spoiled cucumber, spoiled banana, fresh tomato",28.7,71.7,0,1047,2026-04-06 23:47:12
"spoiled cucumber, spoiled banana, fresh tomato",28.7,71.7,0,1056,2026-04-06 23:47:42
"spoiled cucumber, spoiled banana, fresh tomato",28.7,71.6,0,1050,2026-04-06 23:48:13
"spoiled cucumber, spoiled banana, fresh tomato",28.7,71.6,0,1059,2026-04-06 23:48:43
"spoiled cucumber, spoiled banana, fresh tomato",28.7,71.7,0,1008,2026-04-06 23:49:13
"spoiled cucumber, spoiled banana, fresh tomato",28.7,71.6,0,1065,2026-04-06 23:49:44
"spoiled cucumber, spoiled banana, fresh tomato",28.7,71.6,0,1019,2026-04-06 23:50:15
"spoiled cucumber, spoiled banana, fresh tomato",28.7,71.7,19,1008,2026-04-06 23:50:45
"spoiled cucumber, spoiled banana, fresh tomato",28.7,71.7,0,1008,2026-04-06 23:51:15
"spoiled cucumber, spoiled banana, fresh tomato",28.7,71.9,0,1054,2026-04-06 23:51:46
"spoiled cucumber, spoiled banana, fresh tomato",28.7,71.7,0,1023,2026-04-06 23:52:16
"spoiled cucumber, spoiled banana, fresh tomato",28.7,71.9,0,1047,2026-04-06 23:52:46
"spoiled cucumber, spoiled banana, fresh tomato",28.7,71.8,0,1059,2026-04-06 23:53:17
"spoiled cucumber, spoiled banana, fresh tomato",28.7,71.9,6,1015,2026-04-06 23:53:47
"spoiled cucumber, spoiled banana, fresh tomato",28.7,71.8,0,1051,2026-04-06 23:54:18
"spoiled cucumber, spoiled banana, fresh tomato",28.7,71.9,0,1040,2026-04-06 23:54:48
"spoiled cucumber, spoiled banana, fresh tomato",28.7,71.9,0,1035,2026-04-06 23:55:18
"spoiled cucumber, spoiled banana, fresh tomato",28.8,71.9,0,1079,2026-04-06 23:55:49
"spoiled cucumber, spoiled banana, fresh tomato",28.7,72.1,0,1046,2026-04-06 23:56:19
"spoiled cucumber, spoiled banana, fresh tomato",28.8,72.1,22,1060,2026-04-06 23:56:49
"spoiled cucumber, spoiled banana, fresh tomato",28.7,72.1,13,1059,2026-04-06 23:57:20
"spoiled cucumber, spoiled banana, fresh tomato",28.8,72,12,1076,2026-04-06 23:57:50
"spoiled cucumber, spoiled banana, fresh tomato",28.8,72.3,0,1009,2026-04-06 23:58:21
"spoiled cucumber, spoiled banana, fresh tomato",28.8,72.1,2,1056,2026-04-06 23:58:51
"spoiled cucumber, spoiled banana, fresh tomato",28.8,71.9,0,1085,2026-04-06 23:59:22
"spoiled cucumber, spoiled banana, fresh tomato",28.8,71.7,0,1023,2026-04-06 23:59:52
"spoiled cucumber, spoiled banana, fresh tomato",28.8,71.9,0,1040,2026-04-07 0:00:23
"spoiled cucumber, spoiled banana, fresh tomato",28.8,72.1,1,1023,2026-04-07 0:00:53
"spoiled cucumber, spoiled banana, fresh tomato",28.9,71.9,0,1022,2026-04-07 0:01:23
"spoiled cucumber, spoiled banana, fresh tomato",28.8,72,0,1041,2026-04-07 0:01:54
"spoiled cucumber, spoiled banana, fresh tomato",28.8,71.9,16,1023,2026-04-07 0:02:24
"spoiled cucumber, spoiled banana, fresh tomato",28.9,72.1,0,1076,2026-04-07 0:02:54
"spoiled cucumber, spoiled banana, fresh tomato",28.8,72,23,1073,2026-04-07 0:03:25
"spoiled cucumber, spoiled banana, fresh tomato",28.9,72,1,1073,2026-04-07 0:03:55
"spoiled cucumber, spoiled banana, fresh tomato",28.8,71.9,0,1063,2026-04-07 0:04:25
"spoiled cucumber, spoiled banana, fresh tomato",28.9,72.1,0,1036,2026-04-07 0:04:56
"spoiled cucumber, spoiled banana, fresh tomato",28.9,72,0,1047,2026-04-07 0:05:26
"spoiled cucumber, spoiled banana, fresh tomato",28.9,71.9,10,1055,2026-04-07 0:05:57
"spoiled cucumber, spoiled banana, fresh tomato",28.9,72.1,7,1023,2026-04-07 0:06:27
"spoiled cucumber, spoiled banana, fresh tomato",28.9,72.1,0,1067,2026-04-07 0:06:57
"spoiled cucumber, spoiled banana, fresh tomato",28.9,72,0,1050,2026-04-07 0:07:28
"spoiled cucumber, spoiled banana, fresh tomato",28.9,72.1,0,1046,2026-04-07 0:07:58
"spoiled cucumber, spoiled banana, fresh tomato",28.9,72,0,1049,2026-04-07 0:08:28
"spoiled cucumber, spoiled banana, fresh tomato",28.9,72,0,1064,2026-04-07 0:08:59
"spoiled cucumber, spoiled banana, fresh tomato",28.9,72,0,1023,2026-04-07 0:09:30
"spoiled cucumber, spoiled banana, fresh tomato",28.9,72.1,0,1040,2026-04-07 0:10:00
"spoiled cucumber, spoiled banana, fresh tomato",28.9,72,11,1019,2026-04-07 0:10:31
"spoiled cucumber, spoiled banana, fresh tomato",28.9,72,0,1042,2026-04-07 0:11:01
"spoiled cucumber, spoiled banana, fresh tomato",28.9,72.3,0,1040,2026-04-07 0:11:31
"spoiled cucumber, spoiled banana, fresh tomato",29,72.2,0,1061,2026-04-07 0:12:02
"spoiled cucumber, spoiled banana, fresh tomato",28.9,72,0,1033,2026-04-07 0:12:32
"spoiled cucumber, spoiled banana, fresh tomato",28.9,72.2,0,1023,2026-04-07 0:13:02
"spoiled cucumber, spoiled banana, fresh tomato",29,72.4,0,1051,2026-04-07 0:13:32
"spoiled cucumber, spoiled banana, fresh tomato",28.9,72.2,0,1034,2026-04-07 0:14:03
"spoiled cucumber, spoiled banana, fresh tomato",29,72.3,0,1045,2026-04-07 0:14:33
"spoiled cucumber, spoiled banana, fresh tomato",29,72.1,0,1034,2026-04-07 0:15:03
"spoiled cucumber, spoiled banana, fresh tomato",29,72.3,15,1063,2026-04-07 0:15:34
"spoiled cucumber, spoiled banana, fresh tomato",29,72.3,0,1071,2026-04-07 0:16:04
"spoiled cucumber, spoiled banana, fresh tomato",29,72.2,0,1023,2026-04-07 0:16:34
"spoiled cucumber, spoiled banana, fresh tomato",29,72.1,10,1045,2026-04-07 0:17:05
"spoiled cucumber, spoiled banana, fresh tomato",29,72.2,0,1077,2026-04-07 0:17:35
"spoiled cucumber, spoiled banana, fresh tomato",29,72.1,0,1052,2026-04-07 0:18:06
"spoiled cucumber, spoiled banana, fresh tomato",29,72.2,1,1058,2026-04-07 0:18:36
"spoiled cucumber, spoiled banana, fresh tomato",29,72,0,1044,2026-04-07 0:19:06
"spoiled cucumber, spoiled banana, fresh tomato",29,72.2,0,1047,2026-04-07 0:19:37
"spoiled cucumber, spoiled banana, fresh tomato",29,72.4,0,1040,2026-04-07 0:20:07
"spoiled cucumber, spoiled banana, fresh tomato",29,72.7,0,1055,2026-04-07 0:20:37
"spoiled cucumber, spoiled banana, fresh tomato",29,73,0,1072,2026-04-07 0:21:07
"spoiled cucumber, spoiled banana, fresh tomato",29,73.1,9,1096,2026-04-07 0:21:38
"spoiled cucumber, spoiled banana, fresh tomato",29.1,73.5,16,1078,2026-04-07 0:22:08
"spoiled cucumber, spoiled banana, fresh tomato",29.1,73.5,0,1070,2026-04-07 0:22:38
"spoiled cucumber, spoiled banana, fresh tomato",29.2,73.7,0,1119,2026-04-07 0:23:09
"spoiled cucumber, spoiled banana, fresh tomato",29.2,73.7,0,1071,2026-04-07 0:23:39
"spoiled cucumber, spoiled banana, fresh tomato",29.2,73.7,18,1107,2026-04-07 0:24:09
"spoiled cucumber, spoiled banana, fresh tomato",29.3,73.7,1,1139,2026-04-07 0:24:40
"spoiled cucumber, spoiled banana, fresh tomato",29.3,73.7,0,1136,2026-04-07 0:25:10
"spoiled cucumber, spoiled banana, fresh tomato",29.4,73.6,8,1108,2026-04-07 0:25:40
"spoiled cucumber, spoiled banana, fresh tomato",29.4,73.6,0,1125,2026-04-07 0:26:11
"spoiled cucumber, spoiled banana, fresh tomato",29.4,73.7,0,1101,2026-04-07 0:26:41
"spoiled cucumber, spoiled banana, fresh tomato",29.5,73.7,0,1161,2026-04-07 0:27:11
"spoiled cucumber, spoiled banana, fresh tomato",29.5,73.7,16,1153,2026-04-07 0:27:42
"spoiled cucumber, spoiled banana, fresh tomato",29.5,73.7,9,1168,2026-04-07 0:28:12
"spoiled cucumber, spoiled banana, fresh tomato",29.5,73.7,0,1104,2026-04-07 0:28:42
"spoiled cucumber, spoiled banana, fresh tomato",29.5,73.6,2,1153,2026-04-07 0:29:13
"spoiled cucumber, spoiled banana, fresh tomato",29.6,73.6,0,1166,2026-04-07 0:29:43
"spoiled cucumber, spoiled banana, fresh tomato",29.6,73.5,0,1137,2026-04-07 0:30:13
"spoiled cucumber, spoiled banana, fresh tomato",29.6,73.5,0,1168,2026-04-07 0:30:44
"spoiled cucumber, spoiled banana, fresh tomato",29.7,73.6,0,1163,2026-04-07 0:31:14
"spoiled cucumber, spoiled banana, fresh tomato",29.7,73.6,15,1155,2026-04-07 0:31:45
"spoiled cucumber, spoiled banana, fresh tomato",29.7,73.6,0,1193,2026-04-07 0:32:15
"spoiled cucumber, spoiled banana, fresh tomato",29.8,73.5,0,1174,2026-04-07 0:32:46
"spoiled cucumber, spoiled banana, fresh tomato",29.8,73.4,0,1169,2026-04-07 0:33:16
"spoiled cucumber, spoiled banana, fresh tomato",29.8,73.4,0,1179,2026-04-07 0:33:46
"spoiled cucumber, spoiled banana, fresh tomato",29.8,73.4,25,1222,2026-04-07 0:34:17
"spoiled cucumber, spoiled banana, fresh tomato",29.8,73.6,0,1200,2026-04-07 0:34:47
"spoiled cucumber, spoiled banana, fresh tomato",29.8,73.5,0,1148,2026-04-07 0:35:17
"spoiled cucumber, spoiled banana, fresh tomato",29.9,73.5,0,1198,2026-04-07 0:35:48
"spoiled cucumber, spoiled banana, fresh tomato",29.9,73.5,0,1212,2026-04-07 0:36:18
"spoiled cucumber, spoiled banana, fresh tomato",29.9,73.5,16,1201,2026-04-07 0:36:48
"spoiled cucumber, spoiled banana, fresh tomato",29.9,73.3,0,1222,2026-04-07 0:37:19
"spoiled cucumber, spoiled banana, fresh tomato",29.9,73.5,0,1220,2026-04-07 0:37:49
"spoiled cucumber, spoiled banana, fresh tomato",30,73.5,10,1235,2026-04-07 0:38:19
"spoiled cucumber, spoiled banana, fresh tomato",30,73.5,0,1216,2026-04-07 0:38:50
"spoiled cucumber, spoiled banana, fresh tomato",30,73.5,1,1214,2026-04-07 0:39:20
"spoiled cucumber, spoiled banana, fresh tomato",30,73.5,0,1196,2026-04-07 0:39:51
"spoiled cucumber, spoiled banana, fresh tomato",30,73.5,0,1216,2026-04-07 0:40:21
"spoiled cucumber, spoiled banana, fresh tomato",30,73.5,0,1228,2026-04-07 0:40:57
"spoiled cucumber, spoiled banana, fresh tomato",30.1,74,0,1197,2026-04-07 0:41:27
"spoiled cucumber, spoiled banana, fresh tomato",30.1,73.9,0,1222,2026-04-07 0:41:57
"spoiled cucumber, spoiled banana, fresh tomato",30.1,73.8,0,1223,2026-04-07 0:42:28
"spoiled cucumber, spoiled banana, fresh tomato",30.1,73.8,0,1247,2026-04-07 0:42:58
"spoiled cucumber, spoiled banana, fresh tomato",30.2,73.9,0,1264,2026-04-07 0:43:28
"spoiled cucumber, spoiled banana, fresh tomato",30.2,73.9,0,1216,2026-04-07 0:43:59
"spoiled cucumber, spoiled banana, fresh tomato",30.2,73.8,21,1225,2026-04-07 0:44:29
"spoiled cucumber, spoiled banana, fresh tomato",30.2,74,0,1218,2026-04-07 0:44:59
"spoiled cucumber, spoiled banana, fresh tomato",30.2,74,0,1211,2026-04-07 0:45:30
"spoiled cucumber, spoiled banana, fresh tomato",30.3,73.9,21,1247,2026-04-07 0:46:00
"spoiled cucumber, spoiled banana, fresh tomato",30.3,73.8,0,1263,2026-04-07 0:46:31
"spoiled cucumber, spoiled banana, fresh tomato",30.3,74,0,1271,2026-04-07 0:47:01
"spoiled cucumber, spoiled banana, fresh tomato",30.3,74,15,1280,2026-04-07 0:47:31
"spoiled cucumber, spoiled banana, fresh tomato",30.3,73.9,0,1279,2026-04-07 0:48:02
"spoiled cucumber, spoiled banana, fresh tomato",30.3,73.9,14,1261,2026-04-07 0:48:32
"spoiled cucumber, spoiled banana, fresh tomato",30.4,73.8,0,1279,2026-04-07 0:49:03
"spoiled cucumber, spoiled banana, fresh tomato",30.4,73.9,0,1261,2026-04-07 0:49:38
"spoiled cucumber, spoiled banana, fresh tomato",30.4,73.9,0,1258,2026-04-07 0:50:09
"spoiled cucumber, spoiled banana, fresh tomato",30.4,73.9,0,1232,2026-04-07 0:50:39
"spoiled cucumber, spoiled banana, fresh tomato",30.4,73.9,0,1253,2026-04-07 0:51:09
"spoiled cucumber, spoiled banana, fresh tomato",30.5,74.1,0,1271,2026-04-07 0:51:40
"spoiled cucumber, spoiled banana, fresh tomato",30.5,73.9,20,1296,2026-04-07 0:52:10
"spoiled cucumber, spoiled banana, fresh tomato",30.5,73.9,9,1255,2026-04-07 0:52:40
"spoiled cucumber, spoiled banana, fresh tomato",30.5,73.9,0,1227,2026-04-07 0:53:11
"spoiled cucumber, spoiled banana, fresh tomato",30.6,74,0,1274,2026-04-07 0:53:41
"spoiled cucumber, spoiled banana, fresh tomato",30.5,74.1,0,1275,2026-04-07 0:54:11
"spoiled cucumber, spoiled banana, fresh tomato",30.6,74.1,5,1253,2026-04-07 0:54:42
"spoiled cucumber, spoiled banana, fresh tomato",30.6,74.1,11,1279,2026-04-07 0:55:12
"spoiled cucumber, spoiled banana, fresh tomato",30.6,74,0,1266,2026-04-07 0:55:42
"spoiled cucumber, spoiled banana, fresh tomato",30.6,73.9,4,1274,2026-04-07 0:56:13
"spoiled cucumber, spoiled banana, fresh tomato",30.7,74.1,0,1264,2026-04-07 0:56:43
"spoiled cucumber, spoiled banana, fresh tomato",30.7,73.9,0,1264,2026-04-07 0:57:14
"spoiled cucumber, spoiled banana, fresh tomato",30.7,74.1,0,1330,2026-04-07 0:57:44
"spoiled cucumber, spoiled banana, fresh tomato",30.7,74,9,1308,2026-04-07 0:58:15
"spoiled cucumber, spoiled banana, fresh tomato",30.7,74,0,1275,2026-04-07 0:58:46
"spoiled cucumber, spoiled banana, fresh tomato",30.8,74,15,1323,2026-04-07 0:59:16
"spoiled cucumber, spoiled banana, fresh tomato",30.8,74.1,1,1311,2026-04-07 0:59:46
"spoiled cucumber, spoiled banana, fresh tomato",30.8,74.1,0,1280,2026-04-07 1:00:17
"spoiled cucumber, spoiled banana, fresh tomato",30.8,74,4,1287,2026-04-07 1:00:47
"spoiled cucumber, spoiled banana, fresh tomato",30.8,74.1,0,1300,2026-04-07 1:01:17
"spoiled cucumber, spoiled banana, fresh tomato",30.8,74,0,1274,2026-04-07 1:01:48
"spoiled cucumber, spoiled banana, fresh tomato",30.8,74.1,16,1310,2026-04-07 1:02:18
"spoiled cucumber, spoiled banana, fresh tomato",30.8,74.1,0,1270,2026-04-07 1:02:48
"spoiled cucumber, spoiled banana, fresh tomato",30.9,74,0,1307,2026-04-07 1:03:19
"spoiled cucumber, spoiled banana, fresh tomato",30.9,74.1,20,1328,2026-04-07 1:03:49
"spoiled cucumber, spoiled banana, fresh tomato",30.9,74.1,0,1295,2026-04-07 1:04:19
"spoiled cucumber, spoiled banana, fresh tomato",30.9,74.2,16,1328,2026-04-07 1:04:50
"spoiled cucumber, spoiled banana, fresh tomato",30.9,74.2,14,1323,2026-04-07 1:05:20
"spoiled cucumber, spoiled banana, fresh tomato",30.9,74,18,1290,2026-04-07 1:05:50
"spoiled cucumber, spoiled banana, fresh tomato",30.9,74.2,12,1345,2026-04-07 1:06:21
"spoiled cucumber, spoiled banana, fresh tomato",30.9,74.1,0,1296,2026-04-07 1:06:51
"spoiled cucumber, spoiled banana, fresh tomato",30.9,74.1,0,1296,2026-04-07 1:07:22
"spoiled cucumber, spoiled banana, fresh tomato",30.9,74.3,3,1338,2026-04-07 1:07:52
"spoiled cucumber, spoiled banana, fresh tomato",31,74.2,0,1301,2026-04-07 1:08:22
"spoiled cucumber, spoiled banana, fresh tomato",31,74.2,0,1302,2026-04-07 1:08:53
"spoiled cucumber, spoiled banana, fresh tomato",31,74.2,0,1299,2026-04-07 1:09:23
"spoiled cucumber, spoiled banana, fresh tomato",31,74.3,32,1356,2026-04-07 1:09:53
"spoiled cucumber, spoiled banana, fresh tomato",31,74.2,0,1319,2026-04-07 1:10:24
"spoiled cucumber, spoiled banana, fresh tomato",31,74.4,0,1298,2026-04-07 1:10:54
"spoiled cucumber, spoiled banana, fresh tomato",31,74.3,13,1333,2026-04-07 1:11:25
"spoiled cucumber, spoiled banana, fresh tomato",31.1,74.2,0,1323,2026-04-07 1:11:55
"spoiled cucumber, spoiled banana, fresh tomato",31.1,74.2,0,1334,2026-04-07 1:12:25
"spoiled cucumber, spoiled banana, fresh tomato",31.1,74.4,0,1287,2026-04-07 1:12:56
"spoiled cucumber, spoiled banana, fresh tomato",31.1,74.3,16,1324,2026-04-07 1:13:26
"spoiled cucumber, spoiled banana, fresh tomato",31.1,74.4,5,1312,2026-04-07 1:13:56
"spoiled cucumber, spoiled banana, fresh tomato",31.1,74.4,3,1312,2026-04-07 1:14:27
"spoiled cucumber, spoiled banana, fresh tomato",31.1,74.4,2,1323,2026-04-07 1:14:57
"spoiled cucumber, spoiled banana, fresh tomato",31.1,74.4,9,1318,2026-04-07 1:15:27
"spoiled cucumber, spoiled banana, fresh tomato",31.2,74.4,0,1314,2026-04-07 1:15:58
"spoiled cucumber, spoiled banana, fresh tomato",31.2,74.4,25,1360,2026-04-07 1:16:28
"spoiled cucumber, spoiled banana, fresh tomato",31.2,74.4,0,1315,2026-04-07 1:16:58
"spoiled cucumber, spoiled banana, fresh tomato",31.2,74.4,0,1320,2026-04-07 1:17:29
"spoiled cucumber, spoiled banana, fresh tomato",31.2,74.5,5,1328,2026-04-07 1:17:59
"spoiled cucumber, spoiled banana, fresh tomato",31.2,74.5,6,1339,2026-04-07 1:18:30
"spoiled cucumber, spoiled banana, fresh tomato",31.2,74.4,29,1299,2026-04-07 1:19:00
"spoiled cucumber, spoiled banana, fresh tomato",31.2,74.4,0,1323,2026-04-07 1:19:30
"spoiled cucumber, spoiled banana, fresh tomato",31.2,74.5,29,1343,2026-04-07 1:20:01
"spoiled cucumber, spoiled banana, fresh tomato",31.3,74.4,6,1379,2026-04-07 1:20:31
"spoiled cucumber, spoiled banana, fresh tomato",31.3,74.5,7,1382,2026-04-07 1:21:02
"spoiled cucumber, spoiled banana, fresh tomato",31.3,74.4,16,1374,2026-04-07 1:21:32
"spoiled cucumber, spoiled banana, fresh tomato",31.3,74.6,8,1379,2026-04-07 1:22:02
"spoiled cucumber, spoiled banana, fresh tomato",31.3,74.5,0,1388,2026-04-07 1:22:33
"spoiled cucumber, spoiled banana, fresh tomato",31.3,74.6,0,1365,2026-04-07 1:23:03
"spoiled cucumber, spoiled banana, fresh tomato",31.3,74.6,29,1356,2026-04-07 1:23:34
"spoiled cucumber, spoiled banana, fresh tomato",31.3,74.5,0,1370,2026-04-07 1:24:05
"spoiled cucumber, spoiled banana, fresh tomato",31.3,74.5,0,1371,2026-04-07 1:24:35
"spoiled cucumber, spoiled banana, fresh tomato",31.3,74.6,0,1379,2026-04-07 1:25:06
"spoiled cucumber, spoiled banana, fresh tomato",31.3,74.6,31,1351,2026-04-07 1:25:36
"spoiled cucumber, spoiled banana, fresh tomato",31.3,74.7,20,1347,2026-04-07 1:26:07
"spoiled cucumber, spoiled banana, fresh tomato",31.4,74.6,0,1323,2026-04-07 1:26:37
"spoiled cucumber, spoiled banana, fresh tomato",31.4,74.7,0,1351,2026-04-07 1:27:08
"spoiled cucumber, spoiled banana, fresh tomato",31.4,74.6,7,1375,2026-04-07 1:27:39
"spoiled cucumber, spoiled banana, fresh tomato",31.4,74.6,0,1334,2026-04-07 1:28:09
"spoiled cucumber, spoiled banana, fresh tomato",31.4,74.8,15,1367,2026-04-07 1:28:40
"spoiled cucumber, spoiled banana, fresh tomato",31.4,74.7,0,1362,2026-04-07 1:29:11
"spoiled cucumber, spoiled banana, fresh tomato",31.4,74.7,27,1362,2026-04-07 1:29:41
"spoiled cucumber, spoiled banana, fresh tomato",31.4,74.7,0,1396,2026-04-07 1:30:11
"spoiled cucumber, spoiled banana, fresh tomato",31.4,74.6,0,1409,2026-04-07 1:30:42
"spoiled cucumber, spoiled banana, fresh tomato",31.4,74.8,4,1402,2026-04-07 1:31:12
"spoiled cucumber, spoiled banana, fresh tomato",31.5,74.8,22,1406,2026-04-07 1:31:42
"spoiled cucumber, spoiled banana, fresh tomato",31.5,74.7,9,1393,2026-04-07 1:32:13
"spoiled cucumber, spoiled banana, fresh tomato",31.5,74.8,0,1421,2026-04-07 1:32:43
"spoiled cucumber, spoiled banana, fresh tomato",31.5,74.7,34,1345,2026-04-07 1:33:14
"spoiled cucumber, spoiled banana, fresh tomato",31.5,74.8,16,1382,2026-04-07 1:33:45
"spoiled cucumber, spoiled banana, fresh tomato",31.5,74.8,16,1402,2026-04-07 1:34:15
"spoiled cucumber, spoiled banana, fresh tomato",31.5,74.9,0,1404,2026-04-07 1:34:45
"spoiled cucumber, spoiled banana, fresh tomato",31.5,74.8,41,1381,2026-04-07 1:35:15
"spoiled cucumber, spoiled banana, fresh tomato",31.5,75,0,1392,2026-04-07 1:35:46
"spoiled cucumber, spoiled banana, fresh tomato",31.5,74.9,0,1392,2026-04-07 1:36:17
"spoiled cucumber, spoiled banana, fresh tomato",31.5,74.8,16,1424,2026-04-07 1:36:47
"spoiled cucumber, spoiled banana, fresh tomato",31.5,74.9,3,1444,2026-04-07 1:37:18
"spoiled cucumber, spoiled banana, fresh tomato",31.6,75,0,1391,2026-04-07 1:37:48
"spoiled cucumber, spoiled banana, fresh tomato",31.6,74.9,17,1415,2026-04-07 1:38:18
"spoiled cucumber, spoiled banana, fresh tomato",31.6,75.1,1,1423,2026-04-07 1:38:49
"spoiled cucumber, spoiled banana, fresh tomato",31.6,74.9,25,1389,2026-04-07 1:39:19
"spoiled cucumber, spoiled banana, fresh tomato",31.6,74.9,18,1392,2026-04-07 1:39:49
"spoiled cucumber, spoiled banana, fresh tomato",31.6,75.1,16,1392,2026-04-07 1:40:21
"spoiled cucumber, spoiled banana, fresh tomato",31.6,75,0,1440,2026-04-07 1:40:51
"spoiled cucumber, spoiled banana, fresh tomato",31.6,74.9,0,1392,2026-04-07 1:41:21
"spoiled cucumber, spoiled banana, fresh tomato",31.6,75,0,1414,2026-04-07 1:41:52
"spoiled cucumber, spoiled banana, fresh tomato",31.6,75,0,1390,2026-04-07 1:42:22
"spoiled cucumber, spoiled banana, fresh tomato",31.6,75,0,1399,2026-04-07 1:42:52
"spoiled cucumber, spoiled banana, fresh tomato",31.6,75.1,13,1382,2026-04-07 1:43:23
"spoiled cucumber, spoiled banana, fresh tomato",31.7,75,0,1399,2026-04-07 1:43:53
"spoiled cucumber, spoiled banana, fresh tomato",31.6,75.2,29,1410,2026-04-07 1:44:24
"spoiled cucumber, spoiled banana, fresh tomato",31.7,75.1,0,1426,2026-04-07 1:44:55
"spoiled cucumber, spoiled banana, fresh tomato",31.7,75.1,0,1387,2026-04-07 1:45:25
"spoiled cucumber, spoiled banana, fresh tomato",31.7,75.2,19,1408,2026-04-07 1:45:55
"spoiled cucumber, spoiled banana, fresh tomato",31.7,75.1,22,1458,2026-04-07 1:46:26
"spoiled cucumber, spoiled banana, fresh tomato",31.7,75.2,21,1419,2026-04-07 1:46:56
"spoiled cucumber, spoiled banana, fresh tomato",31.8,75.1,30,1429,2026-04-07 1:47:26
"spoiled cucumber, spoiled banana, fresh tomato",31.8,75.3,0,1453,2026-04-07 1:47:57
"spoiled cucumber, spoiled banana, fresh tomato",31.7,75.2,36,1445,2026-04-07 1:48:28
"spoiled cucumber, spoiled banana, fresh tomato",31.7,75.3,0,1450,2026-04-07 1:48:59
"spoiled cucumber, spoiled banana, fresh tomato",31.8,75.2,0,1422,2026-04-07 1:49:29
"spoiled cucumber, spoiled banana, fresh tomato",31.7,75.2,21,1444,2026-04-07 1:49:59
"spoiled cucumber, spoiled banana, fresh tomato",31.7,75.2,0,1417,2026-04-07 1:50:30
"spoiled cucumber, spoiled banana, fresh tomato",31.8,75.2,0,1467,2026-04-07 1:51:00
"spoiled cucumber, spoiled banana, fresh tomato",31.8,75.3,31,1424,2026-04-07 1:51:30
"spoiled cucumber, spoiled banana, fresh tomato",31.8,75.3,17,1421,2026-04-07 1:52:01
"spoiled cucumber, spoiled banana, fresh tomato",31.8,75.1,7,1440,2026-04-07 1:52:31
"spoiled cucumber, spoiled banana, fresh tomato",31.8,75.3,13,1453,2026-04-07 1:53:02
"spoiled cucumber, spoiled banana, fresh tomato",31.8,75.3,0,1459,2026-04-07 1:53:32
"spoiled cucumber, spoiled banana, fresh tomato",31.8,75.3,0,1438,2026-04-07 1:54:03
"spoiled cucumber, spoiled banana, fresh tomato",31.9,75.3,0,1452,2026-04-07 1:54:33
"spoiled cucumber, spoiled banana, fresh tomato",31.9,75.4,0,1435,2026-04-07 1:55:03
"spoiled cucumber, spoiled banana, fresh tomato",31.9,75.3,0,1469,2026-04-07 1:55:35
"spoiled cucumber, spoiled banana, fresh tomato",31.9,75.4,3,1463,2026-04-07 1:56:05
"spoiled cucumber, spoiled banana, fresh tomato",31.9,75.4,3,1440,2026-04-07 1:56:35
"spoiled cucumber, spoiled banana, fresh tomato",31.9,75.4,0,1458,2026-04-07 1:57:06
"spoiled cucumber, spoiled banana, fresh tomato",31.9,75.3,1,1430,2026-04-07 1:57:36
"spoiled cucumber, spoiled banana, fresh tomato",31.9,75.5,18,1487,2026-04-07 1:58:07
"spoiled cucumber, spoiled banana, fresh tomato",31.9,75.5,7,1424,2026-04-07 1:58:37
"spoiled cucumber, spoiled banana, fresh tomato",31.9,75.4,0,1435,2026-04-07 1:59:08
"spoiled cucumber, spoiled banana, fresh tomato",31.9,75.5,10,1440,2026-04-07 1:59:38
"spoiled cucumber, spoiled banana, fresh tomato",31.9,75.4,0,1473,2026-04-07 2:00:09
"spoiled cucumber, spoiled banana, fresh tomato",31.9,75.7,0,1455,2026-04-07 2:00:39
"spoiled cucumber, spoiled banana, fresh tomato",31.9,75.5,13,1474,2026-04-07 2:01:09
"spoiled cucumber, spoiled banana, fresh tomato",31.9,75.6,5,1477,2026-04-07 2:01:40
"spoiled cucumber, spoiled banana, fresh tomato",31.9,75.6,0,1425,2026-04-07 2:02:10
"spoiled cucumber, spoiled banana, fresh tomato",32,75.5,38,1477,2026-04-07 2:02:40
"spoiled cucumber, spoiled banana, fresh tomato",31.9,75.5,0,1437,2026-04-07 2:03:11
"spoiled cucumber, spoiled banana, fresh tomato",32,75.5,0,1489,2026-04-07 2:03:41
"spoiled cucumber, spoiled banana, fresh tomato",32,75.6,37,1456,2026-04-07 2:04:12
"spoiled cucumber, spoiled banana, fresh tomato",32,75.6,0,1509,2026-04-07 2:04:42
"spoiled cucumber, spoiled banana, fresh tomato",32,75.6,3,1462,2026-04-07 2:05:12
"spoiled cucumber, spoiled banana, fresh tomato",32,75.6,10,1460,2026-04-07 2:05:43
"spoiled cucumber, spoiled banana, fresh tomato",32,75.7,0,1505,2026-04-07 2:06:13
"spoiled cucumber, spoiled banana, fresh tomato",32,75.7,1,1507,2026-04-07 2:06:44
"spoiled cucumber, spoiled banana, fresh tomato",32,75.6,11,1449,2026-04-07 2:07:14
"spoiled cucumber, spoiled banana, fresh tomato",32,75.5,0,1501,2026-04-07 2:07:45
"spoiled cucumber, spoiled banana, fresh tomato",32.1,75.7,0,1518,2026-04-07 2:08:15
"spoiled cucumber, spoiled banana, fresh tomato",32,75.7,26,1475,2026-04-07 2:08:46
"spoiled cucumber, spoiled banana, fresh tomato",32,75.8,34,1514,2026-04-07 2:09:16
"spoiled cucumber, spoiled banana, fresh tomato",32,75.8,0,1463,2026-04-07 2:09:46
"spoiled cucumber, spoiled banana, fresh tomato",32.1,75.9,0,1491,2026-04-07 2:10:17
"spoiled cucumber, spoiled banana, fresh tomato",32.1,75.9,24,1499,2026-04-07 2:10:47
"spoiled cucumber, spoiled banana, fresh tomato",32.1,75.7,17,1478,2026-04-07 2:11:18
"spoiled cucumber, spoiled banana, fresh tomato",32.1,75.8,5,1518,2026-04-07 2:11:48
"spoiled cucumber, spoiled banana, fresh tomato",32.1,75.8,11,1488,2026-04-07 2:12:18
"spoiled cucumber, spoiled banana, fresh tomato",32.1,75.8,0,1478,2026-04-07 2:12:49
"spoiled cucumber, spoiled banana, fresh tomato",32.1,76,13,1517,2026-04-07 2:13:19
"spoiled cucumber, spoiled banana, fresh tomato",32.1,75.8,0,1470,2026-04-07 2:13:49
"spoiled cucumber, spoiled banana, fresh tomato",32.1,75.8,7,1491,2026-04-07 2:14:20
"spoiled cucumber, spoiled banana, fresh tomato",32.1,75.8,0,1535,2026-04-07 2:14:51
"spoiled cucumber, spoiled banana, fresh tomato",32.1,75.9,0,1533,2026-04-07 2:15:21
"spoiled cucumber, spoiled banana, fresh tomato",32.1,75.8,20,1534,2026-04-07 2:15:51
"spoiled cucumber, spoiled banana, fresh tomato",32.1,75.9,0,1517,2026-04-07 2:16:22
"spoiled cucumber, spoiled banana, fresh tomato",32.1,75.9,0,1490,2026-04-07 2:16:52
"spoiled cucumber, spoiled banana, fresh tomato",32.1,75.9,10,1499,2026-04-07 2:17:23
"spoiled cucumber, spoiled banana, fresh tomato",32.2,76,0,1525,2026-04-07 2:17:53
"spoiled cucumber, spoiled banana, fresh tomato",32.2,75.9,16,1522,2026-04-07 2:18:23
"spoiled cucumber, spoiled banana, fresh tomato",32.2,76,0,1532,2026-04-07 2:18:54
"spoiled cucumber, spoiled banana, fresh tomato",32.2,76,37,1505,2026-04-07 2:19:24
"spoiled cucumber, spoiled banana, fresh tomato",32.2,76.1,35,1535,2026-04-07 2:19:55
"spoiled cucumber, spoiled banana, fresh tomato",32.2,76.1,0,1501,2026-04-07 2:20:25
"spoiled cucumber, spoiled banana, fresh tomato",32.2,76.2,0,1562,2026-04-07 2:20:55
"spoiled cucumber, spoiled banana, fresh tomato",32.2,75.8,0,1494,2026-04-07 2:21:26
"spoiled cucumber, spoiled banana, fresh tomato",32.2,76,43,1515,2026-04-07 2:21:56
"spoiled cucumber, spoiled banana, fresh tomato",32.2,76.2,16,1499,2026-04-07 2:22:26
"spoiled cucumber, spoiled banana, fresh tomato",32.2,76.1,37,1535,2026-04-07 2:22:57
"spoiled cucumber, spoiled banana, fresh tomato",32.2,76,14,1517,2026-04-07 2:23:27
"spoiled cucumber, spoiled banana, fresh tomato",32.2,76.1,45,1533,2026-04-07 2:23:57
"spoiled cucumber, spoiled banana, fresh tomato",32.2,76.1,0,1520,2026-04-07 2:24:28
"spoiled cucumber, spoiled banana, fresh tomato",32.2,76,0,1535,2026-04-07 2:24:58
"spoiled cucumber, spoiled banana, fresh tomato",32.2,76.1,1,1494,2026-04-07 2:25:29
"spoiled cucumber, spoiled banana, fresh tomato",32.3,76.1,0,1535,2026-04-07 2:26:00
"spoiled cucumber, spoiled banana, fresh tomato",32.3,76.2,32,1518,2026-04-07 2:26:30
"spoiled cucumber, spoiled banana, fresh tomato",32.2,76.1,16,1533,2026-04-07 2:27:01
"spoiled cucumber, spoiled banana, fresh tomato",32.3,76.2,0,1501,2026-04-07 2:27:31
"spoiled cucumber, spoiled banana, fresh tomato",32.3,76.2,20,1581,2026-04-07 2:28:02
"spoiled cucumber, spoiled banana, fresh tomato",32.3,76.3,0,1566,2026-04-07 2:28:32
"spoiled cucumber, spoiled banana, fresh tomato",32.3,76.4,29,1564,2026-04-07 2:29:02
"spoiled cucumber, spoiled banana, fresh tomato",32.3,76.3,33,1510,2026-04-07 2:29:33
"spoiled cucumber, spoiled banana, fresh tomato",32.3,76.2,0,1521,2026-04-07 2:30:03
"spoiled cucumber, spoiled banana, fresh tomato",32.3,76.2,16,1579,2026-04-07 2:30:34
"spoiled cucumber, spoiled banana, fresh tomato",32.3,76.2,34,1535,2026-04-07 2:31:04
"spoiled cucumber, spoiled banana, fresh tomato",32.3,76.2,0,1574,2026-04-07 2:31:34
"spoiled cucumber, spoiled banana, fresh tomato",32.3,76.3,0,1529,2026-04-07 2:32:05
"spoiled cucumber, spoiled banana, fresh tomato",32.3,76.3,0,1562,2026-04-07 2:32:35
"spoiled cucumber, spoiled banana, fresh tomato",32.3,76.4,9,1584,2026-04-07 2:33:06
"spoiled cucumber, spoiled banana, fresh tomato",32.4,76.1,12,1535,2026-04-07 2:33:38
"spoiled cucumber, spoiled banana, fresh tomato",32.4,76.3,29,1557,2026-04-07 2:34:08
"spoiled cucumber, spoiled banana, fresh tomato",32.4,76.4,25,1594,2026-04-07 2:34:38
"spoiled cucumber, spoiled banana, fresh tomato",32.4,76.4,0,1555,2026-04-07 2:35:09
"spoiled cucumber, spoiled banana, fresh tomato",32.4,76.4,0,1535,2026-04-07 2:35:39
"spoiled cucumber, spoiled banana, fresh tomato",32.4,76.4,0,1535,2026-04-07 2:36:09
"spoiled cucumber, spoiled banana, fresh tomato",32.4,76.4,0,1597,2026-04-07 2:36:40
"spoiled cucumber, spoiled banana, fresh tomato",32.4,76.4,1,1570,2026-04-07 2:37:10
"spoiled cucumber, spoiled banana, fresh tomato",32.4,76.5,16,1559,2026-04-07 2:37:41
"spoiled cucumber, spoiled banana, fresh tomato",32.4,76.5,37,1535,2026-04-07 2:38:11
"spoiled cucumber, spoiled banana, fresh tomato",32.4,76.6,0,1569,2026-04-07 2:38:42
"spoiled cucumber, spoiled banana, fresh tomato",32.4,76.6,0,1535,2026-04-07 2:39:12
"spoiled cucumber, spoiled banana, fresh tomato",32.4,76.6,30,1583,2026-04-07 2:39:42
"spoiled cucumber, spoiled banana, fresh tomato",32.5,76.6,16,1603,2026-04-07 2:40:13
"spoiled cucumber, spoiled banana, fresh tomato",32.4,76.6,2,1598,2026-04-07 2:40:43
"spoiled cucumber, spoiled banana, fresh tomato",32.5,76.5,7,1582,2026-04-07 2:41:14
"spoiled cucumber, spoiled banana, fresh tomato",32.4,76.6,16,1577,2026-04-07 2:41:44
"spoiled cucumber, spoiled banana, fresh tomato",32.5,76.7,0,1614,2026-04-07 2:42:15
"spoiled cucumber, spoiled banana, fresh tomato",32.4,76.5,26,1614,2026-04-07 2:42:45
"spoiled cucumber, spoiled banana, fresh tomato",32.5,76.8,0,1617,2026-04-07 2:43:15
"spoiled cucumber, spoiled banana, fresh tomato",32.5,76.6,22,1568,2026-04-07 2:43:46
"spoiled cucumber, spoiled banana, fresh tomato",32.5,76.4,0,1586,2026-04-07 2:44:16
"spoiled cucumber, spoiled banana, fresh tomato",32.5,76.7,0,1614,2026-04-07 2:44:47
"spoiled cucumber, spoiled banana, fresh tomato",32.5,76.7,16,1579,2026-04-07 2:45:17
"spoiled cucumber, spoiled banana, fresh tomato",32.5,76.7,31,1602,2026-04-07 2:45:47
"spoiled cucumber, spoiled banana, fresh tomato",32.5,76.8,0,1610,2026-04-07 2:46:18
"spoiled cucumber, spoiled banana, fresh tomato",32.5,76.8,27,1616,2026-04-07 2:46:48
"spoiled cucumber, spoiled banana, fresh tomato",32.5,76.7,0,1579,2026-04-07 2:47:19
"spoiled cucumber, spoiled banana, fresh tomato",32.5,76.6,0,1535,2026-04-07 2:47:49
"spoiled cucumber, spoiled banana, fresh tomato",32.5,76.7,0,1622,2026-04-07 2:48:19
"spoiled cucumber, spoiled banana, fresh tomato",32.5,76.9,0,1617,2026-04-07 2:48:50
"spoiled cucumber, spoiled banana, fresh tomato",32.5,76.8,0,1577,2026-04-07 2:49:20
"spoiled cucumber, spoiled banana, fresh tomato",32.5,76.7,1,1611,2026-04-07 2:49:51
"spoiled cucumber, spoiled banana, fresh tomato",32.6,76.9,0,1584,2026-04-07 2:50:22
"spoiled cucumber, spoiled banana, fresh tomato",32.5,76.8,0,1571,2026-04-07 2:50:52
"spoiled cucumber, spoiled banana, fresh tomato",32.5,76.9,0,1593,2026-04-07 2:51:23
"spoiled cucumber, spoiled banana, fresh tomato",32.6,76.9,2,1615,2026-04-07 2:51:53
"spoiled cucumber, spoiled banana, fresh tomato",32.6,77,1,1580,2026-04-07 2:52:24
"spoiled cucumber, spoiled banana, fresh tomato",32.5,77,9,1574,2026-04-07 2:52:54
"spoiled cucumber, spoiled banana, fresh tomato",32.6,76.9,0,1584,2026-04-07 2:53:25
"spoiled cucumber, spoiled banana, fresh tomato",32.6,76.8,0,1595,2026-04-07 2:53:55
"spoiled cucumber, spoiled banana, fresh tomato",32.6,76.8,0,1621,2026-04-07 2:54:25
"spoiled cucumber, spoiled banana, fresh tomato",32.6,76.7,16,1616,2026-04-07 2:54:56
"spoiled cucumber, spoiled banana, fresh tomato",32.6,76.9,15,1578,2026-04-07 2:55:26
"spoiled cucumber, spoiled banana, fresh tomato",32.6,77,16,1625,2026-04-07 2:55:57
"spoiled cucumber, spoiled banana, fresh tomato",32.6,76.9,8,1586,2026-04-07 2:56:27
"spoiled cucumber, spoiled banana, fresh tomato",32.6,76.9,22,1643,2026-04-07 2:56:57
"spoiled cucumber, spoiled banana, fresh tomato",32.6,76.9,9,1616,2026-04-07 2:57:28
"spoiled cucumber, spoiled banana, fresh tomato",32.6,77,22,1648,2026-04-07 2:57:58
"spoiled cucumber, spoiled banana, fresh tomato",32.6,76.7,0,1635,2026-04-07 2:58:29
"spoiled cucumber, spoiled banana, fresh tomato",32.6,77,33,1644,2026-04-07 2:58:59
"spoiled cucumber, spoiled banana, fresh tomato",32.6,77,22,1642,2026-04-07 2:59:30
"spoiled cucumber, spoiled banana, fresh tomato",32.6,77,0,1624,2026-04-07 3:00:00
"spoiled cucumber, spoiled banana, fresh tomato",32.6,77,0,1591,2026-04-07 3:00:31
"spoiled cucumber, spoiled banana, fresh tomato",32.7,77,0,1606,2026-04-07 3:01:01
"spoiled cucumber, spoiled banana, fresh tomato",32.6,77,18,1648,2026-04-07 3:01:31
"spoiled cucumber, spoiled banana, fresh tomato",32.7,77.1,20,1647,2026-04-07 3:02:02
"spoiled cucumber, spoiled banana, fresh tomato",32.7,77.3,16,1591,2026-04-07 3:02:32
"spoiled cucumber, spoiled banana, fresh tomato",32.7,77.4,0,1607,2026-04-07 3:03:03
"spoiled cucumber, spoiled banana, fresh tomato",32.7,77.1,16,1601,2026-04-07 3:03:33
"spoiled cucumber, spoiled banana, fresh tomato",32.6,77.3,0,1595,2026-04-07 3:04:03
"spoiled cucumber, spoiled banana, fresh tomato",32.7,77,4,1616,2026-04-07 3:04:34
"spoiled cucumber, spoiled banana, fresh tomato",32.7,77,17,1619,2026-04-07 3:05:04
"spoiled cucumber, spoiled banana, fresh tomato",32.7,77,0,1600,2026-04-07 3:05:35
"spoiled cucumber, spoiled banana, fresh tomato",32.7,76.9,16,1622,2026-04-07 3:06:05
"spoiled cucumber, spoiled banana, fresh tomato",32.7,76.9,0,1599,2026-04-07 3:06:36
"spoiled cucumber, spoiled banana, fresh tomato",29.6,93.5,6,2399,2026-04-09 6:50:03
"spoiled cucumber, spoiled banana, fresh tomato",29.7,94.2,0,2103,2026-04-09 6:50:29
"spoiled cucumber, spoiled banana, fresh tomato",29.7,94.2,0,2022,2026-04-09 6:50:34
"spoiled cucumber, spoiled banana, fresh tomato",29.8,94.6,5,1831,2026-04-09 6:50:59
"spoiled cucumber, spoiled banana, fresh tomato",29.8,94.6,0,1770,2026-04-09 6:51:05
"spoiled cucumber, spoiled banana, fresh tomato",29.9,94.6,0,1648,2026-04-09 6:51:30
"spoiled cucumber, spoiled banana, fresh tomato",29.9,94.5,0,1631,2026-04-09 6:51:35
"spoiled cucumber, spoiled banana, fresh tomato",29.9,94.6,16,1535,2026-04-09 6:52:00
"spoiled cucumber, spoiled banana, fresh tomato",30,94.6,0,1567,2026-04-09 6:52:05
"spoiled cucumber, spoiled banana, fresh tomato",30,88.6,0,1328,2026-04-09 6:52:31
"spoiled cucumber, spoiled banana, fresh tomato",30,90.2,0,1296,2026-04-09 6:52:36
"spoiled cucumber, spoiled banana, fresh tomato",30.1,93,0,1323,2026-04-09 6:53:02
"spoiled cucumber, spoiled banana, fresh tomato",30.2,93.3,0,1291,2026-04-09 6:53:07
"spoiled cucumber, spoiled banana, fresh tomato",30.3,94,0,1347,2026-04-09 6:53:33
"spoiled cucumber, spoiled banana, fresh tomato",30.2,94,0,1356,2026-04-09 6:53:38
"spoiled cucumber, spoiled banana, fresh tomato",30.4,94,6,1349,2026-04-09 6:54:04
"spoiled cucumber, spoiled banana, fresh tomato",30.4,94.2,12,1340,2026-04-09 6:54:10
"spoiled cucumber, spoiled banana, fresh tomato",30.5,94.2,0,1344,2026-04-09 6:54:34
"spoiled cucumber, spoiled banana, fresh tomato",30.5,94,2,1346,2026-04-09 6:54:42
"spoiled cucumber, spoiled banana, fresh tomato",30.6,93.9,0,1355,2026-04-09 6:55:07
"spoiled cucumber, spoiled banana, fresh tomato",30.6,93.9,0,1388,2026-04-09 6:55:14
"spoiled cucumber, spoiled banana, fresh tomato",30.8,93.7,2,1385,2026-04-09 6:55:41
"spoiled cucumber, spoiled banana, fresh tomato",30.7,93.7,0,1373,2026-04-09 6:55:45
"spoiled cucumber, spoiled banana, fresh tomato",30.8,93.5,0,1376,2026-04-09 6:56:13
"spoiled cucumber, spoiled banana, fresh tomato",30.8,93.5,0,1377,2026-04-09 6:56:17
"spoiled cucumber, spoiled banana, fresh tomato",30.9,93.4,0,1367,2026-04-09 6:56:44
"spoiled cucumber, spoiled banana, fresh tomato",30.9,93.3,0,1390,2026-04-09 6:56:47
"spoiled cucumber, spoiled banana, fresh tomato",30.9,93.2,5,1407,2026-04-09 6:57:14
"spoiled cucumber, spoiled banana, fresh tomato",31,93.1,0,1419,2026-04-09 6:57:18
"spoiled cucumber, spoiled banana, fresh tomato",31,92.8,0,1425,2026-04-09 6:57:45
"spoiled cucumber, spoiled banana, fresh tomato",31,93,0,1386,2026-04-09 6:57:48
"spoiled cucumber, spoiled banana, fresh tomato",31.1,92.7,0,1414,2026-04-09 6:58:16
"spoiled cucumber, spoiled banana, fresh tomato",31.1,92.7,0,1442,2026-04-09 6:58:19
"spoiled cucumber, spoiled banana, fresh tomato",31.2,92.5,0,1422,2026-04-09 6:58:46
"spoiled cucumber, spoiled banana, fresh tomato",31.2,92.5,10,1452,2026-04-09 6:58:49
"spoiled cucumber, spoiled banana, fresh tomato",31.2,92.1,0,1439,2026-04-09 6:59:17
"spoiled cucumber, spoiled banana, fresh tomato",31.2,92.2,0,1468,2026-04-09 6:59:19
"spoiled cucumber, spoiled banana, fresh tomato",31.3,92,0,1456,2026-04-09 6:59:47
"spoiled cucumber, spoiled banana, fresh tomato",31.3,92,0,1457,2026-04-09 6:59:50
"spoiled cucumber, spoiled banana, fresh tomato",31.3,91.9,0,1474,2026-04-09 7:00:17
"spoiled cucumber, spoiled banana, fresh tomato",31.3,91.8,0,1458,2026-04-09 7:00:20
"spoiled cucumber, spoiled banana, fresh tomato",31.4,91.7,1,1484,2026-04-09 7:00:48
"spoiled cucumber, spoiled banana, fresh tomato",31.4,91.8,0,1486,2026-04-09 7:00:51
"spoiled cucumber, spoiled banana, fresh tomato",31.4,81.8,0,1150,2026-04-09 7:01:21
"spoiled cucumber, spoiled banana, fresh tomato",31.4,81.8,0,1064,2026-04-09 7:01:23
"spoiled cucumber, spoiled banana, fresh tomato",31.4,86.8,0,1009,2026-04-09 7:01:52
"spoiled cucumber, spoiled banana, fresh tomato",31.4,86.9,0,1042,2026-04-09 7:01:53
"spoiled cucumber, spoiled banana, fresh tomato",31.4,88.4,0,1091,2026-04-09 7:02:22
"spoiled cucumber, spoiled banana, fresh tomato",31.4,88.4,0,1060,2026-04-09 7:02:24
"spoiled cucumber, spoiled banana, fresh tomato",31.4,89.4,0,1081,2026-04-09 7:02:53
"spoiled cucumber, spoiled banana, fresh tomato",31.4,89.2,0,1101,2026-04-09 7:02:55
"spoiled cucumber, spoiled banana, fresh tomato",31.5,89.7,0,1136,2026-04-09 7:03:24
"spoiled cucumber, spoiled banana, fresh tomato",31.5,89.6,0,1131,2026-04-09 7:03:26
"spoiled cucumber, spoiled banana, fresh tomato",31.4,89.7,0,1168,2026-04-09 7:03:54
"spoiled cucumber, spoiled banana, fresh tomato",31.4,89.7,0,1169,2026-04-09 7:03:56
"spoiled cucumber, spoiled banana, fresh tomato",31.5,89.8,1,1138,2026-04-09 7:04:32
"spoiled cucumber, spoiled banana, fresh tomato",31.5,89.8,0,1173,2026-04-09 7:04:33
"spoiled cucumber, spoiled banana, fresh tomato",31.5,89.7,0,1187,2026-04-09 7:05:09
"spoiled cucumber, spoiled banana, fresh tomato",31.5,89.7,0,1168,2026-04-09 7:05:09
"spoiled cucumber, spoiled banana, fresh tomato",31.5,89.4,0,1235,2026-04-09 7:05:44
"spoiled cucumber, spoiled banana, fresh tomato",31.5,89.4,0,1243,2026-04-09 7:05:44
"spoiled cucumber, spoiled banana, fresh tomato",31.6,89.5,0,1218,2026-04-09 7:06:15
"spoiled cucumber, spoiled banana, fresh tomato",31.6,89.5,0,1225,2026-04-09 7:06:15
"spoiled cucumber, spoiled banana, fresh tomato",31.6,89.3,0,1233,2026-04-09 7:06:45
"spoiled cucumber, spoiled banana, fresh tomato",31.6,89.3,0,1237,2026-04-09 7:06:45
"spoiled cucumber, spoiled banana, fresh tomato",31.6,89.5,0,1200,2026-04-09 7:07:16
"spoiled cucumber, spoiled banana, fresh tomato",31.6,89.5,3,1191,2026-04-09 7:07:16
"spoiled cucumber, spoiled banana, fresh tomato",31.7,89.4,0,1195,2026-04-09 7:07:46
"spoiled cucumber, spoiled banana, fresh tomato",31.7,89.4,0,1193,2026-04-09 7:07:46
"spoiled cucumber, spoiled banana, fresh tomato",31.7,89.1,4,1228,2026-04-09 7:08:18
"spoiled cucumber, spoiled banana, fresh tomato",31.7,89.1,0,1186,2026-04-09 7:08:18
"spoiled cucumber, spoiled banana, fresh tomato",31.7,88.8,0,1232,2026-04-09 7:08:49
"spoiled cucumber, spoiled banana, fresh tomato",31.7,88.8,0,1210,2026-04-09 7:08:49
"spoiled cucumber, spoiled banana, fresh tomato",31.7,89,0,1241,2026-04-09 7:09:20
"spoiled cucumber, spoiled banana, fresh tomato",31.7,89,0,1225,2026-04-09 7:09:20
"spoiled cucumber, spoiled banana, fresh tomato",31.8,89.1,0,1199,2026-04-09 7:09:50
"spoiled cucumber, spoiled banana, fresh tomato",31.8,89.1,0,1191,2026-04-09 7:09:51
"spoiled cucumber, spoiled banana, fresh tomato",31.8,88.8,0,1293,2026-04-09 7:10:21
"spoiled cucumber, spoiled banana, fresh tomato",31.8,88.8,0,1271,2026-04-09 7:10:21
"spoiled cucumber, spoiled banana, fresh tomato",31.8,88.8,0,1289,2026-04-09 7:10:52
"spoiled cucumber, spoiled banana, fresh tomato",31.8,88.8,0,1249,2026-04-09 7:10:52
"spoiled cucumber, spoiled banana, fresh tomato",31.8,88.5,0,1285,2026-04-09 7:11:22
"spoiled cucumber, spoiled banana, fresh tomato",31.8,88.5,0,1268,2026-04-09 7:11:22
"spoiled cucumber, spoiled banana, fresh tomato",31.9,88.6,0,1258,2026-04-09 7:11:53
"spoiled cucumber, spoiled banana, fresh tomato",31.9,88.6,0,1280,2026-04-09 7:11:53
"spoiled cucumber, spoiled banana, fresh tomato",31.8,88.8,0,1232,2026-04-09 7:12:23
"spoiled cucumber, spoiled banana, fresh tomato",31.8,88.8,0,1264,2026-04-09 7:12:23
"spoiled cucumber, spoiled banana, fresh tomato",31.9,88.5,0,1246,2026-04-09 7:12:54
"spoiled cucumber, spoiled banana, fresh tomato",31.9,88.5,0,1229,2026-04-09 7:12:54
"spoiled cucumber, spoiled banana, fresh tomato",31.9,88.6,0,1253,2026-04-09 7:13:24
"spoiled cucumber, spoiled banana, fresh tomato",31.9,88.6,0,1278,2026-04-09 7:13:24
"spoiled cucumber, spoiled banana, fresh tomato",31.9,88.7,0,1282,2026-04-09 7:13:55
"spoiled cucumber, spoiled banana, fresh tomato",31.9,88.7,0,1264,2026-04-09 7:13:55
"spoiled cucumber, spoiled banana, fresh tomato",31.9,88.7,0,1264,2026-04-09 7:14:26
"spoiled cucumber, spoiled banana, fresh tomato",31.9,88.7,0,1264,2026-04-09 7:14:26
"spoiled cucumber, spoiled banana, fresh tomato",31.9,88.4,0,1296,2026-04-09 7:14:57
"spoiled cucumber, spoiled banana, fresh tomato",31.9,88.4,0,1283,2026-04-09 7:14:57
"spoiled cucumber, spoiled banana, fresh tomato",32,89.4,0,1243,2026-04-09 7:15:28
"spoiled cucumber, spoiled banana, fresh tomato",32,89.4,0,1269,2026-04-09 7:15:28
"spoiled cucumber, spoiled banana, fresh tomato",32,89.4,0,1343,2026-04-09 7:15:58
"spoiled cucumber, spoiled banana, fresh tomato",32,89.4,0,1341,2026-04-09 7:15:58
"spoiled cucumber, spoiled banana, fresh tomato",32.1,89.6,0,1344,2026-04-09 7:16:29
"spoiled cucumber, spoiled banana, fresh tomato",32.1,89.6,0,1328,2026-04-09 7:16:29
"spoiled cucumber, spoiled banana, fresh tomato",32.1,89.5,0,1358,2026-04-09 7:16:59
"spoiled cucumber, spoiled banana, fresh tomato",32.1,89.5,0,1408,2026-04-09 7:16:59
"spoiled cucumber, spoiled banana, fresh tomato",32.1,89.5,0,1424,2026-04-09 7:17:30
"spoiled cucumber, spoiled banana, fresh tomato",32.2,89.3,0,1408,2026-04-09 7:17:30
"spoiled cucumber, spoiled banana, fresh tomato",32.2,89.5,0,1431,2026-04-09 7:18:00
"spoiled cucumber, spoiled banana, fresh tomato",32.2,89.5,11,1425,2026-04-09 7:18:00
"spoiled cucumber, spoiled banana, fresh tomato",32.2,89.3,0,1441,2026-04-09 7:18:31
"spoiled cucumber, spoiled banana, fresh tomato",32.2,89.3,0,1403,2026-04-09 7:18:32
"spoiled cucumber, spoiled banana, fresh tomato",32.2,89,13,1477,2026-04-09 7:19:02
"spoiled cucumber, spoiled banana, fresh tomato",32.2,89,11,1474,2026-04-09 7:19:02
"spoiled cucumber, spoiled banana, fresh tomato",32.3,89,0,1457,2026-04-09 7:19:33
"spoiled cucumber, spoiled banana, fresh tomato",32.3,89,9,1455,2026-04-09 7:19:33
"spoiled cucumber, spoiled banana, fresh tomato",32.3,88.9,18,1462,2026-04-09 7:20:03
"spoiled cucumber, spoiled banana, fresh tomato",32.3,88.9,5,1467,2026-04-09 7:20:03
"spoiled cucumber, spoiled banana, fresh tomato",32.3,88.9,0,1477,2026-04-09 7:20:33
"spoiled cucumber, spoiled banana, fresh tomato",32.3,88.9,6,1475,2026-04-09 7:20:33
"spoiled cucumber, spoiled banana, fresh tomato",32.4,89,14,1525,2026-04-09 7:21:04
"spoiled cucumber, spoiled banana, fresh tomato",32.4,89,0,1488,2026-04-09 7:21:04
"spoiled cucumber, spoiled banana, fresh tomato",32.4,88.9,0,1503,2026-04-09 7:21:34
"spoiled cucumber, spoiled banana, fresh tomato",32.4,88.9,16,1487,2026-04-09 7:21:34
"spoiled cucumber, spoiled banana, fresh tomato",32.4,88.8,0,1528,2026-04-09 7:22:05
"spoiled cucumber, spoiled banana, fresh tomato",32.4,88.8,1,1530,2026-04-09 7:22:05
"spoiled cucumber, spoiled banana, fresh tomato",32.4,88.7,6,1523,2026-04-09 7:22:35
"spoiled cucumber, spoiled banana, fresh tomato",32.4,88.7,16,1520,2026-04-09 7:22:35
"spoiled cucumber, spoiled banana, fresh tomato",32.5,88.6,13,1516,2026-04-09 7:23:05
"spoiled cucumber, spoiled banana, fresh tomato",32.5,88.6,11,1520,2026-04-09 7:23:05
"spoiled cucumber, spoiled banana, fresh tomato",32.5,88.6,0,1522,2026-04-09 7:23:36
"spoiled cucumber, spoiled banana, fresh tomato",32.5,88.6,0,1535,2026-04-09 7:23:36
"spoiled cucumber, spoiled banana, fresh tomato",32.5,88.6,27,1575,2026-04-09 7:24:06
"spoiled cucumber, spoiled banana, fresh tomato",32.5,88.6,14,1573,2026-04-09 7:24:06
"spoiled cucumber, spoiled banana, fresh tomato",32.6,88.5,16,1567,2026-04-09 7:24:37
"spoiled cucumber, spoiled banana, fresh tomato",32.6,88.5,17,1579,2026-04-09 7:24:37
"spoiled cucumber, spoiled banana, fresh tomato",32.5,88.5,3,1572,2026-04-09 7:25:07
"spoiled cucumber, spoiled banana, fresh tomato",32.5,88.5,0,1589,2026-04-09 7:25:07
"spoiled cucumber, spoiled banana, fresh tomato",32.6,88.3,6,1571,2026-04-09 7:25:37
"spoiled cucumber, spoiled banana, fresh tomato",32.6,88.3,0,1591,2026-04-09 7:25:37
"spoiled cucumber, spoiled banana, fresh tomato",32.6,88.4,14,1607,2026-04-09 7:26:09
"spoiled cucumber, spoiled banana, fresh tomato",32.6,88.4,0,1581,2026-04-09 7:26:09
"spoiled cucumber, spoiled banana, fresh tomato",32.6,88.5,1,1588,2026-04-09 7:26:39
"spoiled cucumber, spoiled banana, fresh tomato",32.6,88.5,20,1629,2026-04-09 7:26:39
"spoiled cucumber, spoiled banana, fresh tomato",32.6,88.4,0,1625,2026-04-09 7:27:09
"spoiled cucumber, spoiled banana, fresh tomato",32.6,88.4,17,1617,2026-04-09 7:27:10
"spoiled cucumber, spoiled banana, fresh tomato",32.6,88.4,7,1633,2026-04-09 7:27:40
"spoiled cucumber, spoiled banana, fresh tomato",32.6,88.4,19,1632,2026-04-09 7:27:40
"spoiled cucumber, spoiled banana, fresh tomato",32.6,88.2,0,1626,2026-04-09 7:28:11
"spoiled cucumber, spoiled banana, fresh tomato",32.6,88.2,24,1634,2026-04-09 7:28:11
"spoiled cucumber, spoiled banana, fresh tomato",32.7,88.2,16,1635,2026-04-09 7:28:41
"spoiled cucumber, spoiled banana, fresh tomato",32.7,88.2,0,1617,2026-04-09 7:28:41
"spoiled cucumber, spoiled banana, fresh tomato",32.7,88.2,17,1633,2026-04-09 7:29:11
"spoiled cucumber, spoiled banana, fresh tomato",32.7,88.2,16,1645,2026-04-09 7:29:11
"spoiled cucumber, spoiled banana, fresh tomato",32.7,88.3,0,1637,2026-04-09 7:29:42
"spoiled cucumber, spoiled banana, fresh tomato",32.7,88.3,11,1627,2026-04-09 7:29:42
"spoiled cucumber, spoiled banana, fresh tomato",32.7,88.2,14,1659,2026-04-09 7:30:12
"spoiled cucumber, spoiled banana, fresh tomato",32.7,88.2,0,1628,2026-04-09 7:30:12
"spoiled cucumber, spoiled banana, fresh tomato",32.7,88.2,29,1666,2026-04-09 7:30:42
"spoiled cucumber, spoiled banana, fresh tomato",32.7,88.2,0,1655,2026-04-09 7:30:42
"spoiled cucumber, spoiled banana, fresh tomato",32.7,88.1,0,1655,2026-04-09 7:31:12
"spoiled cucumber, spoiled banana, fresh tomato",32.7,88.1,0,1654,2026-04-09 7:31:13
"spoiled cucumber, spoiled banana, fresh tomato",32.7,88.1,10,1658,2026-04-09 7:31:43
"spoiled cucumber, spoiled banana, fresh tomato",32.7,88.1,23,1648,2026-04-09 7:31:43
"spoiled cucumber, spoiled banana, fresh tomato",32.8,88.7,13,1691,2026-04-09 7:32:13
"spoiled cucumber, spoiled banana, fresh tomato",32.8,88.7,0,1679,2026-04-09 7:32:14
"spoiled cucumber, spoiled banana, fresh tomato",32.8,88.1,7,1675,2026-04-09 7:32:43
"spoiled cucumber, spoiled banana, fresh tomato",32.8,88.1,12,1665,2026-04-09 7:32:44
"spoiled cucumber, spoiled banana, fresh tomato",32.8,88.5,3,1698,2026-04-09 7:33:14
"spoiled cucumber, spoiled banana, fresh tomato",32.8,88.5,0,1694,2026-04-09 7:33:14
"spoiled cucumber, spoiled banana, fresh tomato",32.8,88.5,15,1707,2026-04-09 7:33:45
"spoiled cucumber, spoiled banana, fresh tomato",32.8,88.6,20,1710,2026-04-09 7:33:45
"spoiled cucumber, spoiled banana, fresh tomato",32.8,88.5,0,1705,2026-04-09 7:34:16
"spoiled cucumber, spoiled banana, fresh tomato",32.8,88.5,22,1707,2026-04-09 7:34:16
"spoiled cucumber, spoiled banana, fresh tomato",32.8,88.7,3,1738,2026-04-09 7:34:46
"spoiled cucumber, spoiled banana, fresh tomato",32.8,88.7,11,1717,2026-04-09 7:34:46
"spoiled cucumber, spoiled banana, fresh tomato",32.8,88.5,15,1706,2026-04-09 7:35:17
"spoiled cucumber, spoiled banana, fresh tomato",32.8,88.5,22,1721,2026-04-09 7:35:17
"spoiled cucumber, spoiled banana, fresh tomato",32.8,88.5,14,1759,2026-04-09 7:35:47
"spoiled cucumber, spoiled banana, fresh tomato",32.8,88.5,16,1714,2026-04-09 7:35:47
"spoiled cucumber, spoiled banana, fresh tomato",32.8,88.5,23,1744,2026-04-09 7:36:18
"spoiled cucumber, spoiled banana, fresh tomato",32.8,88.5,0,1715,2026-04-09 7:36:18
"spoiled cucumber, spoiled banana, fresh tomato",32.8,88.5,27,1718,2026-04-09 7:36:48
"spoiled cucumber, spoiled banana, fresh tomato",32.8,88.5,5,1734,2026-04-09 7:36:49
"spoiled cucumber, spoiled banana, fresh tomato",32.9,88.4,0,1744,2026-04-09 7:37:19
"spoiled cucumber, spoiled banana, fresh tomato",32.9,88.4,14,1754,2026-04-09 7:37:19
"spoiled cucumber, spoiled banana, fresh tomato",32.9,88.5,9,1744,2026-04-09 7:37:49
"spoiled cucumber, spoiled banana, fresh tomato",32.9,88.5,2,1745,2026-04-09 7:37:50
"spoiled cucumber, spoiled banana, fresh tomato",32.9,88.5,19,1760,2026-04-09 7:38:19
"spoiled cucumber, spoiled banana, fresh tomato",32.9,88.5,37,1760,2026-04-09 7:38:20
"spoiled cucumber, spoiled banana, fresh tomato",32.9,88.5,31,1750,2026-04-09 7:38:50
"spoiled cucumber, spoiled banana, fresh tomato",32.9,88.5,0,1761,2026-04-09 7:38:50
"spoiled cucumber, spoiled banana, fresh tomato",32.9,88.5,27,1767,2026-04-09 7:39:20
"spoiled cucumber, spoiled banana, fresh tomato",32.9,88.5,30,1758,2026-04-09 7:39:21
"spoiled cucumber, spoiled banana, fresh tomato",32.9,88.5,0,1744,2026-04-09 7:39:50
"spoiled cucumber, spoiled banana, fresh tomato",32.9,88.5,11,1734,2026-04-09 7:39:51
"spoiled cucumber, spoiled banana, fresh tomato",32.9,88.3,0,1763,2026-04-09 7:40:22
"spoiled cucumber, spoiled banana, fresh tomato",32.9,88.3,0,1762,2026-04-09 7:40:22
"spoiled cucumber, spoiled banana, fresh tomato",33,88.4,15,1778,2026-04-09 7:40:52
"spoiled cucumber, spoiled banana, fresh tomato",33,88.4,12,1769,2026-04-09 7:40:52
"spoiled cucumber, spoiled banana, fresh tomato",33,88.4,3,1776,2026-04-09 7:41:23
"spoiled cucumber, spoiled banana, fresh tomato",33,88.4,10,1788,2026-04-09 7:41:23
"spoiled cucumber, spoiled banana, fresh tomato",33,88.3,9,1794,2026-04-09 7:41:58
"spoiled cucumber, spoiled banana, fresh tomato",33,88.3,27,1770,2026-04-09 7:41:59
"spoiled cucumber, spoiled banana, fresh tomato",32.9,88.4,29,1805,2026-04-09 7:42:29
"spoiled cucumber, spoiled banana, fresh tomato",33,88.5,43,1817,2026-04-09 7:42:50
"spoiled cucumber, spoiled banana, fresh tomato",33,88.6,3,1807,2026-04-09 7:42:59
"spoiled cucumber, spoiled banana, fresh tomato",33,88.4,26,1821,2026-04-09 7:43:20
"spoiled cucumber, spoiled banana, fresh tomato",33,88.4,33,1809,2026-04-09 7:43:29
"spoiled cucumber, spoiled banana, fresh tomato",33,88.4,7,1831,2026-04-09 7:43:50
"spoiled cucumber, spoiled banana, fresh tomato",33,88.5,18,1851,2026-04-09 7:43:59
"spoiled cucumber, spoiled banana, fresh tomato",33,88.5,11,1875,2026-04-09 7:44:20
"spoiled cucumber, spoiled banana, fresh tomato",33,88.6,32,1872,2026-04-09 7:44:29
"spoiled cucumber, spoiled banana, fresh tomato",33,88.6,42,1877,2026-04-09 7:44:50
"spoiled cucumber, spoiled banana, fresh tomato",33,88.6,28,1885,2026-04-09 7:45:00
"spoiled cucumber, spoiled banana, fresh tomato",33.1,88.5,0,1875,2026-04-09 7:45:21
"spoiled cucumber, spoiled banana, fresh tomato",33.1,88.6,27,1866,2026-04-09 7:45:30
"spoiled cucumber, spoiled banana, fresh tomato",33.1,88.6,45,1917,2026-04-09 7:45:51
"spoiled cucumber, spoiled banana, fresh tomato",33.1,88.6,17,1883,2026-04-09 7:46:00
"spoiled cucumber, spoiled banana, fresh tomato",33.1,88.6,19,1873,2026-04-09 7:46:21
"spoiled cucumber, spoiled banana, fresh tomato",33.1,88.4,17,1892,2026-04-09 7:46:31
"spoiled cucumber, spoiled banana, fresh tomato",33.1,88.5,48,1892,2026-04-09 7:46:52
"spoiled cucumber, spoiled banana, fresh tomato",33.1,88.5,11,1915,2026-04-09 7:47:02
"spoiled cucumber, spoiled banana, fresh tomato",33.1,88.5,0,1893,2026-04-09 7:47:23
"spoiled cucumber, spoiled banana, fresh tomato",33.1,88.4,0,1896,2026-04-09 7:47:32
"spoiled cucumber, spoiled banana, fresh tomato",33.1,88.4,15,1872,2026-04-09 7:47:54
"spoiled cucumber, spoiled banana, fresh tomato",33.1,88.4,32,1890,2026-04-09 7:48:02
"spoiled cucumber, spoiled banana, fresh tomato",33.1,88.4,29,1893,2026-04-09 7:48:24
"spoiled cucumber, spoiled banana, fresh tomato",33.1,88.3,42,1898,2026-04-09 7:48:32
"spoiled cucumber, spoiled banana, fresh tomato",33.2,88.3,47,1911,2026-04-09 7:48:56
"spoiled cucumber, spoiled banana, fresh tomato",33.1,88.4,7,1861,2026-04-09 7:49:03
"spoiled cucumber, spoiled banana, fresh tomato",33.1,88.3,21,1904,2026-04-09 7:49:26
"spoiled cucumber, spoiled banana, fresh tomato",33.2,88.3,29,1879,2026-04-09 7:49:33
"spoiled cucumber, spoiled banana, fresh tomato",33.1,88.2,0,1874,2026-04-09 7:49:57
"spoiled cucumber, spoiled banana, fresh tomato",33.1,88.2,5,1914,2026-04-09 7:50:04
"spoiled cucumber, spoiled banana, fresh tomato",33.2,88.3,32,1912,2026-04-09 7:50:28
"spoiled cucumber, spoiled banana, fresh tomato",33.2,88.3,11,1903,2026-04-09 7:50:35
"spoiled cucumber, spoiled banana, fresh tomato",33.2,88.2,23,1895,2026-04-09 7:50:59
"spoiled cucumber, spoiled banana, fresh tomato",33.2,88.2,0,1904,2026-04-09 7:51:05
"spoiled cucumber, spoiled banana, fresh tomato",33.2,88.3,13,1886,2026-04-09 7:51:30
"spoiled cucumber, spoiled banana, fresh tomato",33.2,88.2,30,1924,2026-04-09 7:51:35
"spoiled cucumber, spoiled banana, fresh tomato",33.2,88.3,47,1910,2026-04-09 7:52:00
"spoiled cucumber, spoiled banana, fresh tomato",33.2,88.2,31,1913,2026-04-09 7:52:05
"spoiled cucumber, spoiled banana, fresh tomato",33.2,88.3,24,1907,2026-04-09 7:52:31
"spoiled cucumber, spoiled banana, fresh tomato",33.2,88.3,3,1876,2026-04-09 7:52:36
"spoiled cucumber, spoiled banana, fresh tomato",33.2,88.3,21,1914,2026-04-09 7:53:01
"spoiled cucumber, spoiled banana, fresh tomato",33.1,88.3,6,1901,2026-04-09 7:53:07
"spoiled cucumber, spoiled banana, fresh tomato",33.2,88.3,37,1917,2026-04-09 7:53:32
"spoiled cucumber, spoiled banana, fresh tomato",33.2,88.2,22,1921,2026-04-09 7:53:38
"spoiled cucumber, spoiled banana, fresh tomato",33.2,88.2,9,1930,2026-04-09 7:54:03
"spoiled cucumber, spoiled banana, fresh tomato",33.2,88.3,9,1931,2026-04-09 7:54:08
"spoiled cucumber, spoiled banana, fresh tomato",33.2,88.3,14,1954,2026-04-09 7:54:33
"spoiled cucumber, spoiled banana, fresh tomato",33.2,88.2,0,1940,2026-04-09 7:54:40
"spoiled cucumber, spoiled banana, fresh tomato",33.2,88.2,33,1923,2026-04-09 7:55:04
"spoiled cucumber, spoiled banana, fresh tomato",33.2,88.3,9,1915,2026-04-09 7:55:10
"spoiled cucumber, spoiled banana, fresh tomato",33.2,88.4,3,1937,2026-04-09 7:55:35
"spoiled cucumber, spoiled banana, fresh tomato",33.2,88.2,49,1939,2026-04-09 7:55:41
"spoiled cucumber, spoiled banana, fresh tomato",33.2,88.3,3,1968,2026-04-09 7:56:05
"spoiled cucumber, spoiled banana, fresh tomato",33.2,88.2,43,1963,2026-04-09 7:56:12
"spoiled cucumber, spoiled banana, fresh tomato",33.2,88.2,2,1954,2026-04-09 7:56:36
"spoiled cucumber, spoiled banana, fresh tomato",33.3,88.2,2,1939,2026-04-09 7:56:43
"spoiled cucumber, spoiled banana, fresh tomato",33.3,88.3,22,1954,2026-04-09 7:57:07
"spoiled cucumber, spoiled banana, fresh tomato",33.2,88.3,32,1961,2026-04-09 7:57:14
"spoiled cucumber, spoiled banana, fresh tomato",33.2,88.3,42,1980,2026-04-09 7:57:37
"spoiled cucumber, spoiled banana, fresh tomato",33.2,88.3,48,1978,2026-04-09 7:57:46
"spoiled cucumber, spoiled banana, fresh tomato",33.3,88.4,35,1955,2026-04-09 7:58:07
"spoiled cucumber, spoiled banana, fresh tomato",33.3,88.3,44,1942,2026-04-09 7:58:16
"spoiled cucumber, spoiled banana, fresh tomato",33.2,88.3,26,1956,2026-04-09 7:58:38
"spoiled cucumber, spoiled banana, fresh tomato",33.2,88.3,14,1983,2026-04-09 7:58:46
"spoiled cucumber, spoiled banana, fresh tomato",33.3,88.2,49,1986,2026-04-09 7:59:09
"spoiled cucumber, spoiled banana, fresh tomato",33.3,88.3,21,1951,2026-04-09 7:59:17
"spoiled cucumber, spoiled banana, fresh tomato",33.2,88.3,25,1994,2026-04-09 7:59:40
"spoiled cucumber, spoiled banana, fresh tomato",33.3,88.3,41,1962,2026-04-09 7:59:48
"spoiled cucumber, spoiled banana, fresh tomato",33.3,88.3,32,1985,2026-04-09 8:00:11
"spoiled cucumber, spoiled banana, fresh tomato",33.3,88.2,16,1968,2026-04-09 8:00:19
"spoiled cucumber, spoiled banana, fresh tomato",33.3,88.3,37,1996,2026-04-09 8:00:41
"spoiled cucumber, spoiled banana, fresh tomato",33.2,88.3,19,1985,2026-04-09 8:00:49
"spoiled cucumber, spoiled banana, fresh tomato",33.3,88.4,32,1968,2026-04-09 8:01:11
"spoiled cucumber, spoiled banana, fresh tomato",33.3,88.3,31,1983,2026-04-09 8:01:19
"spoiled cucumber, spoiled banana, fresh tomato",33.3,88.5,14,1983,2026-04-09 8:01:41
"spoiled cucumber, spoiled banana, fresh tomato",33.3,88.3,43,2000,2026-04-09 8:01:49
"spoiled cucumber, spoiled banana, fresh tomato",33.3,88.3,27,1991,2026-04-09 8:02:12
"spoiled cucumber, spoiled banana, fresh tomato",33.3,88.3,3,1999,2026-04-09 8:02:20
"spoiled cucumber, spoiled banana, fresh tomato",33.3,88.3,48,1973,2026-04-09 8:02:42
"spoiled cucumber, spoiled banana, fresh tomato",33.3,88.3,38,1957,2026-04-09 8:02:50
"spoiled cucumber, spoiled banana, fresh tomato",33.3,88.3,13,1993,2026-04-09 8:03:12
"spoiled cucumber, spoiled banana, fresh tomato",33.3,88.3,46,1963,2026-04-09 8:03:21
"spoiled cucumber, spoiled banana, fresh tomato",33.3,88.3,16,1970,2026-04-09 8:03:42
"spoiled cucumber, spoiled banana, fresh tomato",33.4,88.3,48,2009,2026-04-09 8:03:52
"spoiled cucumber, spoiled banana, fresh tomato",33.3,88.3,21,1983,2026-04-09 8:04:13
"spoiled cucumber, spoiled banana, fresh tomato",33.3,88.4,8,2000,2026-04-09 8:04:22
"spoiled cucumber, spoiled banana, fresh tomato",33.4,88.3,33,1983,2026-04-09 8:04:43
"spoiled cucumber, spoiled banana, fresh tomato",33.3,88.3,27,2014,2026-04-09 8:04:52
"spoiled cucumber, spoiled banana, fresh tomato",33.3,88.3,16,1979,2026-04-09 8:05:14
"spoiled cucumber, spoiled banana, fresh tomato",33.3,88.2,24,2005,2026-04-09 8:05:23
"spoiled cucumber, spoiled banana, fresh tomato",33.4,88.1,47,1997,2026-04-09 8:05:44
"spoiled cucumber, spoiled banana, fresh tomato",33.4,88.3,44,2007,2026-04-09 8:05:54
"spoiled cucumber, spoiled banana, fresh tomato",33.3,88.3,0,2013,2026-04-09 8:06:14
"spoiled cucumber, spoiled banana, fresh tomato",33.3,88.5,41,2000,2026-04-09 8:06:24
"spoiled cucumber, spoiled banana, fresh tomato",33.3,88.3,37,2023,2026-04-09 8:06:45
"spoiled cucumber, spoiled banana, fresh tomato",33.4,88.3,25,2027,2026-04-09 8:06:54
"spoiled cucumber, spoiled banana, fresh tomato",33.4,88.2,20,2035,2026-04-09 8:07:16
"spoiled cucumber, spoiled banana, fresh tomato",33.4,88.3,50,2030,2026-04-09 8:07:25
"spoiled cucumber, spoiled banana, fresh tomato",33.4,88.3,19,2047,2026-04-09 8:07:47
"spoiled cucumber, spoiled banana, fresh tomato",33.4,88.3,45,2027,2026-04-09 8:07:56
"spoiled cucumber, spoiled banana, fresh tomato",33.4,88.3,46,2022,2026-04-09 8:08:17
"spoiled cucumber, spoiled banana, fresh tomato",33.4,88.3,31,2033,2026-04-09 8:08:26
"spoiled cucumber, spoiled banana, fresh tomato",33.4,88.3,30,2002,2026-04-09 8:08:47
"spoiled cucumber, spoiled banana, fresh tomato",33.4,88.4,26,2037,2026-04-09 8:08:56
"spoiled cucumber, spoiled banana, fresh tomato",33.4,88.3,16,2054,2026-04-09 8:09:19
"spoiled cucumber, spoiled banana, fresh tomato",33.4,88.3,32,2023,2026-04-09 8:09:27
"spoiled cucumber, spoiled banana, fresh tomato",33.4,88.3,29,2034,2026-04-09 8:09:49
"spoiled cucumber, spoiled banana, fresh tomato",33.4,88.3,48,2041,2026-04-09 8:09:57
"spoiled cucumber, spoiled banana, fresh tomato",33.4,88.2,39,2083,2026-04-09 8:10:20
"spoiled cucumber, spoiled banana, fresh tomato",33.4,88.3,15,2060,2026-04-09 8:10:27
"spoiled cucumber, spoiled banana, fresh tomato",33.4,88.3,40,2063,2026-04-09 8:10:50
"spoiled cucumber, spoiled banana, fresh tomato",33.4,88.2,48,2037,2026-04-09 8:10:58
"spoiled cucumber, spoiled banana, fresh tomato",33.4,88.4,39,2032,2026-04-09 8:11:20
"spoiled cucumber, spoiled banana, fresh tomato",33.4,88.2,14,2069,2026-04-09 8:11:28
"spoiled cucumber, spoiled banana, fresh tomato",33.4,88.3,32,2064,2026-04-09 8:11:51
"spoiled cucumber, spoiled banana, fresh tomato",33.4,88.4,46,2075,2026-04-09 8:12:00
"spoiled cucumber, spoiled banana, fresh tomato",33.4,88.3,52,2029,2026-04-09 8:12:22
"spoiled cucumber, spoiled banana, fresh tomato",33.4,88.4,16,2064,2026-04-09 8:12:30
"spoiled cucumber, spoiled banana, fresh tomato",33.5,88.3,7,2040,2026-04-09 8:12:53
"spoiled cucumber, spoiled banana, fresh tomato",33.4,88.3,34,2032,2026-04-09 8:13:01
"spoiled cucumber, spoiled banana, fresh tomato",33.5,88.3,27,2032,2026-04-09 8:13:24
"spoiled cucumber, spoiled banana, fresh tomato",33.5,88.3,16,2059,2026-04-09 8:13:33
"spoiled cucumber, spoiled banana, fresh tomato",33.5,88.4,13,2042,2026-04-09 8:13:54
"spoiled cucumber, spoiled banana, fresh tomato",33.4,88.3,19,2032,2026-04-09 8:14:03
"spoiled cucumber, spoiled banana, fresh tomato",33.5,88.4,16,2046,2026-04-09 8:14:24
"spoiled cucumber, spoiled banana, fresh tomato",33.5,88.3,45,2026,2026-04-09 8:14:34
"spoiled cucumber, spoiled banana, fresh tomato",33.5,88.2,38,2057,2026-04-09 8:14:55
"spoiled cucumber, spoiled banana, fresh tomato",33.5,88.3,22,2053,2026-04-09 8:15:04
"spoiled cucumber, spoiled banana, fresh tomato",33.5,88.3,22,2032,2026-04-09 8:15:25
"spoiled cucumber, spoiled banana, fresh tomato",33.5,88.4,48,2033,2026-04-09 8:15:34
"spoiled cucumber, spoiled banana, fresh tomato",33.5,88.3,48,2064,2026-04-09 8:15:55
"spoiled cucumber, spoiled banana, fresh tomato",33.5,88.3,21,2063,2026-04-09 8:16:04
"spoiled cucumber, spoiled banana, fresh tomato",33.5,88.3,47,2039,2026-04-09 8:16:26
"spoiled cucumber, spoiled banana, fresh tomato",33.5,88.4,32,2074,2026-04-09 8:16:35
"spoiled cucumber, spoiled banana, fresh tomato",33.5,88.3,17,2073,2026-04-09 8:16:57
"spoiled cucumber, spoiled banana, fresh tomato",33.5,88.3,39,2077,2026-04-09 8:17:05
"spoiled cucumber, spoiled banana, fresh tomato",33.5,88.4,45,2035,2026-04-09 8:17:27
"spoiled cucumber, spoiled banana, fresh tomato",33.5,88.3,52,2077,2026-04-09 8:17:35
"spoiled cucumber, spoiled banana, fresh tomato",33.5,88.4,39,2061,2026-04-09 8:17:57
"spoiled cucumber, spoiled banana, fresh tomato",33.5,88.3,23,2085,2026-04-09 8:18:05
"spoiled cucumber, spoiled banana, fresh tomato",33.5,88.4,19,2090,2026-04-09 8:18:27
"spoiled cucumber, spoiled banana, fresh tomato",33.5,88.5,22,2078,2026-04-09 8:18:35
"spoiled cucumber, spoiled banana, fresh tomato",33.5,88.4,26,2090,2026-04-09 8:18:58
"spoiled cucumber, spoiled banana, fresh tomato",33.5,88.3,19,2064,2026-04-09 8:19:06
"spoiled cucumber, spoiled banana, fresh tomato",33.5,88.3,28,2097,2026-04-09 8:19:28
"spoiled cucumber, spoiled banana, fresh tomato",33.5,88.3,18,2096,2026-04-09 8:19:36
"spoiled cucumber, spoiled banana, fresh tomato",33.5,88.2,25,2073,2026-04-09 8:19:58
"spoiled cucumber, spoiled banana, fresh tomato",33.5,88.4,11,2070,2026-04-09 8:20:06
"spoiled cucumber, spoiled banana, fresh tomato",33.6,88.4,49,2078,2026-04-09 8:20:28
"spoiled cucumber, spoiled banana, fresh tomato",33.6,88.3,34,2068,2026-04-09 8:20:37
"spoiled cucumber, spoiled banana, fresh tomato",33.6,88.3,48,2066,2026-04-09 8:20:58
"spoiled cucumber, spoiled banana, fresh tomato",33.5,88.4,23,2111,2026-04-09 8:21:07
"spoiled cucumber, spoiled banana, fresh tomato",33.5,88.4,20,2107,2026-04-09 8:21:29
"spoiled cucumber, spoiled banana, fresh tomato",33.6,88.3,34,2074,2026-04-09 8:21:37
"spoiled cucumber, spoiled banana, fresh tomato",33.6,88.4,27,2094,2026-04-09 8:21:59
"spoiled cucumber, spoiled banana, fresh tomato",33.6,88.4,46,2112,2026-04-09 8:22:07
"spoiled cucumber, spoiled banana, fresh tomato",33.6,88.3,48,2076,2026-04-09 8:22:31
"spoiled cucumber, spoiled banana, fresh tomato",33.6,88.4,38,2077,2026-04-09 8:22:38
"spoiled cucumber, spoiled banana, fresh tomato",33.5,88.2,26,2094,2026-04-09 8:23:01
"spoiled cucumber, spoiled banana, fresh tomato",33.6,88.4,43,2106,2026-04-09 8:23:08
"spoiled cucumber, spoiled banana, fresh tomato",33.6,88.2,42,2102,2026-04-09 8:23:31
"spoiled cucumber, spoiled banana, fresh tomato",33.6,88.4,31,2111,2026-04-09 8:23:39
"spoiled cucumber, spoiled banana, fresh tomato",33.6,88.3,29,2128,2026-04-09 8:24:01
"spoiled cucumber, spoiled banana, fresh tomato",33.6,88.4,32,2099,2026-04-09 8:24:09
"spoiled cucumber, spoiled banana, fresh tomato",33.6,88.3,35,2112,2026-04-09 8:24:32
"spoiled cucumber, spoiled banana, fresh tomato",33.6,88.4,48,2089,2026-04-09 8:24:39
"spoiled cucumber, spoiled banana, fresh tomato",33.6,88.3,43,2128,2026-04-09 8:25:02
"spoiled cucumber, spoiled banana, fresh tomato",33.6,88.3,48,2135,2026-04-09 8:25:09
"spoiled cucumber, spoiled banana, fresh tomato",33.6,88.3,46,2138,2026-04-09 8:25:33
"spoiled cucumber, spoiled banana, fresh tomato",33.6,88.2,55,2146,2026-04-09 8:25:40
"spoiled cucumber, spoiled banana, fresh tomato",33.6,88.3,25,2148,2026-04-09 8:26:03
"spoiled cucumber, spoiled banana, fresh tomato",33.6,88.3,30,2130,2026-04-09 8:26:10
"spoiled cucumber, spoiled banana, fresh tomato",33.6,88.3,53,2145,2026-04-09 8:26:33
"spoiled cucumber, spoiled banana, fresh tomato",33.6,88.3,29,2112,2026-04-09 8:26:40
"spoiled cucumber, spoiled banana, fresh tomato",33.6,88.3,21,2143,2026-04-09 8:27:04
"spoiled cucumber, spoiled banana, fresh tomato",33.6,88.3,54,2121,2026-04-09 8:27:11
"spoiled cucumber, spoiled banana, fresh tomato",33.6,88.4,14,2113,2026-04-09 8:27:34
"spoiled cucumber, spoiled banana, fresh tomato",33.6,88.2,25,2128,2026-04-09 8:27:41
"spoiled cucumber, spoiled banana, fresh tomato",33.6,88.3,27,2138,2026-04-09 8:28:04
"spoiled cucumber, spoiled banana, fresh tomato",33.6,88.4,21,2137,2026-04-09 8:28:12
"spoiled cucumber, spoiled banana, fresh tomato",33.6,88.3,19,2128,2026-04-09 8:28:35
"spoiled cucumber, spoiled banana, fresh tomato",33.7,88.4,30,2143,2026-04-09 8:28:42
"spoiled cucumber, spoiled banana, fresh tomato",33.6,88.4,45,2153,2026-04-09 8:29:05
"spoiled cucumber, spoiled banana, fresh tomato",33.6,88.4,48,2127,2026-04-09 8:29:13
"spoiled cucumber, spoiled banana, fresh tomato",33.6,88.3,16,2121,2026-04-09 8:29:36
"spoiled cucumber, spoiled banana, fresh tomato",33.6,88.3,29,2113,2026-04-09 8:29:44
"spoiled cucumber, spoiled banana, fresh tomato",33.7,88.4,49,2157,2026-04-09 8:30:06
"spoiled cucumber, spoiled banana, fresh tomato",33.7,88.4,50,2116,2026-04-09 8:30:15
"spoiled cucumber, spoiled banana, fresh tomato",33.6,88.4,19,2162,2026-04-09 8:30:37
"spoiled cucumber, spoiled banana, fresh tomato",33.6,88.4,45,2151,2026-04-09 8:30:45
"spoiled cucumber, spoiled banana, fresh tomato",33.6,88.3,48,2139,2026-04-09 8:31:07
"spoiled cucumber, spoiled banana, fresh tomato",33.6,88.3,50,2160,2026-04-09 8:31:16
"spoiled cucumber, spoiled banana, fresh tomato",33.6,88.4,28,2128,2026-04-09 8:31:38
"spoiled cucumber, spoiled banana, fresh tomato",33.7,88.4,48,2167,2026-04-09 8:31:46
"spoiled cucumber, spoiled banana, fresh tomato",33.7,88.4,60,2174,2026-04-09 8:32:09
"spoiled cucumber, spoiled banana, fresh tomato",33.6,88.4,62,2135,2026-04-09 8:32:16
"spoiled cucumber, spoiled banana, fresh tomato",33.7,88.4,54,2142,2026-04-09 8:32:40
"spoiled cucumber, spoiled banana, fresh tomato",33.7,88.4,26,2169,2026-04-09 8:32:46
"spoiled cucumber, spoiled banana, fresh tomato",33.7,88.5,49,2154,2026-04-09 8:33:10
"spoiled cucumber, spoiled banana, fresh tomato",33.6,88.3,48,2178,2026-04-09 8:33:17
"spoiled cucumber, spoiled banana, fresh tomato",33.7,88.4,18,2141,2026-04-09 8:33:41
"spoiled cucumber, spoiled banana, fresh tomato",33.7,88.4,36,2135,2026-04-09 8:33:47
"spoiled cucumber, spoiled banana, fresh tomato",33.7,88.4,53,2183,2026-04-09 8:34:11
"spoiled cucumber, spoiled banana, fresh tomato",33.7,88.4,49,2181,2026-04-09 8:34:18
"spoiled cucumber, spoiled banana, fresh tomato",33.7,88.4,33,2160,2026-04-09 8:34:41
"spoiled cucumber, spoiled banana, fresh tomato",33.7,88.4,41,2161,2026-04-09 8:34:49
"spoiled cucumber, spoiled banana, fresh tomato",33.7,88.5,32,2151,2026-04-09 8:35:12
"spoiled cucumber, spoiled banana, fresh tomato",33.6,78.2,17,1941,2026-04-09 8:35:21
"spoiled cucumber, spoiled banana, fresh tomato",33.7,84.5,21,1702,2026-04-09 8:35:42
"spoiled cucumber, spoiled banana, fresh tomato",33.7,85.7,37,1741,2026-04-09 8:35:51
"spoiled cucumber, spoiled banana, fresh tomato",33.6,87.1,15,1795,2026-04-09 8:36:12
"spoiled cucumber, spoiled banana, fresh tomato",33.6,87.4,44,1851,2026-04-09 8:36:21
"spoiled cucumber, spoiled banana, fresh tomato",33.6,87.8,32,1872,2026-04-09 8:36:42
"spoiled cucumber, spoiled banana, fresh tomato",33.6,87.9,47,1898,2026-04-09 8:36:51
"spoiled cucumber, spoiled banana, fresh tomato",33.7,88.1,44,1922,2026-04-09 8:37:13
"spoiled cucumber, spoiled banana, fresh tomato",33.6,88.2,41,1943,2026-04-09 8:37:22
"spoiled cucumber, spoiled banana, fresh tomato",33.7,88.3,22,1935,2026-04-09 8:37:44
"spoiled cucumber, spoiled banana, fresh tomato",33.7,88.4,38,1962,2026-04-09 8:37:52
"spoiled cucumber, spoiled banana, fresh tomato",33.7,88.5,44,1968,2026-04-09 8:38:14
"spoiled cucumber, spoiled banana, fresh tomato",33.7,88.5,42,1984,2026-04-09 8:38:23
"spoiled cucumber, spoiled banana, fresh tomato",33.7,88.6,11,1981,2026-04-09 8:38:44
"spoiled cucumber, spoiled banana, fresh tomato",33.7,88.5,45,1987,2026-04-09 8:38:53
"spoiled cucumber, spoiled banana, fresh tomato",33.7,88.5,16,1995,2026-04-09 8:39:15
"spoiled cucumber, spoiled banana, fresh tomato",33.7,88.5,46,1991,2026-04-09 8:39:23
"spoiled cucumber, spoiled banana, fresh tomato",33.7,88.6,29,1970,2026-04-09 8:39:45
"spoiled cucumber, spoiled banana, fresh tomato",33.7,88.5,20,1990,2026-04-09 8:39:53
"spoiled cucumber, spoiled banana, fresh tomato",33.7,88.5,38,2013,2026-04-09 8:40:16
"spoiled cucumber, spoiled banana, fresh tomato",33.7,88.6,33,1998,2026-04-09 8:40:24
"spoiled cucumber, spoiled banana, fresh tomato",33.7,88.4,33,2030,2026-04-09 8:40:46
"spoiled cucumber, spoiled banana, fresh tomato",33.7,88.5,44,2005,2026-04-09 8:40:54
"spoiled cucumber, spoiled banana, fresh tomato",33.7,88.5,25,2019,2026-04-09 8:41:24
"spoiled cucumber, spoiled banana, fresh tomato",33.7,88.5,38,2027,2026-04-09 8:41:24
"spoiled cucumber, spoiled banana, fresh tomato",33.7,88.6,58,2026,2026-04-09 8:41:54
"spoiled cucumber, spoiled banana, fresh tomato",33.7,88.6,35,2018,2026-04-09 8:41:55
"spoiled cucumber, spoiled banana, fresh tomato",33.7,88.5,16,2063,2026-04-09 8:42:24
"spoiled cucumber, spoiled banana, fresh tomato",33.7,88.5,43,2064,2026-04-09 8:42:25
"spoiled cucumber, spoiled banana, fresh tomato",33.8,88.5,7,2032,2026-04-09 8:42:55
"spoiled cucumber, spoiled banana, fresh tomato",33.8,88.5,26,2022,2026-04-09 8:42:55
"spoiled cucumber, spoiled banana, fresh tomato",33.7,88.6,33,2030,2026-04-09 8:43:25
"spoiled cucumber, spoiled banana, fresh tomato",33.7,88.6,48,2023,2026-04-09 8:43:25
"spoiled cucumber, spoiled banana, fresh tomato",33.8,88.5,32,2064,2026-04-09 8:43:55
"spoiled cucumber, spoiled banana, fresh tomato",33.8,88.5,27,2047,2026-04-09 8:43:55
"spoiled cucumber, spoiled banana, fresh tomato",33.8,88.5,53,2026,2026-04-09 8:44:26
"spoiled cucumber, spoiled banana, fresh tomato",33.8,88.5,18,2030,2026-04-09 8:44:26
"spoiled cucumber, spoiled banana, fresh tomato",33.8,88.6,50,2042,2026-04-09 8:44:56
"spoiled cucumber, spoiled banana, fresh tomato",33.8,88.6,44,2052,2026-04-09 8:44:56
"spoiled cucumber, spoiled banana, fresh tomato",33.8,88.5,32,2057,2026-04-09 8:45:26
"spoiled cucumber, spoiled banana, fresh tomato",33.8,88.5,19,2019,2026-04-09 8:45:26
"spoiled cucumber, spoiled banana, fresh tomato",33.8,88.6,31,2053,2026-04-09 8:45:56
"spoiled cucumber, spoiled banana, fresh tomato",33.8,88.6,50,2071,2026-04-09 8:45:56
"spoiled cucumber, spoiled banana, fresh tomato",33.8,88.5,35,2045,2026-04-09 8:46:27
"spoiled cucumber, spoiled banana, fresh tomato",33.8,88.5,39,2075,2026-04-09 8:46:27
"spoiled cucumber, spoiled banana, fresh tomato",33.8,88.5,23,2069,2026-04-09 8:46:57
"spoiled cucumber, spoiled banana, fresh tomato",33.8,88.5,21,2055,2026-04-09 8:46:57
"spoiled cucumber, spoiled banana, fresh tomato",33.8,88.5,34,2047,2026-04-09 8:47:28
"spoiled cucumber, spoiled banana, fresh tomato",33.8,88.5,48,2055,2026-04-09 8:47:28
"spoiled cucumber, spoiled banana, fresh tomato",33.8,88.6,21,2091,2026-04-09 8:47:58
"spoiled cucumber, spoiled banana, fresh tomato",33.8,88.6,25,2076,2026-04-09 8:47:58
"spoiled cucumber, spoiled banana, fresh tomato",33.8,88.5,64,2089,2026-04-09 8:48:28
"spoiled cucumber, spoiled banana, fresh tomato",33.8,88.5,22,2063,2026-04-09 8:48:28
"spoiled cucumber, spoiled banana, fresh tomato",33.8,88.5,49,2055,2026-04-09 8:48:58
"spoiled cucumber, spoiled banana, fresh tomato",33.8,88.5,32,2077,2026-04-09 8:48:58
"spoiled cucumber, spoiled banana, fresh tomato",33.9,88.7,27,2106,2026-04-09 8:49:29
"spoiled cucumber, spoiled banana, fresh tomato",33.9,88.7,65,2073,2026-04-09 8:49:29
"spoiled cucumber, spoiled banana, fresh tomato",33.9,88.5,53,2067,2026-04-09 8:49:59
"spoiled cucumber, spoiled banana, fresh tomato",33.9,88.5,27,2057,2026-04-09 8:49:59
"spoiled cucumber, spoiled banana, fresh tomato",33.9,88.5,50,2094,2026-04-09 8:50:29
"spoiled cucumber, spoiled banana, fresh tomato",33.9,88.5,24,2084,2026-04-09 8:50:29
"spoiled cucumber, spoiled banana, fresh tomato",33.9,88.5,39,2069,2026-04-09 8:50:59
"spoiled cucumber, spoiled banana, fresh tomato",33.9,88.5,65,2070,2026-04-09 8:50:59
"spoiled cucumber, spoiled banana, fresh tomato",33.9,88.6,35,2083,2026-04-09 8:51:29
"spoiled cucumber, spoiled banana, fresh tomato",33.9,88.6,33,2064,2026-04-09 8:51:29
"spoiled cucumber, spoiled banana, fresh tomato",33.8,88.5,38,2075,2026-04-09 8:52:00
"spoiled cucumber, spoiled banana, fresh tomato",33.8,88.5,48,2087,2026-04-09 8:52:00
"spoiled cucumber, spoiled banana, fresh tomato",33.9,88.6,56,2106,2026-04-09 8:52:30
"spoiled cucumber, spoiled banana, fresh tomato",33.9,88.6,32,2063,2026-04-09 8:52:30
"spoiled cucumber, spoiled banana, fresh tomato",33.9,88.6,15,2089,2026-04-09 8:53:00
"spoiled cucumber, spoiled banana, fresh tomato",33.9,88.6,46,2075,2026-04-09 8:53:00
"spoiled cucumber, spoiled banana, spoiled tomato",32.1,77,239,4095,2026-04-18 12:01:14
"spoiled cucumber, spoiled banana, spoiled tomato",31.9,78.4,233,3952,2026-04-18 12:01:45
"spoiled cucumber, spoiled banana, spoiled tomato",31.8,78.6,243,3115,2026-04-18 12:02:15
"spoiled cucumber, spoiled banana, spoiled tomato",31.7,79.6,232,2697,2026-04-18 12:02:45
"spoiled cucumber, spoiled banana, spoiled tomato",31.6,80.3,224,2443,2026-04-18 12:03:15
"spoiled cucumber, spoiled banana, spoiled tomato",31.5,79.6,214,2198,2026-04-18 12:03:46
"spoiled cucumber, spoiled banana, spoiled tomato",31.4,78.1,229,1953,2026-04-18 12:04:16
"spoiled cucumber, spoiled banana, spoiled tomato",31.3,71.8,205,1712,2026-04-18 12:04:51
"spoiled cucumber, spoiled banana, spoiled tomato",31.1,75.4,213,1595,2026-04-18 12:05:21
"spoiled cucumber, spoiled banana, spoiled tomato",31,71.4,208,1497,2026-04-18 12:05:51
"spoiled cucumber, spoiled banana, spoiled tomato",30.7,73,209,1392,2026-04-18 12:06:22
"spoiled cucumber, spoiled banana, spoiled tomato",30.5,74.4,183,1343,2026-04-18 12:06:52
"spoiled cucumber, spoiled banana, spoiled tomato",30.3,76.7,209,1242,2026-04-18 12:07:22
"spoiled cucumber, spoiled banana, spoiled tomato",30.1,76.6,211,1187,2026-04-18 12:07:52
"spoiled cucumber, spoiled banana, spoiled tomato",30,75.4,205,1167,2026-04-18 12:08:22
"spoiled cucumber, spoiled banana, spoiled tomato",29.9,77.2,226,1087,2026-04-18 12:08:53
"spoiled cucumber, spoiled banana, spoiled tomato",29.9,77.2,220,1082,2026-04-18 12:09:23
"spoiled cucumber, spoiled banana, spoiled tomato",29.8,77.5,224,1023,2026-04-18 12:09:53
"spoiled cucumber, spoiled banana, spoiled tomato",29.8,78.6,221,1039,2026-04-18 12:10:23
"spoiled cucumber, spoiled banana, spoiled tomato",29.7,78,238,1008,2026-04-18 12:10:54
"spoiled cucumber, spoiled banana, spoiled tomato",29.7,78.3,210,991,2026-04-18 12:11:24
"spoiled cucumber, spoiled banana, spoiled tomato",29.7,79.8,229,976,2026-04-18 12:11:54
"spoiled cucumber, spoiled banana, spoiled tomato",29.6,79.1,230,979,2026-04-18 12:12:24
"spoiled cucumber, spoiled banana, spoiled tomato",29.6,80.2,239,939,2026-04-18 12:12:55
"spoiled cucumber, spoiled banana, spoiled tomato",29.7,79.6,228,912,2026-04-18 12:13:25
"spoiled cucumber, spoiled banana, spoiled tomato",29.6,78.9,258,955,2026-04-18 12:13:55
"spoiled cucumber, spoiled banana, spoiled tomato",29.6,80,225,937,2026-04-18 12:14:25
"spoiled cucumber, spoiled banana, spoiled tomato",29.6,79.4,245,945,2026-04-18 12:14:55
"spoiled cucumber, spoiled banana, spoiled tomato",29.7,79.7,243,934,2026-04-18 12:15:26
"spoiled cucumber, spoiled banana, spoiled tomato",29.7,80.7,240,954,2026-04-18 12:15:56
"spoiled cucumber, spoiled banana, spoiled tomato",29.7,79.9,242,966,2026-04-18 12:16:26
"spoiled cucumber, spoiled banana, spoiled tomato",29.7,80.4,235,970,2026-04-18 12:16:57
"spoiled cucumber, spoiled banana, spoiled tomato",29.7,80.9,250,964,2026-04-18 12:17:27
"spoiled cucumber, spoiled banana, spoiled tomato",29.7,80.3,240,955,2026-04-18 12:17:58
"spoiled cucumber, spoiled banana, spoiled tomato",29.7,80.5,237,923,2026-04-18 12:18:28
"spoiled cucumber, spoiled banana, spoiled tomato",29.7,81,242,963,2026-04-18 12:18:58
"spoiled cucumber, spoiled banana, spoiled tomato",29.8,80.3,246,949,2026-04-18 12:19:28
"spoiled cucumber, spoiled banana, spoiled tomato",29.8,79.9,258,937,2026-04-18 12:19:58
"spoiled cucumber, spoiled banana, spoiled tomato",29.8,80.5,238,960,2026-04-18 12:20:29
"spoiled cucumber, spoiled banana, spoiled tomato",29.9,80.3,221,953,2026-04-18 12:20:59
"spoiled cucumber, spoiled banana, spoiled tomato",29.9,80.4,233,958,2026-04-18 12:21:29
"spoiled cucumber, spoiled banana, spoiled tomato",29.9,80.3,211,951,2026-04-18 12:21:59
"spoiled cucumber, spoiled banana, spoiled tomato",29.9,80.2,247,966,2026-04-18 12:22:29
"spoiled cucumber, spoiled banana, spoiled tomato",29.9,81,231,974,2026-04-18 12:23:00
"spoiled cucumber, spoiled banana, spoiled tomato",29.9,80.6,224,980,2026-04-18 12:23:30
"spoiled cucumber, spoiled banana, spoiled tomato",30,81.6,213,986,2026-04-18 12:24:00
"spoiled cucumber, spoiled banana, spoiled tomato",30,81.2,199,986,2026-04-18 12:24:30
"spoiled cucumber, spoiled banana, spoiled tomato",30,80.4,203,963,2026-04-18 12:25:00
"spoiled cucumber, spoiled banana, spoiled tomato",30.1,81,210,1012,2026-04-18 12:25:32
"spoiled cucumber, spoiled banana, spoiled tomato",30.1,81.6,206,976,2026-04-18 12:26:02
"spoiled cucumber, spoiled banana, spoiled tomato",30.1,80.8,223,967,2026-04-18 12:26:33
"spoiled cucumber, spoiled banana, spoiled tomato",30.2,81.5,218,941,2026-04-18 12:27:03
"spoiled cucumber, spoiled banana, spoiled tomato",30.2,81.5,182,991,2026-04-18 12:27:33
"spoiled cucumber, spoiled banana, spoiled tomato",30.3,81,189,992,2026-04-18 12:28:03
"spoiled cucumber, spoiled banana, spoiled tomato",30.3,81.5,205,960,2026-04-18 12:28:33
"spoiled cucumber, spoiled banana, spoiled tomato",30.3,80.6,208,986,2026-04-18 12:29:04
"spoiled cucumber, spoiled banana, spoiled tomato",30.4,80.7,205,990,2026-04-18 12:29:34
"spoiled cucumber, spoiled banana, spoiled tomato",30.4,80.9,211,975,2026-04-18 12:30:04
"spoiled cucumber, spoiled banana, spoiled tomato",30.5,80.9,208,983,2026-04-18 12:30:34
"spoiled cucumber, spoiled banana, spoiled tomato",30.4,81.1,222,976,2026-04-18 12:31:04
"spoiled cucumber, spoiled banana, spoiled tomato",30.6,80.5,212,972,2026-04-18 12:31:35
"spoiled cucumber, spoiled banana, spoiled tomato",30.6,80.7,210,1008,2026-04-18 12:32:05
"spoiled cucumber, spoiled banana, spoiled tomato",30.6,79.7,212,979,2026-04-18 12:32:35
"spoiled cucumber, spoiled banana, spoiled tomato",30.7,80.3,197,971,2026-04-18 12:33:06
"spoiled cucumber, spoiled banana, spoiled tomato",30.7,80,202,944,2026-04-18 12:33:36
"spoiled cucumber, spoiled banana, spoiled tomato",30.7,79.6,199,1002,2026-04-18 12:34:06
"spoiled cucumber, spoiled banana, spoiled tomato",30.8,80.8,166,871,2026-04-18 12:34:36
"spoiled cucumber, spoiled banana, spoiled tomato",30.9,79,114,853,2026-04-18 12:35:06
"spoiled cucumber, spoiled banana, spoiled tomato",31,77.6,95,848,2026-04-18 12:35:37
"spoiled cucumber, spoiled banana, spoiled tomato",30.9,78,113,859,2026-04-18 12:36:07
"spoiled cucumber, spoiled banana, spoiled tomato",30.9,77.8,97,873,2026-04-18 12:36:37
"spoiled cucumber, spoiled banana, spoiled tomato",30.9,80.6,106,895,2026-04-18 12:37:08
"spoiled cucumber, spoiled banana, spoiled tomato",30.8,78.5,102,898,2026-04-18 12:37:38
"spoiled cucumber, spoiled banana, spoiled tomato",30.9,79.3,121,886,2026-04-18 12:38:08
"spoiled cucumber, spoiled banana, spoiled tomato",30.9,80.4,103,879,2026-04-18 12:38:38
"spoiled cucumber, spoiled banana, spoiled tomato",30.9,80.7,93,834,2026-04-18 12:39:08
"spoiled cucumber, spoiled banana, spoiled tomato",30.8,79.7,90,850,2026-04-18 12:39:39
"spoiled cucumber, spoiled banana, spoiled tomato",30.9,79.7,105,867,2026-04-18 12:40:09
"spoiled cucumber, spoiled banana, spoiled tomato",30.9,79.3,96,911,2026-04-18 12:40:39
"spoiled cucumber, spoiled banana, spoiled tomato",30.9,79.4,107,848,2026-04-18 12:41:10
"spoiled cucumber, spoiled banana, spoiled tomato",30.9,79.8,92,877,2026-04-18 12:41:40
"spoiled cucumber, spoiled banana, spoiled tomato",30.9,80.9,85,868,2026-04-18 12:42:10
"spoiled cucumber, spoiled banana, spoiled tomato",31,80.8,99,834,2026-04-18 12:42:41
"spoiled cucumber, spoiled banana, spoiled tomato",30.9,79.8,91,854,2026-04-18 12:43:11
"spoiled cucumber, spoiled banana, spoiled tomato",31,80.8,103,839,2026-04-18 12:43:41
"spoiled cucumber, spoiled banana, spoiled tomato",31.1,80.8,125,852,2026-04-18 12:44:12
"spoiled cucumber, spoiled banana, spoiled tomato",31,80.6,87,892,2026-04-18 12:44:42
"spoiled cucumber, spoiled banana, spoiled tomato",31,79.7,129,874,2026-04-18 12:45:12
"spoiled cucumber, spoiled banana, spoiled tomato",31.1,80.4,100,840,2026-04-18 12:45:42
"spoiled cucumber, spoiled banana, spoiled tomato",31.1,80,83,899,2026-04-18 12:46:13
"spoiled cucumber, spoiled banana, spoiled tomato",31.1,79.8,88,847,2026-04-18 12:46:43
"spoiled cucumber, spoiled banana, spoiled tomato",31.2,81.2,81,879,2026-04-18 12:47:14
"spoiled cucumber, spoiled banana, spoiled tomato",31.2,80.7,106,912,2026-04-18 12:47:44
"spoiled cucumber, spoiled banana, spoiled tomato",31.2,80.8,97,933,2026-04-18 12:48:14
"spoiled cucumber, spoiled banana, spoiled tomato",31.2,80.7,97,909,2026-04-18 12:48:44
"spoiled cucumber, spoiled banana, spoiled tomato",31.3,81,101,929,2026-04-18 12:49:14
"spoiled cucumber, spoiled banana, spoiled tomato",31.3,80.2,113,919,2026-04-18 12:49:45
"spoiled cucumber, spoiled banana, spoiled tomato",31.3,80.8,101,919,2026-04-18 12:50:15
"spoiled cucumber, spoiled banana, spoiled tomato",31.4,81.1,107,936,2026-04-18 12:50:47
"spoiled cucumber, spoiled banana, spoiled tomato",31.4,80.4,111,960,2026-04-18 12:51:17
"spoiled cucumber, spoiled banana, spoiled tomato",31.4,80.8,106,930,2026-04-18 12:51:47
"spoiled cucumber, spoiled banana, spoiled tomato",31.4,80.8,105,939,2026-04-18 12:52:18
"spoiled cucumber, spoiled banana, spoiled tomato",31.5,80.5,105,923,2026-04-18 12:52:48
"spoiled cucumber, spoiled banana, spoiled tomato",31.5,80.7,108,998,2026-04-18 12:53:18
"spoiled cucumber, spoiled banana, spoiled tomato",31.5,80.7,92,978,2026-04-18 12:53:48
"spoiled cucumber, spoiled banana, spoiled tomato",31.6,82,110,949,2026-04-18 12:54:18
"spoiled cucumber, spoiled banana, spoiled tomato",31.6,81.3,89,979,2026-04-18 12:54:49
"spoiled cucumber, spoiled banana, spoiled tomato",31.6,82.1,104,960,2026-04-18 12:55:19
"spoiled cucumber, spoiled banana, spoiled tomato",31.6,81.2,102,950,2026-04-18 12:55:49
"spoiled cucumber, spoiled banana, spoiled tomato",31.7,81.5,115,931,2026-04-18 12:56:19
"spoiled cucumber, spoiled banana, spoiled tomato",31.7,80.9,110,947,2026-04-18 12:56:49
"spoiled cucumber, spoiled banana, spoiled tomato",31.8,82.6,109,958,2026-04-18 12:57:20
"spoiled cucumber, spoiled banana, spoiled tomato",31.8,80.9,126,962,2026-04-18 12:57:51
"spoiled cucumber, spoiled banana, spoiled tomato",31.8,80.9,100,1023,2026-04-18 12:58:21
"spoiled cucumber, spoiled banana, spoiled tomato",31.8,80.9,87,1035,2026-04-18 12:58:51
"spoiled cucumber, spoiled banana, spoiled tomato",31.9,80.6,101,1015,2026-04-18 12:59:22
"spoiled cucumber, spoiled banana, spoiled tomato",31.9,81.5,90,1023,2026-04-18 12:59:52
"spoiled cucumber, spoiled banana, spoiled tomato",31.9,80.9,90,1045,2026-04-18 13:00:22
"spoiled cucumber, spoiled banana, spoiled tomato",31.9,80.3,103,1056,2026-04-18 13:00:53
"spoiled cucumber, spoiled banana, spoiled tomato",31.9,81.1,108,1035,2026-04-18 13:01:23
"spoiled cucumber, spoiled banana, spoiled tomato",32,80.9,110,1040,2026-04-18 13:01:53
"spoiled cucumber, spoiled banana, spoiled tomato",32,80.1,112,1059,2026-04-18 13:02:23
"spoiled cucumber, spoiled banana, spoiled tomato",32,82.1,91,1017,2026-04-18 13:02:53
"spoiled cucumber, spoiled banana, spoiled tomato",32.1,80.5,110,1021,2026-04-18 13:03:24
"spoiled cucumber, spoiled banana, spoiled tomato",32.1,80.7,110,979,2026-04-18 13:03:54
"spoiled cucumber, spoiled banana, spoiled tomato",32.1,81.6,110,1009,2026-04-18 13:04:24
"spoiled cucumber, spoiled banana, spoiled tomato",32.2,80.8,121,975,2026-04-18 13:04:54
"spoiled cucumber, spoiled banana, spoiled tomato",32.2,80.1,107,1037,2026-04-18 13:05:24
"spoiled cucumber, spoiled banana, spoiled tomato",32.2,79.9,123,1033,2026-04-18 13:05:55
"spoiled cucumber, spoiled banana, spoiled tomato",32.2,80.2,125,1008,2026-04-18 13:06:25
"spoiled cucumber, spoiled banana, spoiled tomato",32.3,80.8,109,1059,2026-04-18 13:06:55
"spoiled cucumber, spoiled banana, spoiled tomato",32.3,80.8,95,1019,2026-04-18 13:07:25
"spoiled cucumber, spoiled banana, spoiled tomato",32.3,79.9,109,1061,2026-04-18 13:07:55
"spoiled cucumber, spoiled banana, spoiled tomato",32.3,80.2,98,1047,2026-04-18 13:08:26
"spoiled cucumber, spoiled banana, spoiled tomato",32.3,79.7,118,1040,2026-04-18 13:08:56
"spoiled cucumber, spoiled banana, spoiled tomato",32.4,79.8,97,1056,2026-04-18 13:09:26
"spoiled cucumber, spoiled banana, spoiled tomato",32.4,79.6,100,994,2026-04-18 13:09:56
"spoiled cucumber, spoiled banana, spoiled tomato",32.4,80.7,107,1039,2026-04-18 13:10:26
"spoiled cucumber, spoiled banana, spoiled tomato",32.4,79.4,101,1022,2026-04-18 13:10:58
"spoiled cucumber, spoiled banana, spoiled tomato",32.4,80.5,127,1045,2026-04-18 13:11:28
"spoiled cucumber, spoiled banana, spoiled tomato",32.5,80,110,1050,2026-04-18 13:11:58
"spoiled cucumber, spoiled banana, spoiled tomato",32.5,79.4,132,1137,2026-04-18 13:12:29
"spoiled cucumber, spoiled banana, spoiled tomato",32.5,79.8,107,1126,2026-04-18 13:12:59
"spoiled cucumber, spoiled banana, spoiled tomato",32.6,80,117,1074,2026-04-18 13:13:29
"spoiled cucumber, spoiled banana, spoiled tomato",32.6,79.4,109,1043,2026-04-18 13:13:59
"spoiled cucumber, spoiled banana, spoiled tomato",32.6,79.9,105,1073,2026-04-18 13:14:30
"spoiled cucumber, spoiled banana, spoiled tomato",32.6,79.4,115,999,2026-04-18 13:15:00
"spoiled cucumber, spoiled banana, spoiled tomato",32.7,80,112,959,2026-04-18 13:15:30
"spoiled cucumber, spoiled banana, spoiled tomato",32.7,79.1,95,1078,2026-04-18 13:16:00
"spoiled cucumber, spoiled banana, spoiled tomato",32.7,79.1,95,1016,2026-04-18 13:16:31
"spoiled cucumber, spoiled banana, spoiled tomato",32.7,80.2,119,1009,2026-04-18 13:17:01
"spoiled cucumber, spoiled banana, spoiled tomato",32.8,80.1,112,1008,2026-04-18 13:17:31
"spoiled cucumber, spoiled banana, spoiled tomato",32.7,79.1,105,1092,2026-04-18 13:18:01
"spoiled cucumber, spoiled banana, spoiled tomato",32.8,79.8,125,1115,2026-04-18 13:18:31
"spoiled cucumber, spoiled banana, spoiled tomato",32.8,80.2,134,1042,2026-04-18 13:19:02
"spoiled cucumber, spoiled banana, spoiled tomato",32.8,79.6,97,1043,2026-04-18 13:19:32
"spoiled cucumber, spoiled banana, spoiled tomato",32.8,79.6,128,1090,2026-04-18 13:20:02
"spoiled cucumber, spoiled banana, spoiled tomato",32.8,79.5,108,1072,2026-04-18 13:20:32
"spoiled cucumber, spoiled banana, spoiled tomato",32.8,79.7,111,1051,2026-04-18 13:21:02
"spoiled cucumber, spoiled banana, spoiled tomato",32.8,80.3,103,1059,2026-04-18 13:21:33
"spoiled cucumber, spoiled banana, spoiled tomato",32.9,79.4,112,1081,2026-04-18 13:22:03
"spoiled cucumber, spoiled banana, spoiled tomato",32.9,80.7,104,1061,2026-04-18 13:22:33
"spoiled cucumber, spoiled banana, spoiled tomato",32.9,79.5,114,1146,2026-04-18 13:23:03
"spoiled cucumber, spoiled banana, spoiled tomato",33,80.3,118,1060,2026-04-18 13:23:34
"spoiled cucumber, spoiled banana, spoiled tomato",33,80.2,112,987,2026-04-18 13:24:04
"spoiled cucumber, spoiled banana, spoiled tomato",33,79.5,116,961,2026-04-18 13:24:34
"spoiled cucumber, spoiled banana, spoiled tomato",33,79.7,130,978,2026-04-18 13:25:04
"spoiled cucumber, spoiled banana, spoiled tomato",33,80.1,87,999,2026-04-18 13:25:35
"spoiled cucumber, spoiled banana, spoiled tomato",33,79.9,112,983,2026-04-18 13:26:05
"spoiled cucumber, spoiled banana, spoiled tomato",33,79.7,139,1062,2026-04-18 13:26:35
"spoiled cucumber, spoiled banana, spoiled tomato",33,79.8,113,995,2026-04-18 13:27:06
"spoiled cucumber, spoiled banana, spoiled tomato",33,79.5,110,1141,2026-04-18 13:27:37
"spoiled cucumber, spoiled banana, spoiled tomato",33.1,80.1,109,1043,2026-04-18 13:28:07
"spoiled cucumber, spoiled banana, spoiled tomato",33,79.5,117,1003,2026-04-18 13:28:37
"spoiled cucumber, spoiled banana, spoiled tomato",33.1,80.9,112,1059,2026-04-18 13:29:07
"spoiled cucumber, spoiled banana, spoiled tomato",33.1,79.8,114,1000,2026-04-18 13:29:38
"spoiled cucumber, spoiled banana, spoiled tomato",33.1,79.8,110,1018,2026-04-18 13:30:08
"spoiled cucumber, spoiled banana, spoiled tomato",33.2,80.1,125,1015,2026-04-18 13:30:38
"spoiled cucumber, spoiled banana, spoiled tomato",33.2,79.8,110,1031,2026-04-18 13:31:08
"spoiled cucumber, spoiled banana, spoiled tomato",33.2,79.4,122,1138,2026-04-18 13:31:39
"spoiled cucumber, spoiled banana, spoiled tomato",33.2,80,112,1046,2026-04-18 13:32:09
"spoiled cucumber, spoiled banana, spoiled tomato",33.2,79.4,120,1139,2026-04-18 13:32:39
"spoiled cucumber, spoiled banana, spoiled tomato",33.2,79.7,112,1072,2026-04-18 13:33:10
"spoiled cucumber, spoiled banana, spoiled tomato",33.2,79.5,98,1124,2026-04-18 13:33:40
"spoiled cucumber, spoiled banana, spoiled tomato",33.3,80.3,97,1022,2026-04-18 13:34:10
"spoiled cucumber, spoiled banana, spoiled tomato",33.3,79.7,107,1135,2026-04-18 13:34:41
"spoiled cucumber, spoiled banana, spoiled tomato",33.3,79.7,132,1150,2026-04-18 13:35:11
"spoiled cucumber, spoiled banana, spoiled tomato",33.3,80.2,114,1063,2026-04-18 13:35:41
"spoiled cucumber, spoiled banana, spoiled tomato",33.3,80.2,96,1014,2026-04-18 13:36:13
"spoiled cucumber, spoiled banana, spoiled tomato",33.3,79.7,111,1008,2026-04-18 13:36:43
"spoiled cucumber, spoiled banana, spoiled tomato",33.4,79.8,112,1059,2026-04-18 13:37:13
"spoiled cucumber, spoiled banana, spoiled tomato",33.4,79.5,112,1131,2026-04-18 13:37:46
"spoiled cucumber, spoiled banana, spoiled tomato",33.4,79.4,150,1023,2026-04-18 13:38:17
"spoiled cucumber, spoiled banana, spoiled tomato",33.4,79.6,126,1199,2026-04-18 13:38:47
"spoiled cucumber, spoiled banana, spoiled tomato",33.4,79.6,127,1122,2026-04-18 13:39:17
"spoiled cucumber, spoiled banana, spoiled tomato",33.4,79.6,117,1084,2026-04-18 13:39:47
"spoiled cucumber, spoiled banana, spoiled tomato",33.5,79.8,128,1050,2026-04-18 13:40:18
"spoiled cucumber, spoiled banana, spoiled tomato",33.4,79.9,110,1072,2026-04-18 13:40:48
"spoiled cucumber, spoiled banana, spoiled tomato",33.5,79.9,100,1182,2026-04-18 13:41:18
"spoiled cucumber, spoiled banana, spoiled tomato",33.5,79.9,116,1072,2026-04-18 13:41:48
"spoiled cucumber, spoiled banana, spoiled tomato",33.5,80.2,115,1010,2026-04-18 13:42:18
"spoiled cucumber, spoiled banana, spoiled tomato",33.5,79.7,98,1200,2026-04-18 13:42:49
"spoiled cucumber, spoiled banana, spoiled tomato",33.5,80.1,113,1104,2026-04-18 13:43:19
"spoiled cucumber, spoiled banana, spoiled tomato",33.5,79.5,97,1168,2026-04-18 13:43:49
"spoiled cucumber, spoiled banana, spoiled tomato",33.6,79.3,101,1262,2026-04-18 13:44:19
"spoiled cucumber, spoiled banana, spoiled tomato",33.6,79.5,119,1226,2026-04-18 13:44:49
"spoiled cucumber, spoiled banana, spoiled tomato",33.6,79,106,1394,2026-04-18 13:45:20
"spoiled cucumber, spoiled banana, spoiled tomato",33.6,79.2,101,1350,2026-04-18 13:45:50
"spoiled cucumber, spoiled banana, spoiled tomato",33.6,79.8,89,1394,2026-04-18 13:46:20
"spoiled cucumber, spoiled banana, spoiled tomato",33.6,79.2,126,1391,2026-04-18 13:46:50
"spoiled cucumber, spoiled banana, spoiled tomato",33.6,79.5,95,1297,2026-04-18 13:47:20
"spoiled cucumber, spoiled banana, spoiled tomato",33.7,79.1,112,1291,2026-04-18 13:47:51
"spoiled cucumber, spoiled banana, spoiled tomato",33.7,79.7,106,1207,2026-04-18 13:48:21
"spoiled cucumber, spoiled banana, spoiled tomato",33.7,79.5,113,1126,2026-04-18 13:48:51
"spoiled cucumber, spoiled banana, spoiled tomato",33.7,79.4,112,1290,2026-04-18 13:49:21
"spoiled cucumber, spoiled banana, spoiled tomato",33.7,79.8,127,1186,2026-04-18 13:49:52
"spoiled cucumber, spoiled banana, spoiled tomato",33.7,80.1,117,1225,2026-04-18 13:50:22
"spoiled cucumber, spoiled banana, spoiled tomato",33.7,79.6,106,1221,2026-04-18 13:50:52
"spoiled cucumber, spoiled banana, spoiled tomato",33.7,79.3,118,1490,2026-04-18 13:51:22
"spoiled cucumber, spoiled banana, spoiled tomato",33.7,79.5,112,1308,2026-04-18 13:51:53
"spoiled cucumber, spoiled banana, spoiled tomato",33.8,79.3,113,1219,2026-04-18 13:52:23
"spoiled cucumber, spoiled banana, spoiled tomato",33.8,79.5,127,1280,2026-04-18 13:52:53
"spoiled cucumber, spoiled banana, spoiled tomato",33.8,79.5,114,1088,2026-04-18 13:53:23
"spoiled cucumber, spoiled banana, spoiled tomato",33.8,79.4,92,1239,2026-04-18 13:53:53
"spoiled cucumber, spoiled banana, spoiled tomato",33.8,79.4,117,1443,2026-04-18 13:54:24
"spoiled cucumber, spoiled banana, spoiled tomato",33.8,79.8,122,1134,2026-04-18 13:54:54
"spoiled cucumber, spoiled banana, spoiled tomato",33.8,79.6,100,1242,2026-04-18 13:55:24
"spoiled cucumber, spoiled banana, spoiled tomato",33.8,79.6,139,1230,2026-04-18 13:55:54
"spoiled cucumber, spoiled banana, spoiled tomato",33.8,79.8,125,1161,2026-04-18 13:56:25
"spoiled cucumber, spoiled banana, spoiled tomato",33.9,80.1,112,1156,2026-04-18 13:56:55
"spoiled cucumber, spoiled banana, spoiled tomato",33.9,80,126,1221,2026-04-18 13:57:25
"spoiled cucumber, spoiled banana, spoiled tomato",33.9,80.1,105,1125,2026-04-18 13:57:55
"spoiled cucumber, spoiled banana, spoiled tomato",33.9,79.9,124,1263,2026-04-18 13:58:26
"spoiled cucumber, spoiled banana, spoiled tomato",34,80.1,124,1123,2026-04-18 13:58:56
"spoiled cucumber, spoiled banana, spoiled tomato",34,80.3,96,1097,2026-04-18 13:59:26
"spoiled cucumber, spoiled banana, spoiled tomato",34,80.2,125,1136,2026-04-18 13:59:56
"spoiled cucumber, spoiled banana, spoiled tomato",34,80,119,1120,2026-04-18 14:00:27
"spoiled cucumber, spoiled banana, spoiled tomato",34,79.4,99,1382,2026-04-18 14:00:57
"spoiled cucumber, spoiled banana, spoiled tomato",34,79.8,115,1143,2026-04-18 14:01:27
"spoiled cucumber, spoiled banana, spoiled tomato",34,79.8,95,1411,2026-04-18 14:01:57
"spoiled cucumber, spoiled banana, spoiled tomato",34,79.8,105,1339,2026-04-18 14:02:28
"spoiled cucumber, spoiled banana, spoiled tomato",34,79.7,117,1191,2026-04-18 14:02:58
"spoiled cucumber, spoiled banana, spoiled tomato",34,80,102,1280,2026-04-18 14:03:28
"spoiled cucumber, spoiled banana, spoiled tomato",34,79.8,129,1186,2026-04-18 14:03:58
"spoiled cucumber, spoiled banana, spoiled tomato",34.1,80.1,113,1194,2026-04-18 14:04:28
"spoiled cucumber, spoiled banana, spoiled tomato",34.1,80,113,1136,2026-04-18 14:04:59
"spoiled cucumber, spoiled banana, spoiled tomato",34.1,80.1,99,1138,2026-04-18 14:05:29
"spoiled cucumber, spoiled banana, spoiled tomato",34.1,79.9,109,1156,2026-04-18 14:05:59
"spoiled cucumber, spoiled banana, spoiled tomato",34.1,79.6,111,1125,2026-04-18 14:06:29
"spoiled cucumber, spoiled banana, spoiled tomato",34.1,79.9,128,1103,2026-04-18 14:07:00
"spoiled cucumber, spoiled banana, spoiled tomato",34.1,79.8,82,1331,2026-04-18 14:07:30
"spoiled cucumber, spoiled banana, spoiled tomato",34.1,79.7,103,1394,2026-04-18 14:08:00
"spoiled cucumber, spoiled banana, spoiled tomato",34.1,79.5,139,1488,2026-04-18 14:08:30
"spoiled cucumber, spoiled banana, spoiled tomato",34.2,79.5,117,1531,2026-04-18 14:09:01
"spoiled cucumber, spoiled banana, spoiled tomato",34.2,79.6,112,1329,2026-04-18 14:09:31
"spoiled cucumber, spoiled banana, spoiled tomato",34.2,79.7,114,1213,2026-04-18 14:10:01
"spoiled cucumber, spoiled banana, spoiled tomato",34.2,79.9,113,1289,2026-04-18 14:10:31
"spoiled cucumber, spoiled banana, spoiled tomato",34.2,79.7,126,1196,2026-04-18 14:11:01
"spoiled cucumber, spoiled banana, spoiled tomato",34.2,79.6,112,1184,2026-04-18 14:11:32
"spoiled cucumber, spoiled banana, spoiled tomato",34.2,79.6,112,1234,2026-04-18 14:12:02
"spoiled cucumber, spoiled banana, spoiled tomato",34.2,79.7,113,1204,2026-04-18 14:12:32
"spoiled cucumber, spoiled banana, spoiled tomato",34.2,79.8,115,1200,2026-04-18 14:13:02
"spoiled cucumber, spoiled banana, spoiled tomato",34.2,79.8,85,1167,2026-04-18 14:13:33
"spoiled cucumber, spoiled banana, spoiled tomato",34.3,80,133,1190,2026-04-18 14:14:03
"spoiled cucumber, spoiled banana, spoiled tomato",34.2,79.9,139,1168,2026-04-18 14:14:33
"spoiled cucumber, spoiled banana, spoiled tomato",34.3,79.9,133,1231,2026-04-18 14:15:04
"spoiled cucumber, spoiled banana, spoiled tomato",34.3,79.9,113,1175,2026-04-18 14:15:34
"spoiled cucumber, spoiled banana, spoiled tomato",34.3,80.2,128,1215,2026-04-18 14:16:04
"spoiled cucumber, spoiled banana, spoiled tomato",34.3,79.9,114,1250,2026-04-18 14:16:34
"spoiled cucumber, spoiled banana, spoiled tomato",34.3,79.8,105,1242,2026-04-18 14:17:05
"spoiled cucumber, spoiled banana, spoiled tomato",34.3,80.2,101,1159,2026-04-18 14:17:35
"spoiled cucumber, spoiled banana, spoiled tomato",34.3,79.7,105,1298,2026-04-18 14:18:05
"spoiled cucumber, spoiled banana, spoiled tomato",34.3,79.6,133,1653,2026-04-18 14:18:36
"spoiled cucumber, spoiled banana, spoiled tomato",34.3,79.7,100,1572,2026-04-18 14:19:06
"spoiled cucumber, spoiled banana, spoiled tomato",34.3,79.7,123,1399,2026-04-18 14:19:37
"spoiled cucumber, spoiled banana, spoiled tomato",34.3,79.9,94,1354,2026-04-18 14:20:07
"spoiled cucumber, spoiled banana, spoiled tomato",34.4,79.7,100,1327,2026-04-18 14:20:38
"spoiled cucumber, spoiled banana, spoiled tomato",34.4,79.8,135,1268,2026-04-18 14:21:08
"spoiled cucumber, spoiled banana, spoiled tomato",34.4,80,117,1202,2026-04-18 14:21:38
"spoiled cucumber, spoiled banana, spoiled tomato",34.4,79.7,96,1226,2026-04-18 14:22:09
"spoiled cucumber, spoiled banana, spoiled tomato",34.4,79.9,105,1187,2026-04-18 14:22:39
"spoiled cucumber, spoiled banana, spoiled tomato",34.4,79.8,115,1331,2026-04-18 14:23:09
"spoiled cucumber, spoiled banana, spoiled tomato",34.5,79.8,110,1161,2026-04-18 14:23:40
"spoiled cucumber, spoiled banana, spoiled tomato",34.4,79.7,114,1164,2026-04-18 14:24:10
"spoiled cucumber, spoiled banana, spoiled tomato",34.5,80.1,90,1372,2026-04-18 14:24:40
"spoiled cucumber, spoiled banana, spoiled tomato",34.5,79.9,106,1249,2026-04-18 14:25:10
"spoiled cucumber, spoiled banana, spoiled tomato",34.5,79.8,101,1350,2026-04-18 14:25:41
"spoiled cucumber, spoiled banana, spoiled tomato",34.5,79.7,118,1534,2026-04-18 14:26:11
"spoiled cucumber, spoiled banana, spoiled tomato",34.5,79.6,135,1522,2026-04-18 14:26:41
"spoiled cucumber, spoiled banana, spoiled tomato",34.5,79.8,107,1391,2026-04-18 14:27:12
"spoiled cucumber, spoiled banana, spoiled tomato",34.5,80.1,103,1313,2026-04-18 14:27:42
"spoiled cucumber, spoiled banana, spoiled tomato",34.5,80.1,112,1249,2026-04-18 14:28:12
"spoiled cucumber, spoiled banana, spoiled tomato",34.5,79.8,101,1422,2026-04-18 14:28:42
"spoiled cucumber, spoiled banana, spoiled tomato",34.6,79.8,118,1265,2026-04-18 14:29:14
"spoiled cucumber, spoiled banana, spoiled tomato",34.5,79.8,119,1328,2026-04-18 14:29:44
"spoiled cucumber, spoiled banana, spoiled tomato",34.6,79.8,109,1229,2026-04-18 14:30:14
"spoiled cucumber, spoiled banana, spoiled tomato",34.6,80,115,1237,2026-04-18 14:30:44
"spoiled cucumber, spoiled banana, spoiled tomato",34.6,79.9,115,1274,2026-04-18 14:31:14
"spoiled cucumber, spoiled banana, spoiled tomato",34.6,79.9,112,1390,2026-04-18 14:31:45
"spoiled cucumber, spoiled banana, spoiled tomato",34.6,79.7,112,1261,2026-04-18 14:32:15
"spoiled cucumber, spoiled banana, spoiled tomato",34.6,79.6,110,1718,2026-04-18 14:32:45
"spoiled cucumber, spoiled banana, spoiled tomato",34.6,79.5,112,1440,2026-04-18 14:33:16
"spoiled cucumber, spoiled banana, spoiled tomato",34.6,79.7,112,1663,2026-04-18 14:33:47
"spoiled cucumber, spoiled banana, spoiled tomato",34.6,79.6,101,1474,2026-04-18 14:34:17
"spoiled cucumber, spoiled banana, spoiled tomato",34.6,79.8,93,1735,2026-04-18 14:34:47
"spoiled cucumber, spoiled banana, spoiled tomato",34.7,79.7,101,1345,2026-04-18 14:35:17
"spoiled cucumber, spoiled banana, spoiled tomato",34.7,79.9,94,1333,2026-04-18 14:35:47
"spoiled cucumber, spoiled banana, spoiled tomato",34.7,79.7,112,1381,2026-04-18 14:36:18
"spoiled cucumber, spoiled banana, spoiled tomato",34.7,79.8,128,1630,2026-04-18 14:36:48
"spoiled cucumber, spoiled banana, spoiled tomato",34.6,79.8,99,1395,2026-04-18 14:37:18
"spoiled cucumber, spoiled banana, spoiled tomato",34.7,79.8,126,1351,2026-04-18 14:37:49
"spoiled cucumber, spoiled banana, spoiled tomato",34.7,79.8,128,1671,2026-04-18 14:38:19
"spoiled cucumber, spoiled banana, spoiled tomato",34.7,79.9,128,1505,2026-04-18 14:38:49
"spoiled cucumber, spoiled banana, spoiled tomato",34.7,80,89,1621,2026-04-18 14:39:20
"spoiled cucumber, spoiled banana, spoiled tomato",34.7,79.8,119,1328,2026-04-18 14:39:50
"spoiled cucumber, spoiled banana, spoiled tomato",34.7,80.1,123,1340,2026-04-18 14:40:20
"spoiled cucumber, spoiled banana, spoiled tomato",34.8,80.1,134,1456,2026-04-18 14:40:50
"spoiled cucumber, spoiled banana, spoiled tomato",34.7,79.4,133,1278,2026-04-18 14:41:21
"spoiled cucumber, spoiled banana, spoiled tomato",34.7,79.8,128,1584,2026-04-18 14:41:51
"spoiled cucumber, spoiled banana, spoiled tomato",34.8,79.8,114,1572,2026-04-18 14:42:21
"spoiled cucumber, spoiled banana, spoiled tomato",34.8,79.9,114,1349,2026-04-18 14:42:51
"spoiled cucumber, spoiled banana, spoiled tomato",34.8,80.3,114,1462,2026-04-18 14:43:22
"spoiled cucumber, spoiled banana, spoiled tomato",34.8,80.3,117,1345,2026-04-18 14:43:52
"spoiled cucumber, spoiled banana, spoiled tomato",34.8,80.1,124,1435,2026-04-18 14:44:22
"spoiled cucumber, spoiled banana, spoiled tomato",34.8,79.6,132,1423,2026-04-18 14:44:52
"spoiled cucumber, spoiled banana, spoiled tomato",34.8,79.8,127,1429,2026-04-18 14:45:28
"spoiled cucumber, spoiled banana, spoiled tomato",34.8,79.5,139,1671,2026-04-18 14:45:58
"spoiled cucumber, spoiled banana, spoiled tomato",34.8,79.9,101,1560,2026-04-18 14:46:28
"spoiled cucumber, spoiled banana, spoiled tomato",34.8,79.8,112,1453,2026-04-18 14:47:00
"spoiled cucumber, spoiled banana, spoiled tomato",34.8,80.2,133,1362,2026-04-18 14:47:30
"spoiled cucumber, spoiled banana, spoiled tomato",34.9,80.2,110,1311,2026-04-18 14:48:00
"spoiled cucumber, spoiled banana, spoiled tomato",34.8,80,107,1376,2026-04-18 14:48:30
"spoiled cucumber, spoiled banana, spoiled tomato",34.8,80.3,119,1351,2026-04-18 14:49:00
"spoiled cucumber, spoiled banana, spoiled tomato",34.9,80.3,103,1337,2026-04-18 14:49:31
"spoiled cucumber, spoiled banana, spoiled tomato",34.8,80.4,125,1298,2026-04-18 14:50:01
"spoiled cucumber, spoiled banana, spoiled tomato",34.9,80.3,101,1506,2026-04-18 14:50:31
"spoiled cucumber, spoiled banana, spoiled tomato",34.8,79.9,110,1535,2026-04-18 14:51:01
"spoiled cucumber, spoiled banana, spoiled tomato",34.9,79.6,122,1670,2026-04-18 14:51:32
"spoiled cucumber, spoiled banana, spoiled tomato",34.9,80,112,1425,2026-04-18 14:52:02
"spoiled cucumber, spoiled banana, spoiled tomato",34.9,80.3,117,1403,2026-04-18 14:52:32
"spoiled cucumber, spoiled banana, spoiled tomato",34.9,79.8,112,1385,2026-04-18 14:53:02
"spoiled cucumber, spoiled banana, spoiled tomato",34.9,80.1,112,1351,2026-04-18 14:53:33
"spoiled cucumber, spoiled banana, spoiled tomato",34.9,80.1,119,1350,2026-04-18 14:54:03
"spoiled cucumber, spoiled banana, spoiled tomato",34.9,80.3,129,1363,2026-04-18 14:54:34
"spoiled cucumber, spoiled banana, spoiled tomato",34.9,79.9,125,1474,2026-04-18 14:55:04
"spoiled cucumber, spoiled banana, spoiled tomato",34.9,80.1,105,1454,2026-04-18 14:55:34
"spoiled cucumber, spoiled banana, spoiled tomato",34.9,80.3,128,1421,2026-04-18 14:56:05
"spoiled cucumber, spoiled banana, spoiled tomato",34.9,79.6,95,1687,2026-04-18 14:56:35
"spoiled cucumber, spoiled banana, spoiled tomato",34.9,80.2,96,1616,2026-04-18 14:57:05
"spoiled cucumber, spoiled banana, spoiled tomato",34.9,79.5,117,1488,2026-04-18 14:57:36
"spoiled cucumber, spoiled banana, spoiled tomato",35,79.7,129,1466,2026-04-18 14:58:06
"spoiled cucumber, spoiled banana, spoiled tomato",35,79.5,138,1386,2026-04-18 14:58:36
"spoiled cucumber, spoiled banana, spoiled tomato",34.9,79.5,123,1456,2026-04-18 14:59:06
"spoiled cucumber, spoiled banana, spoiled tomato",34.9,79.6,129,1370,2026-04-18 14:59:36
"spoiled cucumber, spoiled banana, spoiled tomato",35,79.7,123,1452,2026-04-18 15:00:07
"spoiled cucumber, spoiled banana, spoiled tomato",35,79.8,112,1466,2026-04-18 15:00:37
"spoiled cucumber, spoiled banana, spoiled tomato",35,79.6,130,1637,2026-04-18 15:01:08
"spoiled cucumber, spoiled banana, spoiled tomato",35,79.9,124,1483,2026-04-18 15:01:38
"spoiled cucumber, spoiled banana, spoiled tomato",34.9,80,138,1694,2026-04-18 15:02:08
"spoiled cucumber, spoiled banana, spoiled tomato",35,79.4,126,1535,2026-04-18 15:02:38
"spoiled cucumber, spoiled banana, spoiled tomato",35,80.2,129,1535,2026-04-18 15:03:08
"spoiled cucumber, spoiled banana, spoiled tomato",35,79.8,128,1430,2026-04-18 15:03:39
"spoiled cucumber, spoiled banana, spoiled tomato",35,79.9,125,1426,2026-04-18 15:04:09
"spoiled cucumber, spoiled banana, spoiled tomato",35,80.3,124,1680,2026-04-18 15:04:39
"spoiled cucumber, spoiled banana, spoiled tomato",35,80,107,1762,2026-04-18 15:05:09
"spoiled cucumber, spoiled banana, spoiled tomato",35.1,80,122,1534,2026-04-18 15:05:40
"spoiled cucumber, spoiled banana, spoiled tomato",35,79.9,139,1530,2026-04-18 15:06:10
"spoiled cucumber, spoiled banana, spoiled tomato",35.1,80.2,127,1604,2026-04-18 15:06:40
"spoiled cucumber, spoiled banana, spoiled tomato",35.1,79.3,122,2013,2026-04-18 15:07:10
"spoiled cucumber, spoiled banana, spoiled tomato",35.1,79.6,107,1926,2026-04-18 15:07:41
"spoiled cucumber, spoiled banana, spoiled tomato",35.1,79.3,128,1644,2026-04-18 15:08:11
"spoiled cucumber, spoiled banana, spoiled tomato",35.1,79,118,1795,2026-04-18 15:08:41
"spoiled cucumber, spoiled banana, spoiled tomato",35.1,79.6,126,1669,2026-04-18 15:09:11
"spoiled cucumber, spoiled banana, spoiled tomato",35.1,80.2,123,1657,2026-04-18 15:09:41
"spoiled cucumber, spoiled banana, spoiled tomato",35.1,80,124,1680,2026-04-18 15:10:12
"spoiled cucumber, spoiled banana, spoiled tomato",35.1,79.7,141,1535,2026-04-18 15:10:42
"spoiled cucumber, spoiled banana, spoiled tomato",35.1,79.7,131,1535,2026-04-18 15:11:12
"spoiled cucumber, spoiled banana, spoiled tomato",35.1,79.9,112,1648,2026-04-18 15:11:43
"spoiled cucumber, spoiled banana, spoiled tomato",35.1,80,115,1499,2026-04-18 15:12:13
"spoiled cucumber, spoiled banana, spoiled tomato",35.2,79.4,128,1594,2026-04-18 15:12:44
"spoiled cucumber, spoiled banana, spoiled tomato",35.1,80.2,117,1600,2026-04-18 15:13:14
"spoiled cucumber, spoiled banana, spoiled tomato",35.2,80.5,126,1732,2026-04-18 15:13:44
"spoiled cucumber, spoiled banana, spoiled tomato",35.1,80.2,110,1777,2026-04-18 15:14:14
"spoiled cucumber, spoiled banana, spoiled tomato",35.2,79.5,107,1601,2026-04-18 15:14:44
"spoiled cucumber, spoiled banana, spoiled tomato",35.2,79.4,129,1535,2026-04-18 15:15:15
"spoiled cucumber, spoiled banana, spoiled tomato",35.2,79.9,106,1811,2026-04-18 15:15:45
"spoiled cucumber, spoiled banana, spoiled tomato",35.2,79.5,130,1943,2026-04-18 15:16:15
"spoiled cucumber, spoiled banana, spoiled tomato",35.2,79.9,113,1839,2026-04-18 15:16:45
"spoiled cucumber, spoiled banana, spoiled tomato",35.2,79.7,106,1808,2026-04-18 15:17:16
"spoiled cucumber, spoiled banana, spoiled tomato",35.2,79.5,113,1939,2026-04-18 15:17:46
"spoiled cucumber, spoiled banana, spoiled tomato",35.2,79.7,99,2075,2026-04-18 15:18:16
"spoiled cucumber, spoiled banana, spoiled tomato",35.2,79.7,102,2096,2026-04-18 15:18:47
"spoiled cucumber, spoiled banana, spoiled tomato",35.2,79,101,1714,2026-04-18 15:19:17
"spoiled cucumber, spoiled banana, spoiled tomato",35.2,79.8,107,1587,2026-04-18 15:19:47
"spoiled cucumber, spoiled banana, spoiled tomato",35.3,79,99,1911,2026-04-18 15:20:17
"spoiled cucumber, spoiled banana, spoiled tomato",35.2,79.6,112,1674,2026-04-18 15:20:48
"spoiled cucumber, spoiled banana, spoiled tomato",35.2,79.8,99,1614,2026-04-18 15:21:18
"spoiled cucumber, spoiled banana, spoiled tomato",35.3,79.9,121,1535,2026-04-18 15:21:48
"spoiled cucumber, spoiled banana, spoiled tomato",35.3,79.5,135,1758,2026-04-18 15:22:19
"spoiled cucumber, spoiled banana, spoiled tomato",35.3,79.8,101,1669,2026-04-18 15:22:49
"spoiled cucumber, spoiled banana, spoiled tomato",35.3,79.6,112,1877,2026-04-18 15:23:19
"spoiled cucumber, spoiled banana, spoiled tomato",35.2,79.5,113,1847,2026-04-18 15:23:50
"spoiled cucumber, spoiled banana, spoiled tomato",35.3,79.3,111,1737,2026-04-18 15:24:20
"spoiled cucumber, spoiled banana, spoiled tomato",35.3,79.3,105,1854,2026-04-18 15:24:51
"spoiled cucumber, spoiled banana, spoiled tomato",35.3,79.3,108,1779,2026-04-18 15:25:21
"spoiled cucumber, spoiled banana, spoiled tomato",35.3,79.9,110,2019,2026-04-18 15:25:51
"spoiled cucumber, spoiled banana, spoiled tomato",35.2,79.7,117,1634,2026-04-18 15:26:21
"spoiled cucumber, spoiled banana, spoiled tomato",35.3,80.1,115,1600,2026-04-18 15:26:52
"spoiled cucumber, spoiled banana, spoiled tomato",35.3,79.7,114,1586,2026-04-18 15:27:27
"spoiled cucumber, spoiled banana, spoiled tomato",35.3,79.7,91,1575,2026-04-18 15:27:57
"spoiled cucumber, spoiled banana, spoiled tomato",35.3,79.7,128,1669,2026-04-18 15:28:28
"spoiled cucumber, spoiled banana, spoiled tomato",35.3,79.6,117,1604,2026-04-18 15:28:58
"spoiled cucumber, spoiled banana, spoiled tomato",35.3,79.9,114,1904,2026-04-18 15:29:28
"spoiled cucumber, spoiled banana, spoiled tomato",35.3,79.2,121,1735,2026-04-18 15:29:59
"spoiled cucumber, spoiled banana, spoiled tomato",35.3,79.7,130,1841,2026-04-18 15:30:29
"spoiled cucumber, spoiled banana, spoiled tomato",35.3,79.6,126,1681,2026-04-18 15:30:59
"spoiled cucumber, spoiled banana, spoiled tomato",35.3,79.5,108,1904,2026-04-18 15:31:29
"spoiled cucumber, spoiled banana, spoiled tomato",35.3,79.8,117,1783,2026-04-18 15:32:00
"spoiled cucumber, spoiled banana, spoiled tomato",35.4,79.6,128,1619,2026-04-18 15:32:30
"spoiled cucumber, spoiled banana, spoiled tomato",35.3,79.7,114,1610,2026-04-18 15:33:00
"spoiled cucumber, spoiled banana, spoiled tomato",35.3,79.6,114,1629,2026-04-18 15:33:31
"spoiled cucumber, spoiled banana, spoiled tomato",35.4,80.1,102,1854,2026-04-18 15:34:01
"spoiled cucumber, spoiled banana, spoiled tomato",35.4,79.2,121,1808,2026-04-18 15:34:32
"spoiled cucumber, spoiled banana, spoiled tomato",35.3,79.5,125,1648,2026-04-18 15:35:03
"spoiled cucumber, spoiled banana, spoiled tomato",35.3,79.5,130,1531,2026-04-18 15:35:38
"spoiled cucumber, spoiled banana, spoiled tomato",35.3,79.6,118,1530,2026-04-18 15:36:08
"spoiled cucumber, spoiled banana, spoiled tomato",35.3,79.6,112,1582,2026-04-18 15:36:38
"spoiled cucumber, spoiled banana, spoiled tomato",35.4,80.1,110,1616,2026-04-18 15:37:09
"spoiled cucumber, spoiled banana, spoiled tomato",35.4,80.3,109,1697,2026-04-18 15:37:40
"spoiled cucumber, spoiled banana, spoiled tomato",35.3,79.2,111,1516,2026-04-18 15:38:10
"spoiled cucumber, spoiled banana, spoiled tomato",35.3,80,112,1475,2026-04-18 15:38:40
"spoiled cucumber, spoiled banana, spoiled tomato",35.4,79.4,118,1488,2026-04-18 15:39:11
"spoiled cucumber, spoiled banana, spoiled tomato",35.4,80.2,107,1666,2026-04-18 15:39:41
"spoiled cucumber, spoiled banana, spoiled tomato",35.4,79.7,116,1823,2026-04-18 15:40:12
"spoiled cucumber, spoiled banana, spoiled tomato",35.4,79.9,118,1761,2026-04-18 15:40:42
"spoiled cucumber, spoiled banana, spoiled tomato",35.4,79.5,120,1535,2026-04-18 15:41:12
"spoiled cucumber, spoiled banana, spoiled tomato",35.4,79.5,115,1697,2026-04-18 15:41:42
"spoiled cucumber, spoiled banana, spoiled tomato",35.4,79.5,135,1535,2026-04-18 15:42:13
"spoiled cucumber, spoiled banana, spoiled tomato",35.4,79.9,123,1570,2026-04-18 15:42:43
"spoiled cucumber, spoiled banana, spoiled tomato",35.4,79.9,125,1587,2026-04-18 15:43:13
"spoiled cucumber, spoiled banana, spoiled tomato",35.4,79.5,137,1528,2026-04-18 15:43:43
"spoiled cucumber, spoiled banana, spoiled tomato",35.4,79.6,128,1460,2026-04-18 15:44:14
"spoiled cucumber, spoiled banana, spoiled tomato",35.4,79.8,102,1498,2026-04-18 15:44:44
"spoiled cucumber, spoiled banana, spoiled tomato",35.4,80.1,132,1535,2026-04-18 15:45:14
"spoiled cucumber, spoiled banana, spoiled tomato",35.4,80,107,1626,2026-04-18 15:45:45
"spoiled cucumber, spoiled banana, spoiled tomato",35.4,79.5,127,2054,2026-04-18 15:46:15
"spoiled cucumber, spoiled banana, spoiled tomato",35.4,80.3,109,1862,2026-04-18 15:46:46
"spoiled cucumber, spoiled banana, spoiled tomato",35.5,79.1,110,1689,2026-04-18 15:47:16
"spoiled cucumber, spoiled banana, spoiled tomato",35.4,79.4,119,1993,2026-04-18 15:47:46
"spoiled cucumber, spoiled banana, spoiled tomato",35.4,79.2,128,1729,2026-04-18 15:48:16
"spoiled cucumber, spoiled banana, spoiled tomato",35.5,79.5,128,1829,2026-04-18 15:48:47
"spoiled cucumber, spoiled banana, spoiled tomato",35.4,80,115,2146,2026-04-18 15:49:18
"spoiled cucumber, spoiled banana, spoiled tomato",35.4,79.3,144,2004,2026-04-18 15:49:48
"spoiled cucumber, spoiled banana, spoiled tomato",35.4,79.8,111,1824,2026-04-18 15:50:18
"spoiled cucumber, spoiled banana, spoiled tomato",35.4,80.1,101,1925,2026-04-18 15:50:49
"spoiled cucumber, spoiled banana, spoiled tomato",35.4,79.8,121,1808,2026-04-18 15:51:19
"spoiled cucumber, spoiled banana, spoiled tomato",35.4,79.8,125,1822,2026-04-18 15:51:49
"spoiled cucumber, spoiled banana, spoiled tomato",35.4,79,121,1933,2026-04-18 15:52:19
"spoiled cucumber, spoiled banana, spoiled tomato",35.4,79.5,111,1876,2026-04-18 15:52:50
"spoiled cucumber, spoiled banana, spoiled tomato",35.4,80,110,1775,2026-04-18 15:53:20
"spoiled cucumber, spoiled banana, spoiled tomato",35.4,79.9,128,1829,2026-04-18 15:53:50
"spoiled cucumber, spoiled banana, spoiled tomato",35.4,79.3,121,2046,2026-04-18 15:54:21
"spoiled cucumber, spoiled banana, spoiled tomato",35.4,79.9,118,1951,2026-04-18 15:54:51
"spoiled cucumber, spoiled banana, spoiled tomato",35.4,79.4,133,2085,2026-04-18 15:55:22
"spoiled cucumber, spoiled banana, spoiled tomato",35.5,79.4,115,1872,2026-04-18 15:55:52
"spoiled cucumber, spoiled banana, spoiled tomato",35.4,79.4,93,1808,2026-04-18 15:56:23
"spoiled cucumber, spoiled banana, spoiled tomato",35.5,79.2,134,1776,2026-04-18 15:56:53
"spoiled cucumber, spoiled banana, spoiled tomato",35.4,79.4,150,1643,2026-04-18 15:57:23
"spoiled cucumber, spoiled banana, spoiled tomato",35.5,80.2,139,1883,2026-04-18 15:57:53
"spoiled cucumber, spoiled banana, spoiled tomato",35.4,79.3,119,2007,2026-04-18 15:58:24
"spoiled cucumber, spoiled banana, spoiled tomato",35.4,79.8,112,1793,2026-04-18 15:58:54
"spoiled cucumber, spoiled banana, spoiled tomato",35.5,79.2,114,1643,2026-04-18 15:59:24
"spoiled cucumber, spoiled banana, spoiled tomato",35.5,79.2,147,1903,2026-04-18 15:59:54
"spoiled cucumber, spoiled banana, spoiled tomato",35.5,79,110,1808,2026-04-18 16:00:25
"spoiled cucumber, spoiled banana, spoiled tomato",35.5,80.1,115,1712,2026-04-18 16:00:55
"spoiled cucumber, spoiled banana, spoiled tomato",35.5,79.8,125,1778,2026-04-18 16:01:25
"spoiled cucumber, spoiled banana, spoiled tomato",35.5,79.2,134,1783,2026-04-18 16:01:55
"spoiled cucumber, spoiled banana, spoiled tomato",35.5,79.5,134,1921,2026-04-18 16:02:26
"spoiled cucumber, spoiled banana, spoiled tomato",35.5,80.1,109,1953,2026-04-18 16:02:56
"spoiled cucumber, spoiled banana, spoiled tomato",35.5,79.6,97,1770,2026-04-18 16:03:26
"spoiled cucumber, spoiled banana, spoiled tomato",35.5,79.5,103,1677,2026-04-18 16:03:56
"spoiled cucumber, spoiled banana, spoiled tomato",35.5,79.7,113,1646,2026-04-18 16:04:27
"spoiled cucumber, spoiled banana, spoiled tomato",35.5,79.9,122,1770,2026-04-18 16:04:57
"spoiled cucumber, spoiled banana, spoiled tomato",35.5,79.1,109,1616,2026-04-18 16:05:28
"spoiled cucumber, spoiled banana, spoiled tomato",35.5,80.2,127,1707,2026-04-18 16:05:58
"spoiled cucumber, spoiled banana, spoiled tomato",35.6,79.9,135,1591,2026-04-18 16:06:28
"spoiled cucumber, spoiled banana, spoiled tomato",35.5,80.6,146,1937,2026-04-18 16:06:59
"spoiled cucumber, spoiled banana, spoiled tomato",35.5,80,137,1686,2026-04-18 16:07:29
"spoiled cucumber, spoiled banana, spoiled tomato",35.6,79.8,101,1586,2026-04-18 16:08:01
"spoiled cucumber, spoiled banana, spoiled tomato",35.5,79.8,113,1708,2026-04-18 16:08:32
"spoiled cucumber, spoiled banana, spoiled tomato",35.6,80.1,132,1594,2026-04-18 16:09:02
"spoiled cucumber, spoiled banana, spoiled tomato",35.5,80.2,106,1618,2026-04-18 16:09:32
"spoiled cucumber, spoiled banana, spoiled tomato",35.6,80.6,129,1634,2026-04-18 16:10:02
"spoiled cucumber, spoiled banana, spoiled tomato",35.6,80,130,1648,2026-04-18 16:10:32
"spoiled cucumber, spoiled banana, spoiled tomato",35.6,80.2,141,1718,2026-04-18 16:11:03
"spoiled cucumber, spoiled banana, spoiled tomato",35.6,79.8,125,1645,2026-04-18 16:11:34
"spoiled cucumber, spoiled banana, spoiled tomato",35.6,80.2,141,1679,2026-04-18 16:12:04
"spoiled cucumber, spoiled banana, spoiled tomato",35.6,80.4,119,1808,2026-04-18 16:12:35
"spoiled cucumber, spoiled banana, spoiled tomato",35.6,79.8,131,1667,2026-04-18 16:13:05
"spoiled cucumber, spoiled banana, spoiled tomato",35.6,79.9,144,1648,2026-04-18 16:13:36
"spoiled cucumber, spoiled banana, spoiled tomato",35.6,80.3,123,1679,2026-04-18 16:14:06
"spoiled cucumber, spoiled banana, spoiled tomato",35.6,79.8,128,1680,2026-04-18 16:14:36
"spoiled cucumber, spoiled banana, spoiled tomato",35.6,80.2,125,1680,2026-04-18 16:15:06
"spoiled cucumber, spoiled banana, spoiled tomato",35.6,80,139,1600,2026-04-18 16:15:36
"spoiled cucumber, spoiled banana, spoiled tomato",35.6,80.7,125,1658,2026-04-18 16:16:07
"spoiled cucumber, spoiled banana, spoiled tomato",35.6,80.7,149,1741,2026-04-18 16:16:39
"spoiled cucumber, spoiled banana, spoiled tomato",35.7,80.2,117,1759,2026-04-18 16:17:10
"spoiled cucumber, spoiled banana, spoiled tomato",35.6,80,117,1719,2026-04-18 16:17:40
"spoiled cucumber, spoiled banana, spoiled tomato",35.6,80.1,127,1744,2026-04-18 16:18:11
"spoiled cucumber, spoiled banana, spoiled tomato",35.6,80.4,128,1978,2026-04-18 16:18:41
"spoiled cucumber, spoiled banana, spoiled tomato",35.7,80.2,114,1815,2026-04-18 16:19:12
"spoiled cucumber, spoiled banana, spoiled tomato",35.6,80.2,128,1784,2026-04-18 16:19:42
"spoiled cucumber, spoiled banana, spoiled tomato",35.7,80.5,112,1810,2026-04-18 16:20:12
"spoiled cucumber, spoiled banana, spoiled tomato",35.6,80.4,139,1772,2026-04-18 16:20:42
"spoiled cucumber, spoiled banana, spoiled tomato",35.7,79.9,122,1651,2026-04-18 16:21:12
"spoiled cucumber, spoiled banana, spoiled tomato",35.6,80.4,128,1769,2026-04-18 16:21:43
"spoiled cucumber, spoiled banana, spoiled tomato",35.7,80.3,128,1691,2026-04-18 16:22:13
"spoiled cucumber, spoiled banana, spoiled tomato",35.7,80.4,129,1753,2026-04-18 16:22:43
"spoiled cucumber, spoiled banana, spoiled tomato",35.7,80.5,131,1889,2026-04-18 16:23:13
"spoiled cucumber, spoiled banana, spoiled tomato",35.7,80.3,110,2111,2026-04-18 16:23:44
"spoiled cucumber, spoiled banana, spoiled tomato",35.7,80.2,121,1817,2026-04-18 16:24:14
"spoiled cucumber, spoiled banana, spoiled tomato",35.6,79.8,137,1750,2026-04-18 16:24:45
"spoiled cucumber, spoiled banana, spoiled tomato",35.6,80.1,126,1754,2026-04-18 16:25:15
"spoiled cucumber, spoiled banana, spoiled tomato",35.7,79.7,112,1754,2026-04-18 16:25:45
"spoiled cucumber, spoiled banana, spoiled tomato",35.6,80.2,129,1854,2026-04-18 16:26:16
"spoiled cucumber, spoiled banana, spoiled tomato",35.7,79.5,115,1791,2026-04-18 16:26:46
"spoiled cucumber, spoiled banana, spoiled tomato",35.7,81,117,1840,2026-04-18 16:27:16
"spoiled cucumber, spoiled banana, spoiled tomato",35.6,80,112,1797,2026-04-18 16:27:47
"spoiled cucumber, spoiled banana, spoiled tomato",35.7,81,122,2000,2026-04-18 16:28:17
"spoiled cucumber, spoiled banana, spoiled tomato",35.7,80,137,1761,2026-04-18 16:28:47
"spoiled cucumber, spoiled banana, spoiled tomato",35.7,79.4,112,1779,2026-04-18 16:29:18
"spoiled cucumber, spoiled banana, spoiled tomato",35.7,79.5,150,1749,2026-04-18 16:29:48
"spoiled cucumber, spoiled banana, spoiled tomato",35.7,80,117,1830,2026-04-18 16:30:19
"spoiled cucumber, spoiled banana, spoiled tomato",35.7,79.7,112,1837,2026-04-18 16:30:49
"spoiled cucumber, spoiled banana, spoiled tomato",35.7,79.8,108,1941,2026-04-18 16:31:19
"spoiled cucumber, spoiled banana, spoiled tomato",35.7,79.7,145,1846,2026-04-18 16:31:49
"spoiled cucumber, spoiled banana, spoiled tomato",35.6,79.9,124,1857,2026-04-18 16:32:20
"spoiled cucumber, spoiled banana, spoiled tomato",35.7,80.9,112,2030,2026-04-18 16:32:50
"spoiled cucumber, spoiled banana, spoiled tomato",35.7,79.7,110,1919,2026-04-18 16:33:21
"spoiled cucumber, spoiled banana, spoiled tomato",35.7,79.9,128,1875,2026-04-18 16:33:51
"spoiled cucumber, spoiled banana, spoiled tomato",35.7,80.9,129,2149,2026-04-18 16:34:21
"spoiled cucumber, spoiled banana, spoiled tomato",35.7,79.8,112,1907,2026-04-18 16:34:52
"spoiled cucumber, spoiled banana, spoiled tomato",35.7,80,133,1939,2026-04-18 16:35:22
"spoiled cucumber, spoiled banana, spoiled tomato",35.7,79.5,129,1897,2026-04-18 16:35:52
"spoiled cucumber, spoiled banana, spoiled tomato",35.7,80.6,111,1986,2026-04-18 16:36:22
"spoiled cucumber, spoiled banana, spoiled tomato",35.7,79.8,128,1851,2026-04-18 16:36:53
"spoiled cucumber, spoiled banana, spoiled tomato",35.7,80.2,139,1937,2026-04-18 16:37:23
"spoiled cucumber, spoiled banana, spoiled tomato",35.7,80.1,120,1920,2026-04-18 16:37:53
"spoiled cucumber, spoiled banana, spoiled tomato",35.7,80,115,1809,2026-04-18 16:38:24
"spoiled cucumber, spoiled banana, spoiled tomato",35.7,80.8,119,1815,2026-04-18 16:38:54
"spoiled cucumber, spoiled banana, spoiled tomato",35.7,79.8,111,1989,2026-04-18 16:39:24
"spoiled cucumber, spoiled banana, spoiled tomato",35.7,79.7,111,1760,2026-04-18 16:39:54
"spoiled cucumber, spoiled banana, spoiled tomato",35.7,80.7,102,1827,2026-04-18 16:40:24
"spoiled cucumber, spoiled banana, spoiled tomato",35.7,80.2,132,1936,2026-04-18 16:40:55
"spoiled cucumber, spoiled banana, spoiled tomato",35.7,80.4,112,2061,2026-04-18 16:41:25
"spoiled cucumber, spoiled banana, spoiled tomato",35.7,79.9,111,1997,2026-04-18 16:41:55
"spoiled cucumber, spoiled banana, spoiled tomato",35.7,81,118,2001,2026-04-18 16:42:26
"spoiled cucumber, spoiled banana, spoiled tomato",35.7,80,124,1933,2026-04-18 16:42:56
"spoiled cucumber, spoiled banana, spoiled tomato",35.7,79.5,123,1897,2026-04-18 16:43:26
"spoiled cucumber, spoiled banana, spoiled tomato",35.7,80,119,1854,2026-04-18 16:44:01
"spoiled cucumber, spoiled banana, spoiled tomato",35.7,80,105,1941,2026-04-18 16:44:31
"spoiled cucumber, spoiled banana, spoiled tomato",35.7,80.4,144,2032,2026-04-18 16:45:01
"spoiled cucumber, spoiled banana, spoiled tomato",35.7,80.3,114,2016,2026-04-18 16:45:32
"spoiled cucumber, spoiled banana, spoiled tomato",35.7,79.6,121,1841,2026-04-18 16:46:02
"spoiled cucumber, spoiled banana, spoiled tomato",35.7,80,126,1843,2026-04-18 16:46:33
"spoiled cucumber, spoiled banana, spoiled tomato",35.7,80,120,1890,2026-04-18 16:47:11
"spoiled cucumber, spoiled banana, spoiled tomato",35.7,81.4,115,2135,2026-04-18 16:47:41
"spoiled cucumber, spoiled banana, spoiled tomato",35.7,80.2,131,2064,2026-04-18 16:48:11
"spoiled cucumber, spoiled banana, spoiled tomato",35.7,80.3,114,2133,2026-04-18 16:48:41
"spoiled cucumber, spoiled banana, spoiled tomato",35.7,79.8,128,2002,2026-04-18 16:49:13
"spoiled cucumber, spoiled banana, spoiled tomato",29.2,58.3,99,843,2026-04-18 16:52:13
"spoiled cucumber, spoiled banana, spoiled tomato",28.4,60.5,66,1097,2026-04-18 16:52:44
"spoiled cucumber, spoiled banana, spoiled tomato",27.5,60.3,48,912,2026-04-18 16:53:14
"spoiled cucumber, spoiled banana, spoiled tomato",26.7,60.3,23,779,2026-04-18 16:53:44
"spoiled cucumber, spoiled banana, spoiled tomato",26,61.1,21,700,2026-04-18 16:54:14
"spoiled cucumber, spoiled banana, spoiled tomato",25.3,62.5,14,609,2026-04-18 16:54:45
"spoiled cucumber, spoiled banana, spoiled tomato",24.8,63,5,539,2026-04-18 16:55:15
"spoiled cucumber, spoiled banana, spoiled tomato",24.3,63.1,0,486,2026-04-18 16:55:45
"spoiled cucumber, spoiled banana, spoiled tomato",23.9,63.5,0,481,2026-04-18 16:56:16
"spoiled cucumber, spoiled banana, spoiled tomato",23.5,63.3,0,458,2026-04-18 16:56:46
"spoiled cucumber, spoiled banana, spoiled tomato",23.1,63.6,2,431,2026-04-18 16:57:16
"spoiled cucumber, spoiled banana, spoiled tomato",22.8,63.4,0,402,2026-04-18 16:57:47
"spoiled cucumber, spoiled banana, spoiled tomato",22.4,63.4,0,380,2026-04-18 16:58:17
"spoiled cucumber, spoiled banana, spoiled tomato",22.1,63.3,0,371,2026-04-18 16:58:47
"spoiled cucumber, spoiled banana, spoiled tomato",21.9,64,0,369,2026-04-18 16:59:17
"spoiled cucumber, spoiled banana, spoiled tomato",21.6,63.7,0,357,2026-04-18 16:59:48
"spoiled cucumber, spoiled banana, spoiled tomato",21.4,64.9,0,354,2026-04-18 17:00:18
"spoiled cucumber, spoiled banana, spoiled tomato",21.2,64.5,0,357,2026-04-18 17:00:48
"spoiled cucumber, spoiled banana, spoiled tomato",21,65.1,0,353,2026-04-18 17:01:19
"spoiled cucumber, spoiled banana, spoiled tomato",20.8,64.9,0,346,2026-04-18 17:01:50
"spoiled cucumber, spoiled banana, spoiled tomato",20.6,65.7,0,336,2026-04-18 17:02:20
"spoiled cucumber, spoiled banana, spoiled tomato",20.4,66,0,327,2026-04-18 17:02:50
"spoiled cucumber, spoiled banana, spoiled tomato",20.3,66.4,0,323,2026-04-18 17:03:21
"spoiled cucumber, spoiled banana, spoiled tomato",20.2,66.3,0,337,2026-04-18 17:03:51
"spoiled cucumber, spoiled banana, spoiled tomato",20.1,66.7,0,323,2026-04-18 17:04:21
"spoiled cucumber, spoiled banana, spoiled tomato",19.9,67.4,0,330,2026-04-18 17:04:52
"spoiled cucumber, spoiled banana, spoiled tomato",19.8,67,0,320,2026-04-18 17:05:22
"spoiled cucumber, spoiled banana, spoiled tomato",19.7,67.6,0,328,2026-04-18 17:05:52
"spoiled cucumber, spoiled banana, spoiled tomato",19.7,68.4,0,317,2026-04-18 17:06:23
"spoiled cucumber, spoiled banana, spoiled tomato",19.5,68.6,0,318,2026-04-18 17:06:53
"spoiled cucumber, spoiled banana, spoiled tomato",19.5,68.7,0,327,2026-04-18 17:07:23
"spoiled cucumber, spoiled banana, spoiled tomato",19.4,68.7,0,327,2026-04-18 17:07:53
"spoiled cucumber, spoiled banana, spoiled tomato",19.4,69.7,0,308,2026-04-18 17:08:23
"spoiled cucumber, spoiled banana, spoiled tomato",19.3,69.8,0,313,2026-04-18 17:08:54
"spoiled cucumber, spoiled banana, spoiled tomato",19.2,70.4,0,320,2026-04-18 17:09:24
"spoiled cucumber, spoiled banana, spoiled tomato",19.2,70,0,323,2026-04-18 17:09:54
"spoiled cucumber, spoiled banana, spoiled tomato",19.2,70.2,0,343,2026-04-18 17:10:24
"spoiled cucumber, spoiled banana, spoiled tomato",19.2,70.4,0,337,2026-04-18 17:10:55
"spoiled cucumber, spoiled banana, spoiled tomato",19.1,70.6,0,352,2026-04-18 17:11:25
"spoiled cucumber, spoiled banana, spoiled tomato",19.1,70.6,0,347,2026-04-18 17:11:55
"spoiled cucumber, spoiled banana, spoiled tomato",19.1,71.3,0,355,2026-04-18 17:12:26
"spoiled cucumber, spoiled banana, spoiled tomato",19.1,71.4,0,359,2026-04-18 17:12:57
"spoiled cucumber, spoiled banana, spoiled tomato",19.1,71.9,0,377,2026-04-18 17:13:27
"spoiled cucumber, spoiled banana, spoiled tomato",19.1,72.4,0,369,2026-04-18 17:13:58
"spoiled cucumber, spoiled banana, spoiled tomato",19.1,72,0,386,2026-04-18 17:14:28
"spoiled cucumber, spoiled banana, spoiled tomato",19.1,71.8,0,393,2026-04-18 17:14:58
"spoiled cucumber, spoiled banana, spoiled tomato",19.1,72.5,0,413,2026-04-18 17:15:29
"spoiled cucumber, spoiled banana, spoiled tomato",19.2,72.8,0,400,2026-04-18 17:15:59
"spoiled cucumber, spoiled banana, spoiled tomato",19.2,72.6,0,411,2026-04-18 17:16:29
"spoiled cucumber, spoiled banana, spoiled tomato",19.1,72.2,0,403,2026-04-18 17:16:59
"spoiled cucumber, spoiled banana, spoiled tomato",19.1,72.8,0,412,2026-04-18 17:17:30
"spoiled cucumber, spoiled banana, spoiled tomato",19.1,73.2,0,417,2026-04-18 17:18:00
"spoiled cucumber, spoiled banana, spoiled tomato",19.2,74,0,404,2026-04-18 17:18:31
"spoiled cucumber, spoiled banana, spoiled tomato",19.2,73.7,0,412,2026-04-18 17:19:01
"spoiled cucumber, spoiled banana, spoiled tomato",19.2,73.8,0,422,2026-04-18 17:19:32
"spoiled cucumber, spoiled banana, spoiled tomato",19.2,74.4,0,413,2026-04-18 17:20:02
"spoiled cucumber, spoiled banana, spoiled tomato",19.2,74.2,0,427,2026-04-18 17:20:32
"spoiled cucumber, spoiled banana, spoiled tomato",19.2,74.6,0,410,2026-04-18 17:21:02
"spoiled cucumber, spoiled banana, spoiled tomato",19.2,74.8,0,431,2026-04-18 17:21:33
"spoiled cucumber, spoiled banana, spoiled tomato",19.2,75.5,0,405,2026-04-18 17:22:03
"spoiled cucumber, spoiled banana, spoiled tomato",19.2,75.3,0,411,2026-04-18 17:22:34
"spoiled cucumber, spoiled banana, spoiled tomato",19.3,75.5,0,419,2026-04-18 17:23:04
"spoiled cucumber, spoiled banana, spoiled tomato",19.3,75.8,0,415,2026-04-18 17:23:34
"spoiled cucumber, spoiled banana, spoiled tomato",19.3,76.1,0,428,2026-04-18 17:24:04
"spoiled cucumber, spoiled banana, spoiled tomato",19.3,75.8,0,406,2026-04-18 17:24:35
"spoiled cucumber, spoiled banana, spoiled tomato",19.3,76.4,0,395,2026-04-18 17:25:05
"spoiled cucumber, spoiled banana, spoiled tomato",19.3,76.2,0,397,2026-04-18 17:25:35
"spoiled cucumber, spoiled banana, spoiled tomato",19.4,75.7,0,389,2026-04-18 17:26:06
"spoiled cucumber, spoiled banana, spoiled tomato",19.4,74.7,0,387,2026-04-18 17:26:36
"spoiled cucumber, spoiled banana, spoiled tomato",19.4,74.6,0,390,2026-04-18 17:27:06
"spoiled cucumber, spoiled banana, spoiled tomato",19.4,74.2,0,400,2026-04-18 17:27:37
"spoiled cucumber, spoiled banana, spoiled tomato",19.4,73.9,0,402,2026-04-18 17:28:07
"spoiled cucumber, spoiled banana, spoiled tomato",19.4,74.2,0,399,2026-04-18 17:28:38
"spoiled cucumber, spoiled banana, spoiled tomato",19.4,73.8,0,411,2026-04-18 17:29:08
"spoiled cucumber, spoiled banana, spoiled tomato",19.4,72.9,0,413,2026-04-18 17:29:38
"spoiled cucumber, spoiled banana, spoiled tomato",19.4,72.9,0,416,2026-04-18 17:30:08
"spoiled cucumber, spoiled banana, spoiled tomato",19.4,73.4,0,415,2026-04-18 17:30:39
"spoiled cucumber, spoiled banana, spoiled tomato",19.4,72.6,0,423,2026-04-18 17:31:09
"spoiled cucumber, spoiled banana, spoiled tomato",19.4,71.9,0,411,2026-04-18 17:31:39
"spoiled cucumber, spoiled banana, spoiled tomato",19.4,72.2,0,397,2026-04-18 17:32:10
"spoiled cucumber, spoiled banana, spoiled tomato",19.4,71.7,0,400,2026-04-18 17:32:40
"spoiled cucumber, spoiled banana, spoiled tomato",19.4,71.4,0,401,2026-04-18 17:33:10
"spoiled cucumber, spoiled banana, spoiled tomato",19.3,71.8,0,397,2026-04-18 17:33:41
"spoiled cucumber, spoiled banana, spoiled tomato",19.3,71.7,0,386,2026-04-18 17:34:11
"spoiled cucumber, spoiled banana, spoiled tomato",19.3,71.6,0,390,2026-04-18 17:34:41
"spoiled cucumber, spoiled banana, spoiled tomato",19.3,71.8,0,413,2026-04-18 17:35:12
"spoiled cucumber, spoiled banana, spoiled tomato",19.3,71.7,0,400,2026-04-18 17:35:42
"spoiled cucumber, spoiled banana, spoiled tomato",19.3,71.4,0,389,2026-04-18 17:36:12
"spoiled cucumber, spoiled banana, spoiled tomato",19.3,71,0,386,2026-04-18 17:36:43
"spoiled cucumber, spoiled banana, spoiled tomato",19.3,70.7,0,402,2026-04-18 17:37:13
"spoiled cucumber, spoiled banana, spoiled tomato",19.3,70.7,0,393,2026-04-18 17:37:43
"spoiled cucumber, spoiled banana, spoiled tomato",19.3,70.4,0,400,2026-04-18 17:38:13
"spoiled cucumber, spoiled banana, spoiled tomato",19.3,70.8,0,418,2026-04-18 17:38:44
"spoiled cucumber, spoiled banana, spoiled tomato",19.3,70.6,0,416,2026-04-18 17:39:14
"spoiled cucumber, spoiled banana, spoiled tomato",19.3,70.5,0,420,2026-04-18 17:39:44
"spoiled cucumber, spoiled banana, spoiled tomato",19.3,70.2,0,410,2026-04-18 17:40:15
"spoiled cucumber, spoiled banana, spoiled tomato",19.2,70,0,400,2026-04-18 17:40:45
"spoiled cucumber, spoiled banana, spoiled tomato",19.3,69.5,0,433,2026-04-18 17:41:15
"spoiled cucumber, spoiled banana, spoiled tomato",19.3,69.1,0,437,2026-04-18 17:41:46
"spoiled cucumber, spoiled banana, spoiled tomato",19.2,68.8,0,396,2026-04-18 17:42:16
"spoiled cucumber, spoiled banana, spoiled tomato",19.2,69.2,0,425,2026-04-18 17:42:46
"spoiled cucumber, spoiled banana, spoiled tomato",19.3,68.6,0,426,2026-04-18 17:43:17
"spoiled cucumber, spoiled banana, spoiled tomato",19.2,69,0,434,2026-04-18 17:43:49
"spoiled cucumber, spoiled banana, spoiled tomato",19.3,67.2,0,431,2026-04-18 17:44:19
"spoiled cucumber, spoiled banana, spoiled tomato",19.2,67.6,0,414,2026-04-18 17:44:49
"spoiled cucumber, spoiled banana, spoiled tomato",19.2,68,0,427,2026-04-18 17:45:20
"spoiled cucumber, spoiled banana, spoiled tomato",19.2,67.1,0,418,2026-04-18 17:45:50
"spoiled cucumber, spoiled banana, spoiled tomato",19.2,67.5,0,430,2026-04-18 17:46:20
"spoiled cucumber, spoiled banana, spoiled tomato",19.2,66.5,0,419,2026-04-18 17:46:51
"spoiled cucumber, spoiled banana, spoiled tomato",19.2,67.2,0,400,2026-04-18 17:47:21
"spoiled cucumber, spoiled banana, spoiled tomato",19.1,67,0,383,2026-04-18 17:47:51
"spoiled cucumber, spoiled banana, spoiled tomato",19.1,67.3,0,403,2026-04-18 17:48:22
"spoiled cucumber, spoiled banana, spoiled tomato",19.1,66.9,0,375,2026-04-18 17:48:52
"spoiled cucumber, spoiled banana, spoiled tomato",19.1,66.6,0,367,2026-04-18 17:49:22
"spoiled cucumber, spoiled banana, spoiled tomato",19.1,66.2,0,384,2026-04-18 17:49:53
"spoiled cucumber, spoiled banana, spoiled tomato",19.1,66.3,0,429,2026-04-18 17:50:23
"spoiled cucumber, spoiled banana, spoiled tomato",19,66.2,0,400,2026-04-18 17:50:53
"spoiled cucumber, spoiled banana, spoiled tomato",19.1,65.8,0,398,2026-04-18 17:51:23
"spoiled cucumber, spoiled banana, spoiled tomato",19,66.4,0,374,2026-04-18 17:51:54
"spoiled cucumber, spoiled banana, spoiled tomato",19.1,64.2,0,368,2026-04-18 17:52:24
"spoiled cucumber, spoiled banana, spoiled tomato",19,64.4,0,386,2026-04-18 17:52:54
"spoiled cucumber, spoiled banana, spoiled tomato",19.1,64.9,0,390,2026-04-18 17:53:25
"spoiled cucumber, spoiled banana, spoiled tomato",19,65.3,0,379,2026-04-18 17:53:55
"spoiled cucumber, spoiled banana, spoiled tomato",19,65.8,0,379,2026-04-18 17:54:25
"spoiled cucumber, spoiled banana, spoiled tomato",19,66.9,0,381,2026-04-18 17:54:56
"spoiled cucumber, spoiled banana, spoiled tomato",19,65.5,0,398,2026-04-18 17:55:26
"spoiled cucumber, spoiled banana, spoiled tomato",19,65.4,0,397,2026-04-18 17:55:56
"spoiled cucumber, spoiled banana, spoiled tomato",18.9,65.4,0,381,2026-04-18 17:56:28
"spoiled cucumber, spoiled banana, spoiled tomato",18.9,65.7,0,382,2026-04-18 17:56:58
"spoiled cucumber, spoiled banana, spoiled tomato",19,65.4,0,391,2026-04-18 17:57:28
"spoiled cucumber, spoiled banana, spoiled tomato",18.9,66.1,0,373,2026-04-18 17:57:58
"spoiled cucumber, spoiled banana, spoiled tomato",18.9,65.1,0,367,2026-04-18 17:58:29
"spoiled cucumber, spoiled banana, spoiled tomato",18.9,66.3,0,372,2026-04-18 17:58:59
"spoiled cucumber, spoiled banana, spoiled tomato",18.9,66.4,0,353,2026-04-18 17:59:29
"spoiled cucumber, spoiled banana, spoiled tomato",18.8,65.8,0,383,2026-04-18 18:00:00
"spoiled cucumber, spoiled banana, spoiled tomato",18.9,64.8,0,388,2026-04-18 18:00:30
"spoiled cucumber, spoiled banana, spoiled tomato",18.8,66.5,0,368,2026-04-18 18:01:00
"spoiled cucumber, spoiled banana, spoiled tomato",18.8,66.5,0,355,2026-04-18 18:01:31
"spoiled cucumber, spoiled banana, spoiled tomato",18.7,66.1,0,359,2026-04-18 18:02:01
"spoiled cucumber, spoiled banana, spoiled tomato",18.7,65.7,0,341,2026-04-18 18:02:31
"spoiled cucumber, spoiled banana, spoiled tomato",18.7,66.2,0,363,2026-04-18 18:03:02
"spoiled cucumber, spoiled banana, spoiled tomato",18.7,65.8,0,370,2026-04-18 18:03:32
"spoiled cucumber, spoiled banana, spoiled tomato",18.7,63.7,0,359,2026-04-18 18:04:02
"spoiled cucumber, spoiled banana, spoiled tomato",18.6,66.2,0,363,2026-04-18 18:04:33
"spoiled cucumber, spoiled banana, spoiled tomato",18.7,66.5,0,377,2026-04-18 18:05:03
"spoiled cucumber, spoiled banana, spoiled tomato",18.6,65.6,0,360,2026-04-18 18:05:33
"spoiled cucumber, spoiled banana, spoiled tomato",18.6,66,0,372,2026-04-18 18:06:04
"spoiled cucumber, spoiled banana, spoiled tomato",18.6,65.7,0,390,2026-04-18 18:06:34
"spoiled cucumber, spoiled banana, spoiled tomato",18.6,66.4,0,368,2026-04-18 18:07:04
"spoiled cucumber, spoiled banana, spoiled tomato",18.5,66.2,0,364,2026-04-18 18:07:35
"spoiled cucumber, spoiled banana, spoiled tomato",18.5,66,0,366,2026-04-18 18:08:06
"spoiled cucumber, spoiled banana, spoiled tomato",18.5,65.6,0,367,2026-04-18 18:08:36
"spoiled cucumber, spoiled banana, spoiled tomato",18.5,66.7,0,367,2026-04-18 18:09:06
"spoiled cucumber, spoiled banana, spoiled tomato",18.5,65.8,0,376,2026-04-18 18:09:37
"spoiled cucumber, spoiled banana, spoiled tomato",18.4,65.3,0,357,2026-04-18 18:10:07
"spoiled cucumber, spoiled banana, spoiled tomato",18.4,65.4,0,372,2026-04-18 18:10:37
"spoiled cucumber, spoiled banana, spoiled tomato",18.4,64.5,0,350,2026-04-18 18:11:07
"spoiled cucumber, spoiled banana, spoiled tomato",18.3,64.9,0,395,2026-04-18 18:11:38
"spoiled cucumber, spoiled banana, spoiled tomato",18.3,65.2,0,353,2026-04-18 18:12:08
"spoiled cucumber, spoiled banana, spoiled tomato",18.3,66.3,0,377,2026-04-18 18:12:38
"spoiled cucumber, spoiled banana, spoiled tomato",18.2,66.5,0,392,2026-04-18 18:13:09
"spoiled cucumber, spoiled banana, spoiled tomato",18.2,66.4,0,375,2026-04-18 18:13:39
"spoiled cucumber, spoiled banana, spoiled tomato",18.2,66.6,0,371,2026-04-18 18:14:09
"spoiled cucumber, spoiled banana, spoiled tomato",18.1,65.7,0,361,2026-04-18 18:14:40
"spoiled cucumber, spoiled banana, spoiled tomato",18.1,65.6,0,380,2026-04-18 18:15:10
"spoiled cucumber, spoiled banana, spoiled tomato",18.1,64.9,0,367,2026-04-18 18:15:40
"spoiled cucumber, spoiled banana, spoiled tomato",18.1,64.8,0,339,2026-04-18 18:16:10
"spoiled cucumber, spoiled banana, spoiled tomato",18,64.7,0,351,2026-04-18 18:16:41
"spoiled cucumber, spoiled banana, spoiled tomato",17.9,65.5,0,367,2026-04-18 18:17:11
"spoiled cucumber, spoiled banana, spoiled tomato",17.9,65.5,0,363,2026-04-18 18:17:41
"spoiled cucumber, spoiled banana, spoiled tomato",17.9,65.2,0,355,2026-04-18 18:18:12
"spoiled cucumber, spoiled banana, spoiled tomato",17.8,65.6,0,374,2026-04-18 18:18:42
"spoiled cucumber, spoiled banana, spoiled tomato",17.8,63.9,0,373,2026-04-18 18:19:12
"spoiled cucumber, spoiled banana, spoiled tomato",17.8,66.2,0,386,2026-04-18 18:19:43
"spoiled cucumber, spoiled banana, spoiled tomato",17.8,65.7,0,352,2026-04-18 18:20:13
"spoiled cucumber, spoiled banana, spoiled tomato",17.7,65.6,0,352,2026-04-18 18:20:43
"spoiled cucumber, spoiled banana, spoiled tomato",17.7,65.6,0,368,2026-04-18 18:21:13
"spoiled cucumber, spoiled banana, spoiled tomato",17.7,64.7,0,345,2026-04-18 18:21:44
"spoiled cucumber, spoiled banana, spoiled tomato",17.7,63.8,0,354,2026-04-18 18:22:14
"spoiled cucumber, spoiled banana, spoiled tomato",17.6,65.2,0,369,2026-04-18 18:22:44
"spoiled cucumber, spoiled banana, spoiled tomato",17.6,63.8,0,368,2026-04-18 18:23:15
"spoiled cucumber, spoiled banana, spoiled tomato",17.6,65.5,0,400,2026-04-18 18:23:45
"spoiled cucumber, spoiled banana, spoiled tomato",17.6,67.5,0,394,2026-04-18 18:24:15
"spoiled cucumber, spoiled banana, spoiled tomato",17.5,67.4,0,402,2026-04-18 18:24:46
"spoiled cucumber, spoiled banana, spoiled tomato",17.6,67,0,406,2026-04-18 18:25:16
"spoiled cucumber, spoiled banana, spoiled tomato",17.5,66.4,0,400,2026-04-18 18:25:46
"spoiled cucumber, spoiled banana, spoiled tomato",17.5,66.4,0,414,2026-04-18 18:26:17
"spoiled cucumber, spoiled banana, spoiled tomato",17.5,67.1,0,405,2026-04-18 18:26:47
"spoiled cucumber, spoiled banana, spoiled tomato",17.5,69.1,0,412,2026-04-18 18:27:17
"spoiled cucumber, spoiled banana, spoiled tomato",17.5,68.5,0,409,2026-04-18 18:27:48
"spoiled cucumber, spoiled banana, spoiled tomato",17.5,69.4,0,448,2026-04-18 18:28:19
"spoiled cucumber, spoiled banana, spoiled tomato",17.4,69.9,0,447,2026-04-18 18:28:49
"spoiled cucumber, spoiled banana, spoiled tomato",17.5,70.4,0,446,2026-04-18 18:29:19
"spoiled cucumber, spoiled banana, spoiled tomato",17.4,69.7,0,431,2026-04-18 18:29:50
"spoiled cucumber, spoiled banana, spoiled tomato",17.5,71.4,0,459,2026-04-18 18:30:20
"spoiled cucumber, spoiled banana, spoiled tomato",17.4,71.5,0,458,2026-04-18 18:30:50
"spoiled cucumber, spoiled banana, spoiled tomato",17.4,71.4,0,448,2026-04-18 18:31:21
"spoiled cucumber, spoiled banana, spoiled tomato",17.4,72,0,487,2026-04-18 18:31:51
"spoiled cucumber, spoiled banana, spoiled tomato",17.4,72.1,0,491,2026-04-18 18:32:21
"spoiled cucumber, spoiled banana, spoiled tomato",17.4,72.1,0,470,2026-04-18 18:32:51
"spoiled cucumber, spoiled banana, spoiled tomato",17.4,72.1,0,483,2026-04-18 18:33:22
"spoiled cucumber, spoiled banana, spoiled tomato",17.4,72.6,0,502,2026-04-18 18:33:52
"spoiled cucumber, spoiled banana, spoiled tomato",17.4,73.5,0,496,2026-04-18 18:34:22
"spoiled cucumber, spoiled banana, spoiled tomato",17.4,72.8,0,496,2026-04-18 18:34:53
"spoiled cucumber, spoiled banana, spoiled tomato",17.4,73.4,0,507,2026-04-18 18:35:23
"spoiled cucumber, spoiled banana, spoiled tomato",17.4,73.2,0,496,2026-04-18 18:35:53
"spoiled cucumber, spoiled banana, spoiled tomato",17.4,73,0,496,2026-04-18 18:36:24
"spoiled cucumber, spoiled banana, spoiled tomato",17.4,73.7,0,505,2026-04-18 18:36:54
"spoiled cucumber, spoiled banana, spoiled tomato",17.4,73.7,0,543,2026-04-18 18:37:24
"spoiled cucumber, spoiled banana, spoiled tomato",17.4,73.6,0,511,2026-04-18 18:37:55
"spoiled cucumber, spoiled banana, spoiled tomato",17.4,73.8,0,501,2026-04-18 18:38:25
"spoiled cucumber, spoiled banana, spoiled tomato",17.4,74,0,539,2026-04-18 18:38:55
"spoiled cucumber, spoiled banana, spoiled tomato",17.4,74.4,0,511,2026-04-18 18:39:26
"spoiled cucumber, spoiled banana, spoiled tomato",17.4,74.4,0,537,2026-04-18 18:39:56
"spoiled cucumber, spoiled banana, spoiled tomato",17.4,73.5,0,503,2026-04-18 18:40:26
"spoiled cucumber, spoiled banana, spoiled tomato",17.3,74.2,0,528,2026-04-18 18:40:56
"spoiled cucumber, spoiled banana, spoiled tomato",17.4,74.5,0,531,2026-04-18 18:41:27
"spoiled cucumber, spoiled banana, spoiled tomato",17.3,74.2,0,530,2026-04-18 18:41:57
"spoiled cucumber, spoiled banana, spoiled tomato",17.4,74.8,0,549,2026-04-18 18:42:28
"spoiled cucumber, spoiled banana, spoiled tomato",17.4,73.5,0,560,2026-04-18 18:42:58
"spoiled cucumber, spoiled banana, spoiled tomato",17.3,74.8,0,550,2026-04-18 18:43:28
"spoiled cucumber, spoiled banana, spoiled tomato",17.3,75,0,549,2026-04-18 18:43:58
"spoiled cucumber, spoiled banana, spoiled tomato",17.3,75.2,0,545,2026-04-18 18:44:29
"spoiled cucumber, spoiled banana, spoiled tomato",17.4,74.8,0,560,2026-04-18 18:44:59
"spoiled cucumber, spoiled banana, spoiled tomato",17.4,76.1,0,579,2026-04-18 18:45:29
"spoiled cucumber, spoiled banana, spoiled tomato",17.4,75.2,0,555,2026-04-18 18:46:00
"spoiled cucumber, spoiled banana, spoiled tomato",17.3,75.8,0,582,2026-04-18 18:46:30
"spoiled cucumber, spoiled banana, spoiled tomato",17.3,75.6,0,590,2026-04-18 18:47:00
"spoiled cucumber, spoiled banana, spoiled tomato",17.3,75.1,0,567,2026-04-18 18:47:31
"spoiled cucumber, spoiled banana, spoiled tomato",17.4,75.9,0,575,2026-04-18 18:48:01
"spoiled cucumber, spoiled banana, spoiled tomato",17.3,75.3,0,595,2026-04-18 18:48:31
"spoiled cucumber, spoiled banana, spoiled tomato",17.3,75,0,610,2026-04-18 18:49:02
"spoiled cucumber, spoiled banana, spoiled tomato",17.3,75.6,0,627,2026-04-18 18:49:32
"spoiled cucumber, spoiled banana, spoiled tomato",17.3,76.5,0,635,2026-04-18 18:50:02
"spoiled cucumber, spoiled banana, spoiled tomato",17.4,75.9,0,621,2026-04-18 18:50:32
"spoiled cucumber, spoiled banana, spoiled tomato",17.3,75.8,0,597,2026-04-18 18:51:03
"spoiled cucumber, spoiled banana, spoiled tomato",17.3,76.6,0,592,2026-04-18 18:51:33
"spoiled cucumber, spoiled banana, spoiled tomato",17.3,74.4,0,624,2026-04-18 18:52:04
"spoiled cucumber, spoiled banana, spoiled tomato",17.3,75,0,656,2026-04-18 18:52:34
"spoiled cucumber, spoiled banana, spoiled tomato",17.3,75.6,0,624,2026-04-18 18:53:04
"spoiled cucumber, spoiled banana, spoiled tomato",17.3,76.1,0,596,2026-04-18 18:53:34
"spoiled cucumber, spoiled banana, spoiled tomato",17.3,75.3,0,624,2026-04-18 18:54:05
"spoiled cucumber, spoiled banana, spoiled tomato",17.3,75.5,0,637,2026-04-18 18:54:35
"spoiled cucumber, spoiled banana, spoiled tomato",17.3,76.1,0,654,2026-04-18 18:55:05
"spoiled cucumber, spoiled banana, spoiled tomato",17.3,75.9,0,655,2026-04-18 18:55:36
"spoiled cucumber, spoiled banana, spoiled tomato",17.3,75.8,0,654,2026-04-18 18:56:06
"spoiled cucumber, spoiled banana, spoiled tomato",17.3,76.2,0,660,2026-04-18 18:56:36
"spoiled cucumber, spoiled banana, spoiled tomato",17.3,77.1,0,679,2026-04-18 18:57:07
"spoiled cucumber, spoiled banana, spoiled tomato",17.3,75.9,0,660,2026-04-18 18:57:37
"spoiled cucumber, spoiled banana, spoiled tomato",17.4,75.4,0,642,2026-04-18 18:58:07
"spoiled cucumber, spoiled banana, spoiled tomato",17.3,76.4,0,651,2026-04-18 18:58:37
"spoiled cucumber, spoiled banana, spoiled tomato",17.3,75.9,0,663,2026-04-18 18:59:08
"spoiled cucumber, spoiled banana, spoiled tomato",17.3,76.5,0,636,2026-04-18 18:59:38
"spoiled cucumber, spoiled banana, spoiled tomato",17.3,76.2,0,688,2026-04-18 19:00:08
"spoiled cucumber, spoiled banana, spoiled tomato",17.3,76.5,0,677,2026-04-18 19:00:39
"spoiled cucumber, spoiled banana, spoiled tomato",17.3,77.1,0,677,2026-04-18 19:01:09
"spoiled cucumber, spoiled banana, spoiled tomato",17.3,76.3,0,682,2026-04-18 19:01:39
"spoiled cucumber, spoiled banana, spoiled tomato",17.3,76.6,0,687,2026-04-18 19:02:10
"spoiled cucumber, spoiled banana, spoiled tomato",17.3,76.1,0,697,2026-04-18 19:02:40
"spoiled cucumber, spoiled banana, spoiled tomato",17.3,76.4,0,714,2026-04-18 19:03:10
"spoiled cucumber, spoiled banana, spoiled tomato",17.3,76.1,0,720,2026-04-18 19:03:41
"spoiled cucumber, spoiled banana, spoiled tomato",17.3,75.5,0,704,2026-04-18 19:04:11
"spoiled cucumber, spoiled banana, spoiled tomato",17.3,77.3,0,720,2026-04-18 19:04:41
"spoiled cucumber, spoiled banana, spoiled tomato",17.3,75.4,0,720,2026-04-18 19:05:12
"spoiled cucumber, spoiled banana, spoiled tomato",17.3,76,0,720,2026-04-18 19:05:42
"spoiled cucumber, spoiled banana, spoiled tomato",17.3,75.6,0,703,2026-04-18 19:06:12
"spoiled cucumber, spoiled banana, spoiled tomato",17.3,76.2,0,727,2026-04-18 19:06:43
"spoiled cucumber, spoiled banana, spoiled tomato",17.3,77.1,0,735,2026-04-18 19:07:13
"spoiled cucumber, spoiled banana, spoiled tomato",17.3,76.7,0,707,2026-04-18 19:07:43
"spoiled cucumber, spoiled banana, spoiled tomato",17.3,77,0,714,2026-04-18 19:08:14
"spoiled cucumber, spoiled banana, spoiled tomato",17.3,76.5,0,723,2026-04-18 19:08:44
"spoiled cucumber, spoiled banana, spoiled tomato",17.3,76.1,0,717,2026-04-18 19:09:15
"spoiled cucumber, spoiled banana, spoiled tomato",17.3,77.2,0,749,2026-04-18 19:09:45
"spoiled cucumber, spoiled banana, spoiled tomato",17.3,77.3,0,734,2026-04-18 19:10:16
"spoiled cucumber, spoiled banana, spoiled tomato",17.3,76.5,0,706,2026-04-18 19:10:46
"spoiled cucumber, spoiled banana, spoiled tomato",17.3,77,0,725,2026-04-18 19:11:16
"spoiled cucumber, spoiled banana, spoiled tomato",17.3,76.7,0,719,2026-04-18 19:11:47
"spoiled cucumber, spoiled banana, spoiled tomato",17.3,75.6,0,725,2026-04-18 19:12:17
"spoiled cucumber, spoiled banana, spoiled tomato",17.3,76.9,0,735,2026-04-18 19:12:47
"spoiled cucumber, spoiled banana, spoiled tomato",17.3,75.6,0,722,2026-04-18 19:13:18
"spoiled cucumber, spoiled banana, spoiled tomato",17.4,76.5,0,720,2026-04-18 19:13:48
"spoiled cucumber, spoiled banana, spoiled tomato",17.3,76.3,0,732,2026-04-18 19:14:18
"spoiled cucumber, spoiled banana, spoiled tomato",17.3,76.4,0,723,2026-04-18 19:14:49
"spoiled cucumber, spoiled banana, spoiled tomato",17.3,77.1,0,737,2026-04-18 19:15:19
"spoiled cucumber, spoiled banana, spoiled tomato",17.3,77.4,0,725,2026-04-18 19:15:49
"spoiled cucumber, spoiled banana, spoiled tomato",17.3,76.6,0,727,2026-04-18 19:16:20
"spoiled cucumber, spoiled banana, spoiled tomato",17.3,77.7,0,763,2026-04-18 19:16:55
"spoiled cucumber, spoiled banana, spoiled tomato",17.3,76.2,0,762,2026-04-18 19:17:25
"spoiled cucumber, spoiled banana, spoiled tomato",17.3,77.8,0,783,2026-04-18 19:17:56
"spoiled cucumber, spoiled banana, spoiled tomato",17.3,76.3,0,778,2026-04-18 19:18:26
"spoiled cucumber, spoiled banana, spoiled tomato",17.4,78,0,777,2026-04-18 19:18:56
"spoiled cucumber, spoiled banana, spoiled tomato",17.3,77.2,0,757,2026-04-18 19:19:26
"spoiled cucumber, spoiled banana, spoiled tomato",17.3,76.8,0,774,2026-04-18 19:19:57
"spoiled cucumber, spoiled banana, spoiled tomato",17.4,77.9,0,785,2026-04-18 19:20:27
"spoiled cucumber, spoiled banana, spoiled tomato",17.4,77.7,0,771,2026-04-18 19:20:57
"spoiled cucumber, spoiled banana, spoiled tomato",17.3,77.9,0,774,2026-04-18 19:21:28
"spoiled cucumber, spoiled banana, spoiled tomato",17.4,77.8,0,783,2026-04-18 19:21:58
"spoiled cucumber, spoiled banana, spoiled tomato",17.4,77.9,0,777,2026-04-18 19:22:28
"spoiled cucumber, spoiled banana, spoiled tomato",17.4,78.1,0,771,2026-04-18 19:22:59
"spoiled cucumber, spoiled banana, spoiled tomato",17.4,77.8,0,763,2026-04-18 19:23:29
"spoiled cucumber, spoiled banana, spoiled tomato",17.4,78.9,0,795,2026-04-18 19:23:59
"spoiled cucumber, spoiled banana, spoiled tomato",17.4,77.8,0,801,2026-04-18 19:24:30
"spoiled cucumber, spoiled banana, spoiled tomato",17.4,77.9,0,782,2026-04-18 19:25:00
"spoiled cucumber, spoiled banana, spoiled tomato",17.4,78,0,779,2026-04-18 19:25:30
"spoiled cucumber, spoiled banana, spoiled tomato",17.4,77.4,0,782,2026-04-18 19:26:01
"spoiled cucumber, spoiled banana, spoiled tomato",17.4,79.5,0,785,2026-04-18 19:26:31
"spoiled cucumber, spoiled banana, spoiled tomato",17.4,78.2,0,776,2026-04-18 19:27:01
"spoiled cucumber, spoiled banana, spoiled tomato",17.4,79.4,0,766,2026-04-18 19:27:32
"spoiled cucumber, spoiled banana, spoiled tomato",17.4,79.3,0,752,2026-04-18 19:28:02
"spoiled cucumber, spoiled banana, spoiled tomato",17.4,78.5,0,763,2026-04-18 19:28:32
"spoiled cucumber, spoiled banana, spoiled tomato",17.4,78.9,0,766,2026-04-18 19:29:02
"spoiled cucumber, spoiled banana, spoiled tomato",17.5,79.5,0,781,2026-04-18 19:29:33
"spoiled cucumber, spoiled banana, spoiled tomato",17.4,79.1,0,770,2026-04-18 19:30:03
"spoiled cucumber, spoiled banana, spoiled tomato",17.5,79.7,0,798,2026-04-18 19:30:33
"spoiled cucumber, spoiled banana, spoiled tomato",17.5,83,0,609,2026-04-18 19:31:04
"spoiled cucumber, spoiled banana, spoiled tomato",17.6,88.2,0,811,2026-04-18 19:31:34
"spoiled cucumber, spoiled banana, spoiled tomato",17.6,87.4,0,899,2026-04-18 19:32:04
"spoiled cucumber, spoiled banana, spoiled tomato",17.6,86.8,0,923,2026-04-18 19:32:35
"spoiled cucumber, spoiled banana, spoiled tomato",17.7,87.1,0,899,2026-04-18 19:33:05
"spoiled cucumber, spoiled banana, spoiled tomato",17.7,87.6,0,867,2026-04-18 19:33:35
"spoiled cucumber, spoiled banana, spoiled tomato",17.7,87.8,0,857,2026-04-18 19:34:06
"spoiled cucumber, spoiled banana, spoiled tomato",17.7,87.7,0,852,2026-04-18 19:34:36
"spoiled cucumber, spoiled banana, spoiled tomato",17.8,87.4,0,835,2026-04-18 19:35:07
"spoiled cucumber, spoiled banana, spoiled tomato",17.8,87.2,0,848,2026-04-18 19:35:37
"spoiled cucumber, spoiled banana, spoiled tomato",17.8,87.1,0,859,2026-04-18 19:36:07
"spoiled cucumber, spoiled banana, spoiled tomato",17.8,86.9,0,854,2026-04-18 19:36:37
"spoiled cucumber, spoiled banana, spoiled tomato",17.9,86.5,0,836,2026-04-18 19:37:08
"spoiled cucumber, spoiled banana, spoiled tomato",17.8,86.5,0,858,2026-04-18 19:37:38
"spoiled cucumber, spoiled banana, spoiled tomato",17.8,86.3,0,848,2026-04-18 19:38:08
"spoiled cucumber, spoiled banana, spoiled tomato",17.8,86,0,861,2026-04-18 19:38:39
"spoiled cucumber, spoiled banana, spoiled tomato",17.9,86,0,848,2026-04-18 19:39:09
"spoiled cucumber, spoiled banana, spoiled tomato",17.9,85.7,0,843,2026-04-18 19:39:39
"spoiled cucumber, spoiled banana, spoiled tomato",17.9,85.6,0,865,2026-04-18 19:40:10
"spoiled cucumber, spoiled banana, spoiled tomato",18,85.5,0,853,2026-04-18 19:40:40
"spoiled cucumber, spoiled banana, spoiled tomato",18,85.4,0,848,2026-04-18 19:41:10
"spoiled cucumber, spoiled banana, spoiled tomato",17.9,85.4,0,869,2026-04-18 19:41:41
"spoiled cucumber, spoiled banana, spoiled tomato",18,85.4,0,847,2026-04-18 19:42:11
"spoiled cucumber, spoiled banana, spoiled tomato",18,85.4,0,847,2026-04-18 19:42:41
"spoiled cucumber, spoiled banana, spoiled tomato",18,85.1,0,848,2026-04-18 19:43:12
"spoiled cucumber, spoiled banana, spoiled tomato",18,84.5,0,865,2026-04-18 19:43:42
"spoiled cucumber, spoiled banana, spoiled tomato",18,84,0,861,2026-04-18 19:44:12
"spoiled cucumber, spoiled banana, spoiled tomato",18.1,83.4,0,859,2026-04-18 19:44:43
"spoiled cucumber, spoiled banana, spoiled tomato",18.1,83.6,0,879,2026-04-18 19:45:13
"spoiled cucumber, spoiled banana, spoiled tomato",18.1,83.5,0,870,2026-04-18 19:45:43
"spoiled cucumber, spoiled banana, spoiled tomato",18.1,82.9,0,859,2026-04-18 19:46:14
"spoiled cucumber, spoiled banana, spoiled tomato",18.1,82.8,0,877,2026-04-18 19:46:44
"spoiled cucumber, spoiled banana, spoiled tomato",18.1,82.4,0,895,2026-04-18 19:47:15
"spoiled cucumber, spoiled banana, spoiled tomato",18.1,82.1,0,880,2026-04-18 19:47:45
"spoiled cucumber, spoiled banana, spoiled tomato",18.1,81.9,0,894,2026-04-18 19:48:15
"spoiled cucumber, spoiled banana, spoiled tomato",18,81.5,0,917,2026-04-18 19:48:47
"spoiled cucumber, spoiled banana, spoiled tomato",18,81,0,910,2026-04-18 19:49:17
"spoiled cucumber, spoiled banana, spoiled tomato",18,81.1,0,905,2026-04-18 19:49:48
"spoiled cucumber, spoiled banana, spoiled tomato",18,80.4,0,925,2026-04-18 19:50:18
"spoiled cucumber, spoiled banana, spoiled tomato",18,79.9,0,944,2026-04-18 19:50:49
"spoiled cucumber, spoiled banana, spoiled tomato",17.9,79.5,0,927,2026-04-18 19:51:19
"spoiled cucumber, spoiled banana, spoiled tomato",17.9,79.1,0,936,2026-04-18 19:51:49
"spoiled cucumber, spoiled banana, spoiled tomato",18,79.6,0,926,2026-04-18 19:52:20
"spoiled cucumber, spoiled banana, spoiled tomato",17.9,78.5,0,912,2026-04-18 19:52:50
"spoiled cucumber, spoiled banana, spoiled tomato",17.9,78.5,0,912,2026-04-18 19:53:20
"spoiled cucumber, spoiled banana, spoiled tomato",17.9,78.5,0,917,2026-04-18 19:53:51
"spoiled cucumber, spoiled banana, spoiled tomato",17.9,77.4,0,934,2026-04-18 19:54:21
"spoiled cucumber, spoiled banana, spoiled tomato",17.9,77.4,0,944,2026-04-18 19:54:51
"spoiled cucumber, spoiled banana, spoiled tomato",17.9,77.4,0,919,2026-04-18 19:55:22
"spoiled cucumber, spoiled banana, spoiled tomato",17.9,76.3,0,944,2026-04-18 19:55:52
"spoiled cucumber, spoiled banana, spoiled tomato",17.9,76.5,0,912,2026-04-18 19:56:22
"spoiled cucumber, spoiled banana, spoiled tomato",17.8,76.9,0,913,2026-04-18 19:56:53
"spoiled cucumber, spoiled banana, spoiled tomato",17.8,76.8,0,907,2026-04-18 19:57:23
"spoiled cucumber, spoiled banana, spoiled tomato",17.8,76.3,0,901,2026-04-18 19:57:53
"spoiled cucumber, spoiled banana, spoiled tomato",17.8,76.3,0,899,2026-04-18 19:58:24
"spoiled cucumber, spoiled banana, spoiled tomato",17.8,75.7,0,877,2026-04-18 19:58:54
"spoiled cucumber, spoiled banana, spoiled tomato",17.8,74,0,857,2026-04-18 19:59:24
"spoiled cucumber, spoiled banana, spoiled tomato",17.8,75.3,0,858,2026-04-18 19:59:55
"spoiled cucumber, spoiled banana, spoiled tomato",17.8,74.7,0,847,2026-04-18 20:00:25
"spoiled cucumber, spoiled banana, spoiled tomato",17.8,74.6,0,848,2026-04-18 20:00:55
"spoiled cucumber, spoiled banana, spoiled tomato",17.8,74.3,0,835,2026-04-18 20:01:26
"spoiled cucumber, spoiled banana, spoiled tomato",17.8,74.1,0,843,2026-04-18 20:01:56
"spoiled cucumber, spoiled banana, spoiled tomato",17.8,74.1,0,803,2026-04-18 20:02:26
"spoiled cucumber, spoiled banana, spoiled tomato",17.7,74.2,0,800,2026-04-18 20:02:57
"spoiled cucumber, spoiled banana, spoiled tomato",17.8,73.2,0,811,2026-04-18 20:03:27
"spoiled cucumber, spoiled banana, spoiled tomato",17.8,73.6,0,795,2026-04-18 20:03:57
"spoiled cucumber, spoiled banana, spoiled tomato",17.7,72.7,0,801,2026-04-18 20:04:28
"spoiled cucumber, spoiled banana, spoiled tomato",17.7,71.6,0,784,2026-04-18 20:04:58
"spoiled cucumber, spoiled banana, spoiled tomato",17.7,72.9,0,757,2026-04-18 20:05:29
"spoiled cucumber, spoiled banana, spoiled tomato",17.7,71.4,0,755,2026-04-18 20:05:59
"spoiled cucumber, spoiled banana, spoiled tomato",17.7,73.4,0,761,2026-04-18 20:06:29
"spoiled cucumber, spoiled banana, spoiled tomato",17.7,72.6,0,752,2026-04-18 20:06:59
"spoiled cucumber, spoiled banana, spoiled tomato",17.7,71.5,0,752,2026-04-18 20:07:30
"spoiled cucumber, spoiled banana, spoiled tomato",17.7,71.3,0,724,2026-04-18 20:08:00
"spoiled cucumber, spoiled banana, spoiled tomato",17.7,70.2,0,751,2026-04-18 20:08:30
"spoiled cucumber, spoiled banana, spoiled tomato",17.6,70.4,0,694,2026-04-18 20:09:01
"spoiled cucumber, spoiled banana, spoiled tomato",17.6,70.3,0,713,2026-04-18 20:09:31
"spoiled cucumber, spoiled banana, spoiled tomato",17.6,71.3,0,706,2026-04-18 20:10:01
"spoiled cucumber, spoiled banana, spoiled tomato",17.6,70.8,0,711,2026-04-18 20:10:32
"spoiled cucumber, spoiled banana, spoiled tomato",17.6,70.6,0,679,2026-04-18 20:11:02
"spoiled cucumber, spoiled banana, spoiled tomato",17.5,70.5,0,669,2026-04-18 20:11:32
"spoiled cucumber, spoiled banana, spoiled tomato",17.5,70,0,671,2026-04-18 20:12:03
"spoiled cucumber, spoiled banana, spoiled tomato",17.5,70.6,0,675,2026-04-18 20:12:33
"spoiled cucumber, spoiled banana, spoiled tomato",17.5,69.7,0,679,2026-04-18 20:13:03
"spoiled cucumber, spoiled banana, spoiled tomato",17.5,68.8,0,659,2026-04-18 20:13:34
"spoiled cucumber, spoiled banana, spoiled tomato",17.4,68.4,0,666,2026-04-18 20:14:04
"spoiled cucumber, spoiled banana, spoiled tomato",17.4,69.5,0,661,2026-04-18 20:14:34
"spoiled cucumber, spoiled banana, spoiled tomato",17.4,67.9,0,654,2026-04-18 20:15:04
"spoiled cucumber, spoiled banana, spoiled tomato",17.4,69.6,0,673,2026-04-18 20:15:35
"spoiled cucumber, spoiled banana, spoiled tomato",17.4,68.5,0,641,2026-04-18 20:16:05
"spoiled cucumber, spoiled banana, spoiled tomato",17.4,68,0,634,2026-04-18 20:16:35
"spoiled cucumber, spoiled banana, spoiled tomato",17.4,67.3,0,631,2026-04-18 20:17:06
"spoiled cucumber, spoiled banana, spoiled tomato",17.4,67.1,0,609,2026-04-18 20:17:36
"spoiled cucumber, spoiled banana, spoiled tomato",17.3,67.3,0,609,2026-04-18 20:18:06
"spoiled cucumber, spoiled banana, spoiled tomato",17.3,67.1,0,608,2026-04-18 20:18:37
"spoiled cucumber, spoiled banana, spoiled tomato",17.3,67,0,590,2026-04-18 20:19:07
"spoiled cucumber, spoiled banana, spoiled tomato",17.3,65.8,0,589,2026-04-18 20:19:37
"spoiled cucumber, spoiled banana, spoiled tomato",17.3,67.2,0,593,2026-04-18 20:20:08
"spoiled cucumber, spoiled banana, spoiled tomato",17.3,65.7,0,580,2026-04-18 20:20:38
"spoiled cucumber, spoiled banana, spoiled tomato",17.2,66.6,0,587,2026-04-18 20:21:08
"spoiled cucumber, spoiled banana, spoiled tomato",17.2,65.7,0,574,2026-04-18 20:21:39
"spoiled cucumber, spoiled banana, spoiled tomato",17.2,65.7,0,586,2026-04-18 20:22:09
"spoiled cucumber, spoiled banana, spoiled tomato",17.2,65.8,0,581,2026-04-18 20:22:39
"spoiled cucumber, spoiled banana, spoiled tomato",17.2,64.5,0,569,2026-04-18 20:23:10
"spoiled cucumber, spoiled banana, spoiled tomato",17.1,65.6,0,566,2026-04-18 20:23:40
"spoiled cucumber, spoiled banana, spoiled tomato",17.1,66.1,0,559,2026-04-18 20:24:10
"spoiled cucumber, spoiled banana, spoiled tomato",17.1,65.2,0,576,2026-04-18 20:24:41
"spoiled cucumber, spoiled banana, spoiled tomato",17.1,64.5,0,560,2026-04-18 20:25:11
"spoiled cucumber, spoiled banana, spoiled tomato",17,64.5,0,551,2026-04-18 20:25:41
"spoiled cucumber, spoiled banana, spoiled tomato",17,66,0,551,2026-04-18 20:26:12
"spoiled cucumber, spoiled banana, spoiled tomato",17,64.5,0,531,2026-04-18 20:26:42
"spoiled cucumber, spoiled banana, spoiled tomato",17,65.1,0,530,2026-04-18 20:27:13
"spoiled cucumber, spoiled banana, spoiled tomato",17,65.1,0,538,2026-04-18 20:27:43
"spoiled cucumber, spoiled banana, spoiled tomato",16.9,64.5,0,543,2026-04-18 20:28:14
"spoiled cucumber, spoiled banana, spoiled tomato",16.9,64.2,0,531,2026-04-18 20:28:44
"spoiled cucumber, spoiled banana, spoiled tomato",16.9,65,0,546,2026-04-18 20:29:14
"spoiled cucumber, spoiled banana, spoiled tomato",16.9,64.5,0,529,2026-04-18 20:29:45
"spoiled cucumber, spoiled banana, spoiled tomato",16.9,63.1,0,542,2026-04-18 20:30:16
"spoiled cucumber, spoiled banana, spoiled tomato",16.8,63.5,0,511,2026-04-18 20:30:46
"spoiled cucumber, spoiled banana, spoiled tomato",16.8,63.8,0,524,2026-04-18 20:31:16
"spoiled cucumber, spoiled banana, spoiled tomato",16.8,63.7,0,528,2026-04-18 20:31:47
"spoiled cucumber, spoiled banana, spoiled tomato",16.8,63.3,0,496,2026-04-18 20:32:17
"spoiled cucumber, spoiled banana, spoiled tomato",16.8,64,0,511,2026-04-18 20:32:47
"spoiled cucumber, spoiled banana, spoiled tomato",16.8,63.8,0,499,2026-04-18 20:33:18
"spoiled cucumber, spoiled banana, spoiled tomato",16.7,63.3,0,503,2026-04-18 20:33:48
"spoiled cucumber, spoiled banana, spoiled tomato",16.7,63.1,0,492,2026-04-18 20:34:18
"spoiled cucumber, spoiled banana, spoiled tomato",16.7,63.9,0,507,2026-04-18 20:34:49
"spoiled cucumber, spoiled banana, spoiled tomato",16.6,63.5,0,499,2026-04-18 20:35:19
"spoiled cucumber, spoiled banana, spoiled tomato",16.7,62.4,0,495,2026-04-18 20:35:50
"spoiled cucumber, spoiled banana, spoiled tomato",16.6,77.7,0,863,2026-04-18 20:36:20
"spoiled cucumber, spoiled banana, spoiled tomato",16.7,82.7,0,1193,2026-04-18 20:36:50
"spoiled cucumber, spoiled banana, spoiled tomato",16.7,82.8,0,1312,2026-04-18 20:37:21
"spoiled cucumber, spoiled banana, spoiled tomato",16.7,82.2,0,1345,2026-04-18 20:37:51
"spoiled cucumber, spoiled banana, spoiled tomato",16.6,82.5,0,1345,2026-04-18 20:38:21
"spoiled cucumber, spoiled banana, spoiled tomato",16.6,82.4,0,1315,2026-04-18 20:38:52
"spoiled cucumber, spoiled banana, spoiled tomato",16.6,82.2,0,1307,2026-04-18 20:39:22
"spoiled cucumber, spoiled banana, spoiled tomato",16.6,80.7,0,1328,2026-04-18 20:39:52
"spoiled cucumber, spoiled banana, spoiled tomato",16.6,79.5,0,1250,2026-04-18 20:40:23
"spoiled cucumber, spoiled banana, spoiled tomato",16.6,79.5,0,1215,2026-04-18 20:40:53
"spoiled cucumber, spoiled banana, spoiled tomato",16.6,78.2,0,1161,2026-04-18 20:41:23
"spoiled cucumber, spoiled banana, spoiled tomato",16.6,77.4,0,1152,2026-04-18 20:41:54
"spoiled cucumber, spoiled banana, spoiled tomato",16.6,75.9,0,1086,2026-04-18 20:42:24
"spoiled cucumber, spoiled banana, spoiled tomato",16.6,76.1,0,1078,2026-04-18 20:42:55
"spoiled cucumber, spoiled banana, spoiled tomato",16.6,75,0,1091,2026-04-18 20:43:25
"spoiled cucumber, spoiled banana, spoiled tomato",16.6,75.4,0,1071,2026-04-18 20:43:56
"spoiled cucumber, spoiled banana, spoiled tomato",16.6,73.5,0,1045,2026-04-18 20:44:26
"spoiled cucumber, spoiled banana, spoiled tomato",16.6,73,0,1018,2026-04-18 20:44:57
"spoiled cucumber, spoiled banana, spoiled tomato",16.6,73.6,0,1008,2026-04-18 20:45:27
"spoiled cucumber, spoiled banana, spoiled tomato",16.5,72,0,1016,2026-04-18 20:45:58
"spoiled cucumber, spoiled banana, spoiled tomato",16.5,72.2,0,995,2026-04-18 20:46:29
"spoiled cucumber, spoiled banana, spoiled tomato",16.5,71.3,0,976,2026-04-18 20:46:59
"spoiled cucumber, spoiled banana, spoiled tomato",16.5,70.9,0,977,2026-04-18 20:47:29
"spoiled cucumber, spoiled banana, spoiled tomato",16.5,70,0,951,2026-04-18 20:48:00
"spoiled cucumber, spoiled banana, spoiled tomato",16.5,70.3,0,984,2026-04-18 20:48:30
"spoiled cucumber, spoiled banana, spoiled tomato",16.4,69.6,0,945,2026-04-18 20:49:01
"spoiled cucumber, spoiled banana, spoiled tomato",16.4,70.1,0,971,2026-04-18 20:49:31
"spoiled cucumber, spoiled banana, spoiled tomato",16.4,70.5,0,946,2026-04-18 20:50:01
"spoiled cucumber, spoiled banana, spoiled tomato",16.4,69.8,0,936,2026-04-18 20:50:32
"spoiled cucumber, spoiled banana, spoiled tomato",16.4,69.7,0,962,2026-04-18 20:51:02
"spoiled cucumber, spoiled banana, spoiled tomato",16.4,68.9,0,931,2026-04-18 20:51:33
"spoiled cucumber, spoiled banana, spoiled tomato",16.4,68.6,0,947,2026-04-18 20:52:03
"spoiled cucumber, spoiled banana, spoiled tomato",16.3,68.2,0,935,2026-04-18 20:52:33
"spoiled cucumber, spoiled banana, spoiled tomato",16.3,69.2,0,950,2026-04-18 20:53:04
"spoiled cucumber, spoiled banana, spoiled tomato",16.3,68.6,0,932,2026-04-18 20:53:34
"spoiled cucumber, spoiled banana, spoiled tomato",16.3,67.8,0,926,2026-04-18 20:54:04
"spoiled cucumber, spoiled banana, spoiled tomato",16.3,68.6,0,942,2026-04-18 20:54:35
"spoiled cucumber, spoiled banana, spoiled tomato",16.3,67.8,0,929,2026-04-18 20:55:05
"spoiled cucumber, spoiled banana, spoiled tomato",16.2,67.1,0,909,2026-04-18 20:55:35
"spoiled cucumber, spoiled banana, spoiled tomato",16.2,67.1,0,907,2026-04-18 20:56:06
"spoiled cucumber, spoiled banana, spoiled tomato",16.2,67.1,0,918,2026-04-18 20:56:36
"spoiled cucumber, spoiled banana, spoiled tomato",16.2,66.9,0,914,2026-04-18 20:57:07
"spoiled cucumber, spoiled banana, spoiled tomato",16.2,67,0,898,2026-04-18 20:57:37
"spoiled cucumber, spoiled banana, spoiled tomato",16.1,67.3,0,912,2026-04-18 20:58:07
"spoiled cucumber, spoiled banana, spoiled tomato",16.1,67.8,0,912,2026-04-18 20:58:38
"spoiled cucumber, spoiled banana, spoiled tomato",16.1,67.3,0,891,2026-04-18 20:59:08
"spoiled cucumber, spoiled banana, spoiled tomato",16.1,66.3,0,882,2026-04-18 20:59:39
"spoiled cucumber, spoiled banana, spoiled tomato",16.1,66.4,0,883,2026-04-18 21:00:09
"spoiled cucumber, spoiled banana, spoiled tomato",16,66.9,0,855,2026-04-18 21:00:43
"spoiled cucumber, spoiled banana, spoiled tomato",16,67.1,0,881,2026-04-18 21:01:18
"spoiled cucumber, spoiled banana, spoiled tomato",16,67.2,0,910,2026-04-18 21:01:49
"spoiled cucumber, spoiled banana, spoiled tomato",16,67.7,0,909,2026-04-18 21:02:19
"spoiled cucumber, spoiled banana, spoiled tomato",16,68.4,0,912,2026-04-18 21:02:50
"spoiled cucumber, spoiled banana, spoiled tomato",16,68.2,0,919,2026-04-18 21:03:20
"spoiled cucumber, spoiled banana, spoiled tomato",15.9,69.4,0,914,2026-04-18 21:03:50
"spoiled cucumber, spoiled banana, spoiled tomato",16,69.9,0,929,2026-04-18 21:04:21
"spoiled cucumber, spoiled banana, spoiled tomato",15.9,70.4,0,943,2026-04-18 21:04:51
"spoiled cucumber, spoiled banana, spoiled tomato",15.9,70.3,0,946,2026-04-18 21:05:21
"spoiled cucumber, spoiled banana, spoiled tomato",16,71.1,0,943,2026-04-18 21:05:52
"spoiled cucumber, spoiled banana, spoiled tomato",15.9,70.5,0,950,2026-04-18 21:06:22
"spoiled cucumber, spoiled banana, spoiled tomato",15.9,71.5,0,931,2026-04-18 21:06:52
"spoiled cucumber, spoiled banana, spoiled tomato",15.9,72.3,0,971,2026-04-18 21:07:23
"spoiled cucumber, spoiled banana, spoiled tomato",15.9,72.4,0,954,2026-04-18 21:07:53
"spoiled cucumber, spoiled banana, spoiled tomato",15.9,73.1,0,986,2026-04-18 21:08:24
"spoiled cucumber, spoiled banana, spoiled tomato",15.9,73.3,0,970,2026-04-18 21:08:54
"spoiled cucumber, spoiled banana, spoiled tomato",15.9,74.3,0,989,2026-04-18 21:09:24
"spoiled cucumber, spoiled banana, spoiled tomato",15.9,74.6,0,1013,2026-04-18 21:09:55
"spoiled cucumber, spoiled banana, spoiled tomato",15.9,74.4,0,1034,2026-04-18 21:10:25
"spoiled cucumber, spoiled banana, spoiled tomato",15.9,74.4,0,1003,2026-04-18 21:10:55
"spoiled cucumber, spoiled banana, spoiled tomato",15.9,75,0,1008,2026-04-18 21:11:26
"spoiled cucumber, spoiled banana, spoiled tomato",15.9,74.9,0,1023,2026-04-18 21:11:56
"spoiled cucumber, spoiled banana, spoiled tomato",15.9,75.3,0,1023,2026-04-18 21:12:27
"spoiled cucumber, spoiled banana, spoiled tomato",15.9,75.7,0,1071,2026-04-18 21:12:57
"spoiled cucumber, spoiled banana, spoiled tomato",16,75.6,0,1072,2026-04-18 21:13:27
"spoiled cucumber, spoiled banana, spoiled tomato",16,75.9,0,1071,2026-04-18 21:13:58
"spoiled cucumber, spoiled banana, spoiled tomato",16,76.4,0,1095,2026-04-18 21:14:29
"spoiled cucumber, spoiled banana, spoiled tomato",15.9,76.1,0,1046,2026-04-18 21:14:59
"spoiled cucumber, spoiled banana, spoiled tomato",15.9,76.5,0,1072,2026-04-18 21:15:30
"spoiled cucumber, spoiled banana, spoiled tomato",16,76.7,0,1087,2026-04-18 21:16:00
"spoiled cucumber, spoiled banana, spoiled tomato",16,76.8,0,1080,2026-04-18 21:16:30
"spoiled cucumber, spoiled banana, spoiled tomato",16,76.6,0,1078,2026-04-18 21:17:01
"spoiled cucumber, spoiled banana, spoiled tomato",15.9,77.1,0,1088,2026-04-18 21:17:31
"spoiled cucumber, spoiled banana, spoiled tomato",16,77,0,1097,2026-04-18 21:18:02
"spoiled cucumber, spoiled banana, spoiled tomato",16,76.8,0,1103,2026-04-18 21:18:32
"spoiled cucumber, spoiled banana, spoiled tomato",16,77.1,0,1059,2026-04-18 21:19:02
"spoiled cucumber, spoiled banana, spoiled tomato",16,77.3,0,1083,2026-04-18 21:19:33
"spoiled cucumber, spoiled banana, spoiled tomato",16,77.3,0,1074,2026-04-18 21:20:03
"spoiled cucumber, spoiled banana, spoiled tomato",16,77.5,0,1088,2026-04-18 21:20:34
"spoiled cucumber, spoiled banana, spoiled tomato",16,77.3,0,1099,2026-04-18 21:21:04
"spoiled cucumber, spoiled banana, spoiled tomato",16,77.3,0,1095,2026-04-18 21:21:34
"spoiled cucumber, spoiled banana, spoiled tomato",16,77.4,0,1077,2026-04-18 21:22:05
"spoiled cucumber, spoiled banana, spoiled tomato",16,77.5,0,1099,2026-04-18 21:22:35
"spoiled cucumber, spoiled banana, spoiled tomato",16,77.6,0,1105,2026-04-18 21:23:06
"spoiled cucumber, spoiled banana, spoiled tomato",16,77.3,0,1088,2026-04-18 21:23:36
"spoiled cucumber, spoiled banana, spoiled tomato",16,77.9,0,1098,2026-04-18 21:24:06
"spoiled cucumber, spoiled banana, spoiled tomato",16,77.9,0,1118,2026-04-18 21:24:37
"spoiled cucumber, spoiled banana, spoiled tomato",16,78,0,1101,2026-04-18 21:25:07
"spoiled cucumber, spoiled banana, spoiled tomato",16,77.6,0,1094,2026-04-18 21:25:37
"spoiled cucumber, spoiled banana, spoiled tomato",16.1,77.7,0,1110,2026-04-18 21:26:08
"spoiled cucumber, spoiled banana, spoiled tomato",16.1,77.4,0,1109,2026-04-18 21:26:38
"spoiled cucumber, spoiled banana, spoiled tomato",16,77.6,0,1120,2026-04-18 21:27:09
"spoiled cucumber, spoiled banana, spoiled tomato",16.1,78.1,0,1125,2026-04-18 21:27:39
"spoiled cucumber, spoiled banana, spoiled tomato",16,78.6,0,1120,2026-04-18 21:28:09
"spoiled cucumber, spoiled banana, spoiled tomato",16.1,78.1,0,1135,2026-04-18 21:28:40
"spoiled cucumber, spoiled banana, spoiled tomato",16.1,78.1,0,1133,2026-04-18 21:29:10
"spoiled cucumber, spoiled banana, spoiled tomato",16.1,78.2,0,1122,2026-04-18 21:29:40
"spoiled cucumber, spoiled banana, spoiled tomato",16.1,78.2,0,1114,2026-04-18 21:30:11
"spoiled cucumber, spoiled banana, spoiled tomato",16.1,78,0,1116,2026-04-18 21:30:41
"spoiled cucumber, spoiled banana, spoiled tomato",16.1,78.1,0,1139,2026-04-18 21:31:12
"spoiled cucumber, spoiled banana, spoiled tomato",16.1,78.3,0,1146,2026-04-18 21:31:42
"spoiled cucumber, spoiled banana, spoiled tomato",16.1,77.7,0,1123,2026-04-18 21:32:12
"spoiled cucumber, spoiled banana, spoiled tomato",16.1,78.4,0,1154,2026-04-18 21:32:43
"spoiled cucumber, spoiled banana, spoiled tomato",16.1,78.3,0,1168,2026-04-18 21:33:13
"spoiled cucumber, spoiled banana, spoiled tomato",16.1,78.4,0,1131,2026-04-18 21:33:44
"spoiled cucumber, spoiled banana, spoiled tomato",16.1,78.8,0,1155,2026-04-18 21:34:14
"spoiled cucumber, spoiled banana, spoiled tomato",16.1,78.4,0,1149,2026-04-18 21:34:44
"spoiled cucumber, spoiled banana, spoiled tomato",16.1,78.6,0,1153,2026-04-18 21:35:15
"spoiled cucumber, spoiled banana, spoiled tomato",16.1,78.8,0,1153,2026-04-18 21:35:45
"spoiled cucumber, spoiled banana, spoiled tomato",16.2,78.8,0,1152,2026-04-18 21:36:16
"spoiled cucumber, spoiled banana, spoiled tomato",16.1,78.8,0,1114,2026-04-18 21:36:46
"spoiled cucumber, spoiled banana, spoiled tomato",16.2,78.9,0,1136,2026-04-18 21:37:16
"spoiled cucumber, spoiled banana, spoiled tomato",16.2,79.1,0,1161,2026-04-18 21:37:47
"spoiled cucumber, spoiled banana, spoiled tomato",16.2,78.5,0,1165,2026-04-18 21:38:17
"spoiled cucumber, spoiled banana, spoiled tomato",16.2,78.3,0,1181,2026-04-18 21:38:47
"spoiled cucumber, spoiled banana, spoiled tomato",16.2,78.7,0,1166,2026-04-18 21:39:18
"spoiled cucumber, spoiled banana, spoiled tomato",16.2,78.8,0,1184,2026-04-18 21:39:48
"spoiled cucumber, spoiled banana, spoiled tomato",16.2,78.8,0,1146,2026-04-18 21:40:18
"spoiled cucumber, spoiled banana, spoiled tomato",16.2,79.2,0,1163,2026-04-18 21:40:49
"spoiled cucumber, spoiled banana, spoiled tomato",16.2,78.9,0,1179,2026-04-18 21:41:19
"spoiled cucumber, spoiled banana, spoiled tomato",16.2,79.2,0,1167,2026-04-18 21:41:49
"spoiled cucumber, spoiled banana, spoiled tomato",16.2,78.7,0,1175,2026-04-18 21:42:20
"spoiled cucumber, spoiled banana, spoiled tomato",16.2,79.1,0,1171,2026-04-18 21:42:50
"spoiled cucumber, spoiled banana, spoiled tomato",16.2,79.2,0,1182,2026-04-18 21:43:21
"spoiled cucumber, spoiled banana, spoiled tomato",16.2,78.9,0,1197,2026-04-18 21:43:51
"spoiled cucumber, spoiled banana, spoiled tomato",16.2,78.7,0,1207,2026-04-18 21:44:23
"spoiled cucumber, spoiled banana, spoiled tomato",16.2,79.1,0,1177,2026-04-18 21:44:53
"spoiled cucumber, spoiled banana, spoiled tomato",16.2,78.8,0,1184,2026-04-18 21:45:23
"spoiled cucumber, spoiled banana, spoiled tomato",16.2,79,0,1193,2026-04-18 21:45:54
"spoiled cucumber, spoiled banana, spoiled tomato",16.2,79.2,0,1169,2026-04-18 21:46:24
"spoiled cucumber, spoiled banana, spoiled tomato",16.2,79.4,0,1168,2026-04-18 21:46:55
"spoiled cucumber, spoiled banana, spoiled tomato",16.3,78.9,0,1207,2026-04-18 21:47:25
"spoiled cucumber, spoiled banana, spoiled tomato",16.2,79.2,0,1195,2026-04-18 21:47:55
"spoiled cucumber, spoiled banana, spoiled tomato",16.2,79.3,0,1199,2026-04-18 21:48:26
"spoiled cucumber, spoiled banana, spoiled tomato",16.2,79.4,0,1215,2026-04-18 21:48:56
"spoiled cucumber, spoiled banana, spoiled tomato",16.3,79.5,0,1182,2026-04-18 21:49:27
"spoiled cucumber, spoiled banana, spoiled tomato",16.2,79.3,0,1187,2026-04-18 21:49:57
"spoiled cucumber, spoiled banana, spoiled tomato",16.3,78.9,0,1216,2026-04-18 21:50:28
"spoiled cucumber, spoiled banana, spoiled tomato",16.3,79.4,0,1223,2026-04-18 21:50:58
"spoiled cucumber, spoiled banana, spoiled tomato",16.3,79.4,0,1230,2026-04-18 21:51:28
"spoiled cucumber, spoiled banana, spoiled tomato",16.3,79.4,0,1217,2026-04-18 21:51:59
"spoiled cucumber, spoiled banana, spoiled tomato",16.3,79.5,0,1205,2026-04-18 21:52:29
"spoiled cucumber, spoiled banana, spoiled tomato",16.3,79.5,0,1229,2026-04-18 21:53:00
"spoiled cucumber, spoiled banana, spoiled tomato",16.3,79.6,0,1223,2026-04-18 21:53:30
"spoiled cucumber, spoiled banana, spoiled tomato",16.3,79.3,0,1238,2026-04-18 21:54:00
"spoiled cucumber, spoiled banana, spoiled tomato",16.3,79.7,0,1202,2026-04-18 21:54:31
"spoiled cucumber, spoiled banana, spoiled tomato",16.3,79.3,0,1235,2026-04-18 21:55:01
"spoiled cucumber, spoiled banana, spoiled tomato",16.3,79.8,0,1227,2026-04-18 21:55:32
"spoiled cucumber, spoiled banana, spoiled tomato",16.3,79.4,0,1223,2026-04-18 21:56:02
"spoiled cucumber, spoiled banana, spoiled tomato",16.3,78.6,0,1223,2026-04-18 21:56:32
"spoiled cucumber, spoiled banana, spoiled tomato",16.3,79.3,0,1213,2026-04-18 21:57:03
"spoiled cucumber, spoiled banana, spoiled tomato",16.3,79.7,0,1232,2026-04-18 21:57:33
"spoiled cucumber, spoiled banana, spoiled tomato",16.3,79.5,0,1245,2026-04-18 21:58:04
"spoiled cucumber, spoiled banana, spoiled tomato",16.4,80.2,0,1238,2026-04-18 21:58:34
"spoiled cucumber, spoiled banana, spoiled tomato",16.3,80.1,0,1237,2026-04-18 21:59:05
"spoiled cucumber, spoiled banana, spoiled tomato",16.4,80.6,0,1259,2026-04-18 21:59:35
"spoiled cucumber, spoiled banana, spoiled tomato",16.3,80,0,1227,2026-04-18 22:00:05
"spoiled cucumber, spoiled banana, spoiled tomato",16.3,80.1,0,1232,2026-04-18 22:00:36
"spoiled cucumber, spoiled banana, spoiled tomato",16.3,80.1,0,1236,2026-04-18 22:01:06
"spoiled cucumber, spoiled banana, spoiled tomato",16.4,80.6,0,1241,2026-04-18 22:01:37
"spoiled cucumber, spoiled banana, spoiled tomato",16.4,80.6,0,1213,2026-04-18 22:02:07
"spoiled cucumber, spoiled banana, spoiled tomato",16.4,79.8,0,1243,2026-04-18 22:02:37
"spoiled cucumber, spoiled banana, spoiled tomato",16.4,80.2,0,1251,2026-04-18 22:03:08
"spoiled cucumber, spoiled banana, spoiled tomato",16.4,80.4,0,1253,2026-04-18 22:03:38
"spoiled cucumber, spoiled banana, spoiled tomato",16.4,79.8,0,1277,2026-04-18 22:04:09
"spoiled cucumber, spoiled banana, spoiled tomato",16.4,80.3,0,1287,2026-04-18 22:04:39
"spoiled cucumber, spoiled banana, spoiled tomato",16.4,80.8,0,1265,2026-04-18 22:05:10
"spoiled cucumber, spoiled banana, spoiled tomato",16.4,81.1,0,1274,2026-04-18 22:05:45
"spoiled cucumber, spoiled banana, spoiled tomato",16.4,79.5,0,1270,2026-04-18 22:06:16
"spoiled cucumber, spoiled banana, spoiled tomato",16.4,80.6,0,1277,2026-04-18 22:06:46
"spoiled cucumber, spoiled banana, spoiled tomato",16.4,80.5,0,1296,2026-04-18 22:07:17
"spoiled cucumber, spoiled banana, spoiled tomato",16.4,81,0,1286,2026-04-18 22:07:47
"spoiled cucumber, spoiled banana, spoiled tomato",16.4,80.4,0,1285,2026-04-18 22:08:18
"spoiled cucumber, spoiled banana, spoiled tomato",16.4,80.9,0,1275,2026-04-18 22:08:48
"spoiled cucumber, spoiled banana, spoiled tomato",16.4,81,0,1286,2026-04-18 22:09:19
"spoiled cucumber, spoiled banana, spoiled tomato",16.5,80.5,0,1288,2026-04-18 22:09:49
"spoiled cucumber, spoiled banana, spoiled tomato",16.4,80.8,0,1309,2026-04-18 22:10:19
"spoiled cucumber, spoiled banana, spoiled tomato",16.4,80.9,0,1308,2026-04-18 22:10:50
"spoiled cucumber, spoiled banana, spoiled tomato",16.4,80.6,0,1315,2026-04-18 22:11:20
"spoiled cucumber, spoiled banana, spoiled tomato",16.4,80.6,0,1322,2026-04-18 22:11:51
"spoiled cucumber, spoiled banana, spoiled tomato",16.4,80,0,1323,2026-04-18 22:12:21
"spoiled cucumber, spoiled banana, spoiled tomato",16.5,81.1,0,1331,2026-04-18 22:12:51
"spoiled cucumber, spoiled banana, spoiled tomato",16.4,80.8,0,1332,2026-04-18 22:13:22
"spoiled cucumber, spoiled banana, spoiled tomato",16.4,81.3,0,1312,2026-04-18 22:13:52
"spoiled cucumber, spoiled banana, spoiled tomato",16.5,80.2,0,1347,2026-04-18 22:14:23
"spoiled cucumber, spoiled banana, spoiled tomato",16.5,80.9,0,1332,2026-04-18 22:14:53
"spoiled cucumber, spoiled banana, spoiled tomato",16.4,80.4,0,1328,2026-04-18 22:15:23
"spoiled cucumber, spoiled banana, spoiled tomato",16.5,80.5,0,1339,2026-04-18 22:15:54
"spoiled cucumber, spoiled banana, spoiled tomato",16.5,80.5,0,1351,2026-04-18 22:16:24
"spoiled cucumber, spoiled banana, spoiled tomato",16.5,81.1,0,1348,2026-04-18 22:16:55
"spoiled cucumber, spoiled banana, spoiled tomato",16.5,81.7,0,1338,2026-04-18 22:17:25
"spoiled cucumber, spoiled banana, spoiled tomato",16.5,81.9,0,1353,2026-04-18 22:17:56
"spoiled cucumber, spoiled banana, spoiled tomato",16.5,81.7,0,1344,2026-04-18 22:18:26
"spoiled cucumber, spoiled banana, spoiled tomato",16.5,81.8,0,1338,2026-04-18 22:18:56
"spoiled cucumber, spoiled banana, spoiled tomato",16.6,81.9,0,1341,2026-04-18 22:19:27
"spoiled cucumber, spoiled banana, spoiled tomato",16.5,81.1,0,1345,2026-04-18 22:19:58
"spoiled cucumber, spoiled banana, spoiled tomato",16.6,82.4,0,1338,2026-04-18 22:20:28
"spoiled cucumber, spoiled banana, spoiled tomato",16.6,81.9,0,1338,2026-04-18 22:20:59
"spoiled cucumber, spoiled banana, spoiled tomato",16.6,81.7,0,1355,2026-04-18 22:21:29
"spoiled cucumber, spoiled banana, spoiled tomato",16.6,81.7,0,1341,2026-04-18 22:21:59
"spoiled cucumber, spoiled banana, spoiled tomato",16.6,82.3,0,1344,2026-04-18 22:22:30
"spoiled cucumber, spoiled banana, spoiled tomato",16.6,82.2,0,1346,2026-04-18 22:23:00
"spoiled cucumber, spoiled banana, spoiled tomato",16.7,82.6,0,1350,2026-04-18 22:23:31
"spoiled cucumber, spoiled banana, spoiled tomato",16.6,82.4,0,1367,2026-04-18 22:24:01
"spoiled cucumber, spoiled banana, spoiled tomato",16.7,83.2,0,1339,2026-04-18 22:24:32
"spoiled cucumber, spoiled banana, spoiled tomato",16.7,83.5,0,1345,2026-04-18 22:25:02
"spoiled cucumber, spoiled banana, spoiled tomato",16.7,83.3,0,1359,2026-04-18 22:25:32
"spoiled cucumber, spoiled banana, spoiled tomato",16.7,82.7,0,1365,2026-04-18 22:26:03
"spoiled cucumber, spoiled banana, spoiled tomato",16.8,82.6,0,1367,2026-04-18 22:26:33
"spoiled cucumber, spoiled banana, spoiled tomato",16.7,82.6,0,1362,2026-04-18 22:27:04
"spoiled cucumber, spoiled banana, spoiled tomato",16.7,83.8,0,1344,2026-04-18 22:27:34
"spoiled cucumber, spoiled banana, spoiled tomato",16.7,84,0,1337,2026-04-18 22:28:04
"spoiled cucumber, spoiled banana, spoiled tomato",16.8,84.1,0,1329,2026-04-18 22:28:35
"spoiled cucumber, spoiled banana, spoiled tomato",16.8,84.3,0,1347,2026-04-18 22:29:05
"spoiled cucumber, spoiled banana, spoiled tomato",16.8,84.1,0,1356,2026-04-18 22:29:36
"spoiled cucumber, spoiled banana, spoiled tomato",16.8,84,0,1335,2026-04-18 22:30:06
"spoiled cucumber, spoiled banana, spoiled tomato",16.8,84.2,0,1341,2026-04-18 22:30:37
"spoiled cucumber, spoiled banana, spoiled tomato",16.9,84,0,1298,2026-04-18 22:31:07
"spoiled cucumber, spoiled banana, spoiled tomato",16.9,84.4,0,1319,2026-04-18 22:31:38
"spoiled cucumber, spoiled banana, spoiled tomato",16.9,83.8,0,1280,2026-04-18 22:32:11
"spoiled cucumber, spoiled banana, spoiled tomato",16.9,83.5,0,1280,2026-04-18 22:32:42
"spoiled cucumber, spoiled banana, spoiled tomato",16.9,83.2,0,1302,2026-04-18 22:33:12
"spoiled cucumber, spoiled banana, spoiled tomato",16.9,83.3,0,1305,2026-04-18 22:33:43
"spoiled cucumber, spoiled banana, spoiled tomato",16.9,82.5,0,1338,2026-04-18 22:34:13
"spoiled cucumber, spoiled banana, spoiled tomato",16.9,82.6,0,1316,2026-04-18 22:34:43
"spoiled cucumber, spoiled banana, spoiled tomato",16.9,81.9,0,1349,2026-04-18 22:35:14
"spoiled cucumber, spoiled banana, spoiled tomato",16.9,82.1,0,1318,2026-04-18 22:35:44
"spoiled cucumber, spoiled banana, spoiled tomato",16.9,81.4,0,1344,2026-04-18 22:36:15
"spoiled cucumber, spoiled banana, spoiled tomato",16.9,81.6,0,1323,2026-04-18 22:36:45
"spoiled cucumber, spoiled banana, spoiled tomato",16.9,81.2,0,1340,2026-04-18 22:37:15
"spoiled cucumber, spoiled banana, spoiled tomato",16.9,80.6,0,1360,2026-04-18 22:37:46
"spoiled cucumber, spoiled banana, spoiled tomato",16.9,80.4,0,1360,2026-04-18 22:38:16
"spoiled cucumber, spoiled banana, spoiled tomato",16.9,80,0,1345,2026-04-18 22:38:47
"spoiled cucumber, spoiled banana, spoiled tomato",16.9,79.4,0,1340,2026-04-18 22:39:17
"spoiled cucumber, spoiled banana, spoiled tomato",16.9,80.2,0,1330,2026-04-18 22:39:48
"spoiled cucumber, spoiled banana, spoiled tomato",16.8,79.4,0,1347,2026-04-18 22:40:18
"spoiled cucumber, spoiled banana, spoiled tomato",16.9,80.1,0,1332,2026-04-18 22:40:48
"spoiled cucumber, spoiled banana, spoiled tomato",16.9,78.9,0,1331,2026-04-18 22:41:19
"spoiled cucumber, spoiled banana, spoiled tomato",16.8,78.9,0,1324,2026-04-18 22:41:49
"spoiled cucumber, spoiled banana, spoiled tomato",16.9,79.2,0,1329,2026-04-18 22:42:20
"spoiled cucumber, spoiled banana, spoiled tomato",16.9,78.2,0,1326,2026-04-18 22:42:50
"spoiled cucumber, spoiled banana, spoiled tomato",16.9,78.5,0,1309,2026-04-18 22:43:21
"spoiled cucumber, spoiled banana, spoiled tomato",16.9,76.9,0,1333,2026-04-18 22:43:51
"spoiled cucumber, spoiled banana, spoiled tomato",16.9,77.8,0,1303,2026-04-18 22:44:22
"spoiled cucumber, spoiled banana, spoiled tomato",16.8,78.1,0,1293,2026-04-18 22:44:52
"spoiled cucumber, spoiled banana, spoiled tomato",16.8,77.1,0,1319,2026-04-18 22:45:23
"spoiled cucumber, spoiled banana, spoiled tomato",16.8,78,0,1279,2026-04-18 22:45:53
"spoiled cucumber, spoiled banana, spoiled tomato",16.8,77.5,0,1245,2026-04-18 22:46:23
"spoiled cucumber, spoiled banana, spoiled tomato",16.8,77.3,0,1242,2026-04-18 22:46:54
"spoiled cucumber, spoiled banana, spoiled tomato",16.8,77.5,0,1239,2026-04-18 22:47:24
"spoiled cucumber, spoiled banana, spoiled tomato",16.8,77.2,0,1249,2026-04-18 22:47:55
"spoiled cucumber, spoiled banana, spoiled tomato",16.8,77.1,0,1223,2026-04-18 22:48:25
"spoiled cucumber, spoiled banana, spoiled tomato",16.8,77.1,0,1220,2026-04-18 22:48:55
"spoiled cucumber, spoiled banana, spoiled tomato",16.8,76.9,0,1209,2026-04-18 22:49:26
"spoiled cucumber, spoiled banana, spoiled tomato",16.8,76.3,0,1215,2026-04-18 22:49:56
"spoiled cucumber, spoiled banana, spoiled tomato",16.8,76.5,0,1163,2026-04-18 22:50:27
"spoiled cucumber, spoiled banana, spoiled tomato",16.8,76.1,0,1168,2026-04-18 22:50:57
"spoiled cucumber, spoiled banana, spoiled tomato",16.8,76.1,0,1186,2026-04-18 22:51:27
"spoiled cucumber, spoiled banana, spoiled tomato",16.8,76.1,0,1141,2026-04-18 22:51:58
"spoiled cucumber, spoiled banana, spoiled tomato",16.8,76.1,0,1155,2026-04-18 22:52:28
"spoiled cucumber, spoiled banana, spoiled tomato",16.8,75.3,0,1151,2026-04-18 22:52:59
"spoiled cucumber, spoiled banana, spoiled tomato",16.7,75.5,0,1138,2026-04-18 22:53:29
"spoiled cucumber, spoiled banana, spoiled tomato",16.8,75.3,0,1136,2026-04-18 22:54:00
"spoiled cucumber, spoiled banana, spoiled tomato",16.7,75.3,0,1104,2026-04-18 22:54:30
"spoiled cucumber, spoiled banana, spoiled tomato",16.7,74.4,0,1105,2026-04-18 22:55:01
"spoiled cucumber, spoiled banana, spoiled tomato",16.7,75,0,1085,2026-04-18 22:55:31
"spoiled cucumber, spoiled banana, spoiled tomato",16.7,74.1,0,1055,2026-04-18 22:56:02
"spoiled cucumber, spoiled banana, spoiled tomato",16.7,73.5,0,1079,2026-04-18 22:56:32
"spoiled cucumber, spoiled banana, spoiled tomato",16.7,74.1,0,1084,2026-04-18 22:57:03
"spoiled cucumber, spoiled banana, spoiled tomato",16.7,74.5,0,1088,2026-04-18 22:57:33
"spoiled cucumber, spoiled banana, spoiled tomato",16.7,74.1,0,1076,2026-04-18 22:58:03
"spoiled cucumber, spoiled banana, spoiled tomato",16.7,74.3,0,1054,2026-04-18 22:58:34
"spoiled cucumber, spoiled banana, spoiled tomato",16.7,74.4,0,1063,2026-04-18 22:59:04
"spoiled cucumber, spoiled banana, spoiled tomato",16.7,73.2,0,1021,2026-04-18 22:59:35
"spoiled cucumber, spoiled banana, spoiled tomato",16.6,72.2,0,1007,2026-04-18 23:00:05
"spoiled cucumber, spoiled banana, spoiled tomato",16.6,73.3,0,1034,2026-04-18 23:00:36
"spoiled cucumber, spoiled banana, spoiled tomato",16.6,72.7,0,1022,2026-04-18 23:01:06
"spoiled cucumber, spoiled banana, spoiled tomato",16.6,73.4,0,1023,2026-04-18 23:01:36
"spoiled cucumber, spoiled banana, spoiled tomato",16.6,72.6,0,1009,2026-04-18 23:02:07
"spoiled cucumber, spoiled banana, spoiled tomato",16.5,72,0,1005,2026-04-18 23:02:37
"spoiled cucumber, spoiled banana, spoiled tomato",16.6,71,0,978,2026-04-18 23:03:08
"spoiled cucumber, spoiled banana, spoiled tomato",16.5,71,0,989,2026-04-18 23:03:38
"spoiled cucumber, spoiled banana, spoiled tomato",16.5,71.5,0,964,2026-04-18 23:04:08
"spoiled banana, fresh cucumber, fresh tomato",12.8,92.1,192,1826,2026-04-19 0:36:53
"spoiled banana, fresh cucumber, fresh tomato",13.1,96.7,0,4031,2026-04-19 0:37:24
"spoiled banana, fresh cucumber, fresh tomato",13.6,99,0,3360,2026-04-19 0:37:54
"spoiled banana, fresh cucumber, fresh tomato",14.3,99.7,0,2816,2026-04-19 0:38:24
"spoiled banana, fresh cucumber, fresh tomato",14.6,99.8,0,2329,2026-04-19 0:38:55
"spoiled banana, fresh cucumber, fresh tomato",14.7,99.3,0,1918,2026-04-19 0:39:25
"spoiled banana, fresh cucumber, fresh tomato",14.8,99.1,0,1529,2026-04-19 0:39:56
"spoiled banana, fresh cucumber, fresh tomato",15.1,99,0,1280,2026-04-19 0:40:26
"spoiled banana, fresh cucumber, fresh tomato",15.1,98.5,0,1110,2026-04-19 0:40:57
"spoiled banana, fresh cucumber, fresh tomato",15.1,97.5,0,918,2026-04-19 0:41:27
"spoiled banana, fresh cucumber, fresh tomato",15.1,96.7,0,815,2026-04-19 0:41:57
"spoiled banana, fresh cucumber, fresh tomato",15.1,96.1,0,703,2026-04-19 0:42:28
"spoiled banana, fresh cucumber, fresh tomato",15,95.4,0,639,2026-04-19 0:42:58
"spoiled banana, fresh cucumber, fresh tomato",15,95.1,0,563,2026-04-19 0:43:29
"spoiled banana, fresh cucumber, fresh tomato",15,94.6,0,547,2026-04-19 0:43:59
"spoiled banana, fresh cucumber, fresh tomato",15,94.6,0,511,2026-04-19 0:44:29
"spoiled banana, fresh cucumber, fresh tomato",15,94.2,0,487,2026-04-19 0:45:00
"spoiled banana, fresh cucumber, fresh tomato",15.1,94,0,491,2026-04-19 0:45:30
"spoiled banana, fresh cucumber, fresh tomato",15.1,93.7,0,502,2026-04-19 0:46:01
"spoiled banana, fresh cucumber, fresh tomato",15.1,93.4,0,528,2026-04-19 0:46:31
"spoiled banana, fresh cucumber, fresh tomato",15.2,93.1,0,510,2026-04-19 0:47:02
"spoiled banana, fresh cucumber, fresh tomato",15.2,92.7,0,539,2026-04-19 0:47:32
"spoiled banana, fresh cucumber, fresh tomato",15.2,92.1,0,482,2026-04-19 0:48:03
"spoiled banana, fresh cucumber, fresh tomato",15.2,91.5,0,508,2026-04-19 0:48:33
"spoiled banana, fresh cucumber, fresh tomato",15.3,91.1,0,506,2026-04-19 0:49:04
"spoiled banana, fresh cucumber, fresh tomato",15.2,90.8,0,560,2026-04-19 0:49:34
"spoiled banana, fresh cucumber, fresh tomato",15.3,90.3,0,559,2026-04-19 0:50:05
"spoiled banana, fresh cucumber, fresh tomato",15.3,90.3,0,574,2026-04-19 0:50:35
"spoiled banana, fresh cucumber, fresh tomato",15.4,90.1,0,587,2026-04-19 0:51:05
"spoiled banana, fresh cucumber, fresh tomato",15.4,90.2,0,566,2026-04-19 0:51:36
"spoiled banana, fresh cucumber, fresh tomato",15.4,90.1,0,586,2026-04-19 0:52:06
"spoiled banana, fresh cucumber, fresh tomato",15.5,90,0,615,2026-04-19 0:52:42
"spoiled banana, fresh cucumber, fresh tomato",15.5,89.8,0,655,2026-04-19 0:53:12
"spoiled banana, fresh cucumber, fresh tomato",15.5,89.7,0,715,2026-04-19 0:53:43
"spoiled banana, fresh cucumber, fresh tomato",15.6,89.6,0,710,2026-04-19 0:54:13
"spoiled banana, fresh cucumber, fresh tomato",15.6,89.4,0,738,2026-04-19 0:54:43
"spoiled banana, fresh cucumber, fresh tomato",15.7,89.4,0,773,2026-04-19 0:55:14
"spoiled banana, fresh cucumber, fresh tomato",15.7,89.3,0,770,2026-04-19 0:55:44
"spoiled banana, fresh cucumber, fresh tomato",15.7,89.3,0,772,2026-04-19 0:56:15
"spoiled banana, fresh cucumber, fresh tomato",15.8,89.1,0,763,2026-04-19 0:56:45
"spoiled banana, fresh cucumber, fresh tomato",15.8,89,0,755,2026-04-19 0:57:16
"spoiled banana, fresh cucumber, fresh tomato",15.9,88.8,0,661,2026-04-19 0:57:46
"spoiled banana, fresh cucumber, fresh tomato",15.9,89,0,698,2026-04-19 0:58:16
"spoiled banana, fresh cucumber, fresh tomato",15.9,88.7,0,747,2026-04-19 0:58:47
"spoiled banana, fresh cucumber, fresh tomato",15.9,88.5,0,803,2026-04-19 0:59:17
"spoiled banana, fresh cucumber, fresh tomato",16,88.5,0,763,2026-04-19 0:59:48
"spoiled banana, fresh cucumber, fresh tomato",16,88,0,861,2026-04-19 1:00:18
"spoiled banana, fresh cucumber, fresh tomato",16,87.9,0,911,2026-04-19 1:00:49
"spoiled banana, fresh cucumber, fresh tomato",16,87.7,0,898,2026-04-19 1:01:19
"spoiled banana, fresh cucumber, fresh tomato",16,87.6,0,921,2026-04-19 1:01:49
"spoiled banana, fresh cucumber, fresh tomato",16.1,87.6,0,912,2026-04-19 1:02:20
"spoiled banana, fresh cucumber, fresh tomato",16.1,87.4,0,910,2026-04-19 1:02:50
"spoiled banana, fresh cucumber, fresh tomato",16.1,87.3,0,948,2026-04-19 1:03:21
"spoiled banana, fresh cucumber, fresh tomato",16.1,87.1,0,937,2026-04-19 1:03:51
"spoiled banana, fresh cucumber, fresh tomato",16.1,87,0,945,2026-04-19 1:04:21
"spoiled banana, fresh cucumber, fresh tomato",16.1,87,0,923,2026-04-19 1:04:52
"spoiled banana, fresh cucumber, fresh tomato",16.1,87,0,911,2026-04-19 1:05:22
"spoiled banana, fresh cucumber, fresh tomato",16.1,87,0,899,2026-04-19 1:05:53
"spoiled banana, fresh cucumber, fresh tomato",16.1,87,0,897,2026-04-19 1:06:23
"spoiled banana, fresh cucumber, fresh tomato",16.1,86.8,0,892,2026-04-19 1:06:53
"spoiled banana, fresh cucumber, fresh tomato",16.2,86.8,0,859,2026-04-19 1:07:24
"spoiled banana, fresh cucumber, fresh tomato",16.2,86.8,0,880,2026-04-19 1:07:54
"spoiled banana, fresh cucumber, fresh tomato",16.2,87,0,849,2026-04-19 1:08:26
"spoiled banana, fresh cucumber, fresh tomato",16.2,86.8,0,859,2026-04-19 1:08:56
"spoiled banana, fresh cucumber, fresh tomato",16.2,86.8,0,854,2026-04-19 1:09:27
"spoiled banana, fresh cucumber, fresh tomato",16.2,86.6,0,862,2026-04-19 1:09:57
"spoiled banana, fresh cucumber, fresh tomato",16.2,86.4,0,822,2026-04-19 1:10:27
"spoiled banana, fresh cucumber, fresh tomato",16.2,86.3,0,811,2026-04-19 1:10:58
"spoiled banana, fresh cucumber, fresh tomato",16.2,85.2,0,782,2026-04-19 1:11:28
"spoiled banana, fresh cucumber, fresh tomato",16.2,85.7,0,818,2026-04-19 1:11:59
"spoiled banana, fresh cucumber, fresh tomato",16.3,85.5,0,786,2026-04-19 1:12:29
"spoiled banana, fresh cucumber, fresh tomato",16.2,85,0,753,2026-04-19 1:12:59
"spoiled banana, fresh cucumber, fresh tomato",16.3,84.7,0,792,2026-04-19 1:13:30
"spoiled banana, fresh cucumber, fresh tomato",16.3,84.1,0,773,2026-04-19 1:14:00
"spoiled banana, fresh cucumber, fresh tomato",16.3,84.1,0,771,2026-04-19 1:14:31
"spoiled banana, fresh cucumber, fresh tomato",16.3,83,0,722,2026-04-19 1:15:01
"spoiled banana, fresh cucumber, fresh tomato",16.3,83.4,0,778,2026-04-19 1:15:32
"spoiled banana, fresh cucumber, fresh tomato",16.3,82.6,0,729,2026-04-19 1:16:02
"spoiled banana, fresh cucumber, fresh tomato",16.2,83.1,0,747,2026-04-19 1:16:32
"spoiled banana, fresh cucumber, fresh tomato",16.3,82.2,0,768,2026-04-19 1:17:03
"spoiled banana, fresh cucumber, fresh tomato",16.2,81.4,0,758,2026-04-19 1:17:33
"spoiled banana, fresh cucumber, fresh tomato",16.2,81.2,0,714,2026-04-19 1:18:04
"spoiled banana, fresh cucumber, fresh tomato",16.2,80.9,0,720,2026-04-19 1:18:35
"spoiled banana, fresh cucumber, fresh tomato",16.3,80.9,0,706,2026-04-19 1:19:05
"spoiled banana, fresh cucumber, fresh tomato",16.3,81.1,0,733,2026-04-19 1:19:35
"spoiled banana, fresh cucumber, fresh tomato",16.3,80.8,0,752,2026-04-19 1:20:06
"spoiled banana, fresh cucumber, fresh tomato",16.3,80.3,0,739,2026-04-19 1:20:36
"spoiled banana, fresh cucumber, fresh tomato",16.2,80,0,741,2026-04-19 1:21:07
"spoiled banana, fresh cucumber, fresh tomato",16.2,79.8,0,750,2026-04-19 1:21:37
"spoiled banana, fresh cucumber, fresh tomato",16.2,79.7,0,720,2026-04-19 1:22:07
"spoiled banana, fresh cucumber, fresh tomato",16.2,79.4,0,758,2026-04-19 1:22:38
"spoiled banana, fresh cucumber, fresh tomato",16.2,79.1,0,717,2026-04-19 1:23:08
"spoiled banana, fresh cucumber, fresh tomato",16.2,78.9,0,707,2026-04-19 1:23:39
"spoiled banana, fresh cucumber, fresh tomato",16.2,78.9,0,706,2026-04-19 1:24:09
"spoiled banana, fresh cucumber, fresh tomato",16.2,78.5,0,699,2026-04-19 1:24:40
"spoiled banana, fresh cucumber, fresh tomato",16.2,78.4,0,689,2026-04-19 1:25:10
"spoiled banana, fresh cucumber, fresh tomato",16.2,77.7,0,725,2026-04-19 1:25:41
"spoiled banana, fresh cucumber, fresh tomato",16.1,77.9,0,709,2026-04-19 1:26:11
"spoiled banana, fresh cucumber, fresh tomato",16.1,77.6,0,687,2026-04-19 1:26:42
"spoiled banana, fresh cucumber, fresh tomato",16.1,77.7,0,686,2026-04-19 1:27:12
"spoiled banana, fresh cucumber, fresh tomato",16.1,77.8,0,674,2026-04-19 1:27:43
"spoiled banana, fresh cucumber, fresh tomato",16.1,77.4,0,703,2026-04-19 1:28:13
"spoiled banana, fresh cucumber, fresh tomato",16.1,77.7,0,688,2026-04-19 1:28:44
"spoiled banana, fresh cucumber, fresh tomato",16.1,77.2,0,688,2026-04-19 1:29:14
"spoiled banana, fresh cucumber, fresh tomato",16,76.6,0,695,2026-04-19 1:29:45
"spoiled banana, fresh cucumber, fresh tomato",16,77,0,715,2026-04-19 1:30:15
"spoiled banana, fresh cucumber, fresh tomato",16,75.8,0,671,2026-04-19 1:30:46
"spoiled banana, fresh cucumber, fresh tomato",16,76.7,0,687,2026-04-19 1:31:17
"spoiled banana, fresh cucumber, fresh tomato",16,75,0,625,2026-04-19 1:31:47
"spoiled banana, fresh cucumber, fresh tomato",15.9,75.8,0,667,2026-04-19 1:32:17
"spoiled banana, fresh cucumber, fresh tomato",15.9,76.1,0,688,2026-04-19 1:32:48
"spoiled banana, fresh cucumber, fresh tomato",15.9,76,0,677,2026-04-19 1:33:18
"spoiled banana, fresh cucumber, fresh tomato",15.9,76.1,0,656,2026-04-19 1:33:49
"spoiled banana, fresh cucumber, fresh tomato",15.9,75.1,0,688,2026-04-19 1:34:19
"spoiled banana, fresh cucumber, fresh tomato",15.8,75.9,0,706,2026-04-19 1:34:50
"spoiled banana, fresh cucumber, fresh tomato",15.8,75.7,0,659,2026-04-19 1:35:20
"spoiled banana, fresh cucumber, fresh tomato",15.8,74.5,0,641,2026-04-19 1:35:50
"spoiled banana, fresh cucumber, fresh tomato",15.8,74.4,0,651,2026-04-19 1:36:21
"spoiled banana, fresh cucumber, fresh tomato",15.8,74.9,0,663,2026-04-19 1:36:51
"spoiled banana, fresh cucumber, fresh tomato",15.7,74.5,0,632,2026-04-19 1:37:22
"spoiled banana, fresh cucumber, fresh tomato",15.7,73.5,0,658,2026-04-19 1:37:52
"spoiled banana, fresh cucumber, fresh tomato",15.7,74.7,0,676,2026-04-19 1:38:23
"spoiled banana, fresh cucumber, fresh tomato",15.6,74.3,0,661,2026-04-19 1:38:53
"spoiled banana, fresh cucumber, fresh tomato",15.7,72.9,0,645,2026-04-19 1:39:23
"spoiled banana, fresh cucumber, fresh tomato",15.6,73.4,0,630,2026-04-19 1:39:54
"spoiled banana, fresh cucumber, fresh tomato",15.6,73.7,0,643,2026-04-19 1:40:24
"spoiled banana, fresh cucumber, fresh tomato",15.6,73.5,0,665,2026-04-19 1:40:55
"spoiled banana, fresh cucumber, fresh tomato",15.5,71.5,0,606,2026-04-19 1:41:25
"spoiled banana, fresh cucumber, fresh tomato",15.6,72.6,0,640,2026-04-19 1:41:56
"spoiled banana, fresh cucumber, fresh tomato",15.5,72.2,0,623,2026-04-19 1:42:26
"spoiled banana, fresh cucumber, fresh tomato",15.5,71.9,0,622,2026-04-19 1:42:57
"spoiled banana, fresh cucumber, fresh tomato",15.5,72.3,0,657,2026-04-19 1:43:27
"spoiled banana, fresh cucumber, fresh tomato",15.4,71.5,0,599,2026-04-19 1:43:57
"spoiled banana, fresh cucumber, fresh tomato",15.4,72.7,0,688,2026-04-19 1:44:28
"spoiled banana, fresh cucumber, fresh tomato",15.4,71.8,0,629,2026-04-19 1:44:58
"spoiled banana, fresh cucumber, fresh tomato",15.4,69.9,0,587,2026-04-19 1:45:29
"spoiled banana, fresh cucumber, fresh tomato",15.4,71.4,0,603,2026-04-19 1:45:59
"spoiled banana, fresh cucumber, fresh tomato",15.3,69.2,0,567,2026-04-19 1:46:30
"spoiled banana, fresh cucumber, fresh tomato",15.3,70.7,0,597,2026-04-19 1:47:00
"spoiled banana, fresh cucumber, fresh tomato",15.3,68.1,0,566,2026-04-19 1:47:30
"spoiled banana, fresh cucumber, fresh tomato",15.3,71.5,0,625,2026-04-19 1:48:01
"spoiled banana, fresh cucumber, fresh tomato",15.2,68.1,0,555,2026-04-19 1:48:31
"spoiled banana, fresh cucumber, fresh tomato",15.2,69.2,0,560,2026-04-19 1:49:02
"spoiled banana, fresh cucumber, fresh tomato",15.2,70.1,0,571,2026-04-19 1:49:32
"spoiled banana, fresh cucumber, fresh tomato",15.2,69.4,0,582,2026-04-19 1:50:03
"spoiled banana, fresh cucumber, fresh tomato",15.2,70.3,0,586,2026-04-19 1:50:33
"spoiled banana, fresh cucumber, fresh tomato",15.1,67.9,0,560,2026-04-19 1:51:04
"spoiled banana, fresh cucumber, fresh tomato",15.2,69.2,0,575,2026-04-19 1:51:34
"spoiled banana, fresh cucumber, fresh tomato",15.1,67.7,0,557,2026-04-19 1:52:05
"spoiled banana, fresh cucumber, fresh tomato",15.1,67.8,0,565,2026-04-19 1:52:35
"spoiled banana, fresh cucumber, fresh tomato",15.1,68.8,0,554,2026-04-19 1:53:05
"spoiled banana, fresh cucumber, fresh tomato",15.1,69,0,573,2026-04-19 1:53:36
"spoiled banana, fresh cucumber, fresh tomato",15.1,68.9,0,565,2026-04-19 1:54:06
"spoiled banana, fresh cucumber, fresh tomato",15,68.4,0,560,2026-04-19 1:54:37
"spoiled banana, fresh cucumber, fresh tomato",15,67.9,0,539,2026-04-19 1:55:07
"spoiled banana, fresh cucumber, fresh tomato",15,67.9,0,560,2026-04-19 1:55:38
"spoiled banana, fresh cucumber, fresh tomato",14.9,65.6,0,552,2026-04-19 1:56:08
"spoiled banana, fresh cucumber, fresh tomato",14.9,66.7,0,511,2026-04-19 1:56:38
"spoiled banana, fresh cucumber, fresh tomato",14.9,66.7,0,555,2026-04-19 1:57:09
"spoiled banana, fresh cucumber, fresh tomato",14.9,66.5,0,547,2026-04-19 1:57:39
"spoiled banana, fresh cucumber, fresh tomato",14.8,66.4,0,535,2026-04-19 1:58:10
"spoiled banana, fresh cucumber, fresh tomato",14.8,66,0,534,2026-04-19 1:58:40
"spoiled banana, fresh cucumber, fresh tomato",14.8,64.3,0,525,2026-04-19 1:59:11
"spoiled banana, fresh cucumber, fresh tomato",14.8,66.4,0,562,2026-04-19 1:59:41
"spoiled banana, fresh cucumber, fresh tomato",14.8,66,0,544,2026-04-19 2:00:12
"spoiled banana, fresh cucumber, fresh tomato",14.7,64.3,0,529,2026-04-19 2:00:42
"spoiled banana, fresh cucumber, fresh tomato",14.7,66.4,0,547,2026-04-19 2:01:13
"spoiled banana, fresh cucumber, fresh tomato",14.7,65.2,0,546,2026-04-19 2:01:43
"spoiled banana, fresh cucumber, fresh tomato",14.6,64,0,531,2026-04-19 2:02:14
"spoiled banana, fresh cucumber, fresh tomato",14.6,66.6,0,534,2026-04-19 2:02:44
"spoiled banana, fresh cucumber, fresh tomato",14.6,65.8,0,511,2026-04-19 2:03:15
"spoiled banana, fresh cucumber, fresh tomato",14.6,64.7,0,529,2026-04-19 2:03:45
"spoiled banana, fresh cucumber, fresh tomato",14.5,64.6,0,529,2026-04-19 2:04:15
"spoiled banana, fresh cucumber, fresh tomato",14.5,65.3,0,511,2026-04-19 2:04:46
"spoiled banana, fresh cucumber, fresh tomato",14.5,64.8,0,527,2026-04-19 2:05:16
"spoiled banana, fresh cucumber, fresh tomato",14.4,64.2,0,511,2026-04-19 2:05:47
"spoiled banana, fresh cucumber, fresh tomato",14.4,64,0,527,2026-04-19 2:06:17
"spoiled banana, fresh cucumber, fresh tomato",14.4,63.1,0,534,2026-04-19 2:06:48
"spoiled banana, fresh cucumber, fresh tomato",14.4,64.7,0,508,2026-04-19 2:07:18
"spoiled banana, fresh cucumber, fresh tomato",14.4,65.2,0,544,2026-04-19 2:07:49
"spoiled banana, fresh cucumber, fresh tomato",14.4,66,0,542,2026-04-19 2:08:19
"spoiled banana, fresh cucumber, fresh tomato",14.4,65.4,0,539,2026-04-19 2:08:49
"spoiled banana, fresh cucumber, fresh tomato",14.4,65.7,0,545,2026-04-19 2:09:20
"spoiled banana, fresh cucumber, fresh tomato",14.4,66.7,0,533,2026-04-19 2:09:50
"spoiled banana, fresh cucumber, fresh tomato",14.3,67.1,0,560,2026-04-19 2:10:21
"spoiled banana, fresh cucumber, fresh tomato",14.4,67.6,0,577,2026-04-19 2:10:51
"spoiled banana, fresh cucumber, fresh tomato",14.3,67.6,0,582,2026-04-19 2:11:22
"spoiled banana, fresh cucumber, fresh tomato",14.3,68.3,0,590,2026-04-19 2:11:52
"spoiled banana, fresh cucumber, fresh tomato",14.3,68.4,0,577,2026-04-19 2:12:22
"spoiled banana, fresh cucumber, fresh tomato",14.4,69.1,0,580,2026-04-19 2:12:53
"spoiled banana, fresh cucumber, fresh tomato",14.4,68.8,0,592,2026-04-19 2:13:23
"spoiled banana, fresh cucumber, fresh tomato",14.4,69.5,0,591,2026-04-19 2:13:54
"spoiled banana, fresh cucumber, fresh tomato",14.4,69.9,0,609,2026-04-19 2:14:24
"spoiled banana, fresh cucumber, fresh tomato",14.4,69.9,0,615,2026-04-19 2:14:54
"spoiled banana, fresh cucumber, fresh tomato",14.4,70.9,0,618,2026-04-19 2:15:25
"spoiled banana, fresh cucumber, fresh tomato",14.4,70.5,0,619,2026-04-19 2:15:55
"spoiled banana, fresh cucumber, fresh tomato",14.4,70.6,0,626,2026-04-19 2:16:26
"spoiled banana, fresh cucumber, fresh tomato",14.4,70.8,0,642,2026-04-19 2:16:56
"spoiled banana, fresh cucumber, fresh tomato",14.4,71.6,0,644,2026-04-19 2:17:26
"spoiled banana, fresh cucumber, fresh tomato",14.5,71.6,0,654,2026-04-19 2:17:57
"spoiled banana, fresh cucumber, fresh tomato",14.5,72.2,0,656,2026-04-19 2:18:27
"spoiled banana, fresh cucumber, fresh tomato",14.5,72,0,654,2026-04-19 2:18:58
"spoiled banana, fresh cucumber, fresh tomato",14.5,72.3,0,676,2026-04-19 2:19:28
"spoiled banana, fresh cucumber, fresh tomato",14.5,72.8,0,688,2026-04-19 2:19:59
"spoiled banana, fresh cucumber, fresh tomato",14.5,72.6,0,688,2026-04-19 2:20:29
"spoiled banana, fresh cucumber, fresh tomato",14.5,73.3,0,704,2026-04-19 2:20:59
"spoiled banana, fresh cucumber, fresh tomato",14.5,73,0,696,2026-04-19 2:21:30
"spoiled banana, fresh cucumber, fresh tomato",14.6,73.8,0,701,2026-04-19 2:22:00
"spoiled banana, fresh cucumber, fresh tomato",14.6,73,0,689,2026-04-19 2:22:31
"spoiled banana, fresh cucumber, fresh tomato",14.6,74.3,0,718,2026-04-19 2:23:01
"spoiled banana, fresh cucumber, fresh tomato",14.6,73.9,0,707,2026-04-19 2:23:31
"spoiled banana, fresh cucumber, fresh tomato",14.6,73.8,0,694,2026-04-19 2:24:02
"spoiled banana, fresh cucumber, fresh tomato",14.6,74.7,0,706,2026-04-19 2:24:32
"spoiled banana, fresh cucumber, fresh tomato",14.6,74.2,0,720,2026-04-19 2:25:03
"spoiled banana, fresh cucumber, fresh tomato",14.6,74,0,697,2026-04-19 2:25:33
"spoiled banana, fresh cucumber, fresh tomato",14.6,74.8,0,685,2026-04-19 2:26:04
"spoiled banana, fresh cucumber, fresh tomato",14.7,73.9,0,689,2026-04-19 2:26:34
"spoiled banana, fresh cucumber, fresh tomato",14.6,74.9,0,715,2026-04-19 2:27:05
"spoiled banana, fresh cucumber, fresh tomato",14.6,74.2,0,704,2026-04-19 2:27:35
"spoiled banana, fresh cucumber, fresh tomato",14.7,74.6,0,693,2026-04-19 2:28:06
"spoiled banana, fresh cucumber, fresh tomato",14.7,74.4,0,695,2026-04-19 2:28:36
"spoiled banana, fresh cucumber, fresh tomato",14.7,75,0,720,2026-04-19 2:29:07
"spoiled banana, fresh cucumber, fresh tomato",14.7,75.1,0,711,2026-04-19 2:29:37
"spoiled banana, fresh cucumber, fresh tomato",14.7,74.9,0,697,2026-04-19 2:30:08
"spoiled banana, fresh cucumber, fresh tomato",14.7,75,0,688,2026-04-19 2:30:38
"spoiled banana, fresh cucumber, fresh tomato",14.7,75.3,0,698,2026-04-19 2:31:08
"spoiled banana, fresh cucumber, fresh tomato",14.7,75.5,0,700,2026-04-19 2:31:39
"spoiled banana, fresh cucumber, fresh tomato",14.7,75.6,0,675,2026-04-19 2:32:09
"spoiled banana, fresh cucumber, fresh tomato",14.7,75.2,0,663,2026-04-19 2:32:40
"spoiled banana, fresh cucumber, fresh tomato",14.7,75.4,0,687,2026-04-19 2:33:11
"spoiled banana, fresh cucumber, fresh tomato",14.8,75.1,0,702,2026-04-19 2:33:41
"spoiled banana, fresh cucumber, fresh tomato",14.8,75.7,0,698,2026-04-19 2:34:12
"spoiled banana, fresh cucumber, fresh tomato",14.8,75.8,0,688,2026-04-19 2:34:42
"spoiled banana, fresh cucumber, fresh tomato",14.8,76.1,0,707,2026-04-19 2:35:13
"spoiled banana, fresh cucumber, fresh tomato",14.8,75.7,0,679,2026-04-19 2:35:43
"spoiled banana, fresh cucumber, fresh tomato",14.8,76,0,667,2026-04-19 2:36:13
"spoiled banana, fresh cucumber, fresh tomato",14.8,75.4,0,656,2026-04-19 2:36:44
"spoiled banana, fresh cucumber, fresh tomato",14.8,75.8,0,686,2026-04-19 2:37:14
"spoiled banana, fresh cucumber, fresh tomato",14.8,75.8,0,675,2026-04-19 2:37:45
"spoiled banana, fresh cucumber, fresh tomato",14.8,76.2,0,687,2026-04-19 2:38:15
"spoiled banana, fresh cucumber, fresh tomato",14.8,76.4,0,692,2026-04-19 2:38:46
"spoiled banana, fresh cucumber, fresh tomato",14.8,76.1,0,684,2026-04-19 2:39:16
"spoiled banana, fresh cucumber, fresh tomato",14.9,76.2,0,688,2026-04-19 2:39:47
"spoiled banana, fresh cucumber, fresh tomato",14.9,76.1,0,698,2026-04-19 2:40:17
"spoiled banana, fresh cucumber, fresh tomato",14.9,76.4,0,701,2026-04-19 2:40:48
"spoiled banana, fresh cucumber, fresh tomato",14.9,76.1,0,698,2026-04-19 2:41:18
"spoiled banana, fresh cucumber, fresh tomato",14.9,75.8,0,650,2026-04-19 2:41:48
"spoiled banana, fresh cucumber, fresh tomato",14.9,76.1,0,681,2026-04-19 2:42:19
"spoiled banana, fresh cucumber, fresh tomato",14.9,76.4,0,686,2026-04-19 2:42:49
"spoiled banana, fresh cucumber, fresh tomato",14.9,76.3,0,688,2026-04-19 2:43:20
"spoiled banana, fresh cucumber, fresh tomato",14.9,76.1,0,662,2026-04-19 2:43:50
"spoiled banana, fresh cucumber, fresh tomato",14.9,76.3,0,717,2026-04-19 2:44:21
"spoiled banana, fresh cucumber, fresh tomato",14.9,76.6,0,703,2026-04-19 2:44:51
"spoiled banana, fresh cucumber, fresh tomato",15,76.5,0,711,2026-04-19 2:45:22
"spoiled banana, fresh cucumber, fresh tomato",15,76.3,0,680,2026-04-19 2:45:52
"spoiled banana, fresh cucumber, fresh tomato",14.9,76.9,0,710,2026-04-19 2:46:23
"spoiled banana, fresh cucumber, fresh tomato",15,76.7,0,677,2026-04-19 2:46:53
"spoiled banana, fresh cucumber, fresh tomato",14.9,76.6,0,687,2026-04-19 2:47:24
"spoiled banana, fresh cucumber, fresh tomato",15,76.6,0,671,2026-04-19 2:47:54
"spoiled banana, fresh cucumber, fresh tomato",15,76.7,0,690,2026-04-19 2:48:24
"spoiled banana, fresh cucumber, fresh tomato",15,76.7,0,714,2026-04-19 2:48:55
"spoiled banana, fresh cucumber, fresh tomato",15,76.7,0,715,2026-04-19 2:49:25
"spoiled banana, fresh cucumber, fresh tomato",15,76.7,0,721,2026-04-19 2:49:56
"spoiled banana, fresh cucumber, fresh tomato",15,76.9,0,720,2026-04-19 2:50:26
"spoiled banana, fresh cucumber, fresh tomato",15,76.8,0,711,2026-04-19 2:50:57
"spoiled banana, fresh cucumber, fresh tomato",15,77,0,737,2026-04-19 2:51:27
"spoiled banana, fresh cucumber, fresh tomato",15,77,0,698,2026-04-19 2:51:58
"spoiled banana, fresh cucumber, fresh tomato",15.1,77.1,0,711,2026-04-19 2:52:28
"spoiled banana, fresh cucumber, fresh tomato",15,77.2,0,693,2026-04-19 2:52:58
"spoiled banana, fresh cucumber, fresh tomato",15,77.2,0,709,2026-04-19 2:53:29
"spoiled banana, fresh cucumber, fresh tomato",15.1,77.5,0,704,2026-04-19 2:53:59
"spoiled banana, fresh cucumber, fresh tomato",15.1,77.1,0,695,2026-04-19 2:54:30
"spoiled banana, fresh cucumber, fresh tomato",15.1,76.9,0,711,2026-04-19 2:55:00
"spoiled banana, fresh cucumber, fresh tomato",15.1,77.2,0,682,2026-04-19 2:55:31
"spoiled banana, fresh cucumber, fresh tomato",15.1,77.2,0,712,2026-04-19 2:56:01
"spoiled banana, fresh cucumber, fresh tomato",15.1,77.2,0,697,2026-04-19 2:56:32
"spoiled banana, fresh cucumber, fresh tomato",15.1,77.2,0,704,2026-04-19 2:57:02
"spoiled banana, fresh cucumber, fresh tomato",15.1,77.3,0,714,2026-04-19 2:57:32
"spoiled banana, fresh cucumber, fresh tomato",15.1,76.9,0,691,2026-04-19 2:58:03
"spoiled banana, fresh cucumber, fresh tomato",15.1,77.1,0,720,2026-04-19 2:58:33
"spoiled banana, fresh cucumber, fresh tomato",15.1,77.3,0,691,2026-04-19 2:59:04
"spoiled banana, fresh cucumber, fresh tomato",15.1,77.2,0,715,2026-04-19 2:59:34
"spoiled banana, fresh cucumber, fresh tomato",15.1,77.5,0,733,2026-04-19 3:00:05
"spoiled banana, fresh cucumber, fresh tomato",15.1,77.5,0,730,2026-04-19 3:00:35
"spoiled banana, fresh cucumber, fresh tomato",15.1,77.4,0,708,2026-04-19 3:01:06
"spoiled banana, fresh cucumber, fresh tomato",15.2,77.5,0,718,2026-04-19 3:01:36
"spoiled banana, fresh cucumber, fresh tomato",15.1,77.5,0,719,2026-04-19 3:02:07
"spoiled banana, fresh cucumber, fresh tomato",15.2,77.4,0,709,2026-04-19 3:02:37
"spoiled banana, fresh cucumber, fresh tomato",15.1,77.1,0,720,2026-04-19 3:03:08
"spoiled banana, fresh cucumber, fresh tomato",15.2,77.3,0,722,2026-04-19 3:03:38
"spoiled banana, fresh cucumber, fresh tomato",15.2,77.5,0,719,2026-04-19 3:04:09
"spoiled banana, fresh cucumber, fresh tomato",15.2,77.4,0,736,2026-04-19 3:04:39
"spoiled banana, fresh cucumber, fresh tomato",15.2,77.4,0,726,2026-04-19 3:05:10
"spoiled banana, fresh cucumber, fresh tomato",15.2,77.3,0,698,2026-04-19 3:05:40
"spoiled banana, fresh cucumber, fresh tomato",15.2,77.4,0,720,2026-04-19 3:06:11
"spoiled banana, fresh cucumber, fresh tomato",15.2,77.7,0,727,2026-04-19 3:06:41
"spoiled banana, fresh cucumber, fresh tomato",15.2,77.8,0,752,2026-04-19 3:07:12
"spoiled banana, fresh cucumber, fresh tomato",15.2,77.7,0,745,2026-04-19 3:07:42
"spoiled banana, fresh cucumber, fresh tomato",15.2,77.7,0,717,2026-04-19 3:08:12
"spoiled banana, fresh cucumber, fresh tomato",15.2,77.5,0,739,2026-04-19 3:08:43
"spoiled banana, fresh cucumber, fresh tomato",15.2,78.1,0,752,2026-04-19 3:09:13
"spoiled banana, fresh cucumber, fresh tomato",15.3,78.1,0,723,2026-04-19 3:09:44
"spoiled banana, fresh cucumber, fresh tomato",15.3,78.1,0,757,2026-04-19 3:10:14
"spoiled banana, fresh cucumber, fresh tomato",15.3,78.1,0,748,2026-04-19 3:10:45
"spoiled banana, fresh cucumber, fresh tomato",15.3,78,0,773,2026-04-19 3:11:15
"spoiled banana, fresh cucumber, fresh tomato",15.3,78.5,0,799,2026-04-19 3:11:46
"spoiled banana, fresh cucumber, fresh tomato",15.2,78.2,0,762,2026-04-19 3:12:16
"spoiled banana, fresh cucumber, fresh tomato",15.3,78.3,0,757,2026-04-19 3:12:47
"spoiled banana, fresh cucumber, fresh tomato",15.3,78,0,736,2026-04-19 3:13:17
"spoiled banana, fresh cucumber, fresh tomato",15.3,78.3,0,746,2026-04-19 3:13:47
"spoiled banana, fresh cucumber, fresh tomato",15.3,78.4,0,752,2026-04-19 3:14:18
"spoiled banana, fresh cucumber, fresh tomato",15.3,78.2,0,752,2026-04-19 3:14:48
"spoiled banana, fresh cucumber, fresh tomato",15.3,78.5,0,749,2026-04-19 3:15:19
"spoiled banana, fresh cucumber, fresh tomato",15.3,78.7,0,752,2026-04-19 3:15:49
"spoiled banana, fresh cucumber, fresh tomato",15.3,78.6,0,750,2026-04-19 3:16:19
"spoiled banana, fresh cucumber, fresh tomato",15.3,78.9,0,762,2026-04-19 3:16:50
"spoiled banana, fresh cucumber, fresh tomato",15.3,79,0,787,2026-04-19 3:17:20
"spoiled banana, fresh cucumber, fresh tomato",15.4,79,0,790,2026-04-19 3:17:51
"spoiled banana, fresh cucumber, fresh tomato",15.4,79.1,0,750,2026-04-19 3:18:22
"spoiled banana, fresh cucumber, fresh tomato",15.4,79.1,0,787,2026-04-19 3:18:53
"spoiled banana, fresh cucumber, fresh tomato",15.4,79.1,0,763,2026-04-19 3:19:23
"spoiled banana, fresh cucumber, fresh tomato",15.4,79,0,770,2026-04-19 3:19:54
"spoiled banana, fresh cucumber, fresh tomato",15.4,79.4,0,779,2026-04-19 3:20:24
"spoiled banana, fresh cucumber, fresh tomato",15.4,79.3,0,784,2026-04-19 3:20:55
"spoiled banana, fresh cucumber, fresh tomato",15.4,79.3,0,768,2026-04-19 3:21:25
"spoiled banana, fresh cucumber, fresh tomato",15.4,79.4,0,785,2026-04-19 3:21:55
"spoiled banana, fresh cucumber, fresh tomato",15.4,79.5,0,789,2026-04-19 3:22:26
"spoiled banana, fresh cucumber, fresh tomato",15.5,79.6,0,775,2026-04-19 3:22:56
"spoiled banana, fresh cucumber, fresh tomato",15.5,79.7,0,764,2026-04-19 3:23:27
"spoiled banana, fresh cucumber, fresh tomato",15.4,79.8,0,791,2026-04-19 3:23:57
"spoiled banana, fresh cucumber, fresh tomato",15.5,79.9,0,813,2026-04-19 3:24:28
"spoiled banana, fresh cucumber, fresh tomato",15.5,79.8,0,807,2026-04-19 3:24:58
"spoiled banana, fresh cucumber, fresh tomato",15.5,79.9,0,789,2026-04-19 3:25:29
"spoiled banana, fresh cucumber, fresh tomato",15.5,80.1,0,796,2026-04-19 3:25:59
"spoiled banana, fresh cucumber, fresh tomato",15.5,80.2,0,815,2026-04-19 3:26:30
"spoiled banana, fresh cucumber, fresh tomato",15.5,80.2,0,808,2026-04-19 3:27:00
"spoiled banana, fresh cucumber, fresh tomato",15.5,80.2,0,800,2026-04-19 3:27:31
"spoiled banana, fresh cucumber, fresh tomato",15.5,79.9,0,795,2026-04-19 3:28:01
"spoiled banana, fresh cucumber, fresh tomato",15.5,80.2,0,811,2026-04-19 3:28:32
"spoiled banana, fresh cucumber, fresh tomato",15.6,80.4,0,809,2026-04-19 3:29:02
"spoiled banana, fresh cucumber, fresh tomato",15.6,80.5,0,787,2026-04-19 3:29:32
"spoiled banana, fresh cucumber, fresh tomato",15.6,80.6,0,847,2026-04-19 3:30:03
"spoiled banana, fresh cucumber, fresh tomato",15.6,80.6,0,846,2026-04-19 3:30:33
"spoiled banana, fresh cucumber, fresh tomato",15.6,80.6,0,839,2026-04-19 3:31:04
"spoiled banana, fresh cucumber, fresh tomato",15.6,80.7,0,838,2026-04-19 3:31:34
"spoiled banana, fresh cucumber, fresh tomato",15.6,80.8,0,849,2026-04-19 3:32:05
"spoiled banana, fresh cucumber, fresh tomato",15.6,81,0,854,2026-04-19 3:32:36
"spoiled banana, fresh cucumber, fresh tomato",15.6,81.2,0,859,2026-04-19 3:33:06
"spoiled banana, fresh cucumber, fresh tomato",15.7,81.2,0,882,2026-04-19 3:33:38
"spoiled banana, fresh cucumber, fresh tomato",15.7,81,0,853,2026-04-19 3:34:08
"spoiled banana, fresh cucumber, fresh tomato",15.7,81.1,0,859,2026-04-19 3:34:39
"spoiled banana, fresh cucumber, fresh tomato",15.7,81.3,0,865,2026-04-19 3:35:09
"spoiled banana, fresh cucumber, fresh tomato",15.7,81.4,0,875,2026-04-19 3:35:40
"spoiled banana, fresh cucumber, fresh tomato",15.7,81.3,0,859,2026-04-19 3:36:10
"spoiled banana, fresh cucumber, fresh tomato",15.7,81.6,0,880,2026-04-19 3:36:40
"spoiled banana, fresh cucumber, fresh tomato",15.7,81.7,0,881,2026-04-19 3:37:11
"spoiled banana, fresh cucumber, fresh tomato",15.8,81.5,0,894,2026-04-19 3:37:41
"spoiled banana, fresh cucumber, fresh tomato",15.8,81.7,0,896,2026-04-19 3:38:12
"spoiled banana, fresh cucumber, fresh tomato",15.8,81.7,0,876,2026-04-19 3:38:42
"spoiled banana, fresh cucumber, fresh tomato",15.8,81.6,0,879,2026-04-19 3:39:12
"spoiled banana, fresh cucumber, fresh tomato",15.8,81.9,0,884,2026-04-19 3:39:43
"spoiled banana, fresh cucumber, fresh tomato",15.8,81.8,0,879,2026-04-19 3:40:13
"spoiled banana, fresh cucumber, fresh tomato",15.9,81.8,0,885,2026-04-19 3:40:44
"spoiled banana, fresh cucumber, fresh tomato",15.8,81.9,0,907,2026-04-19 3:41:14
"spoiled banana, fresh cucumber, fresh tomato",15.9,81.9,0,892,2026-04-19 3:41:45
"spoiled banana, fresh cucumber, fresh tomato",15.9,81.8,0,865,2026-04-19 3:42:15
"spoiled banana, fresh cucumber, fresh tomato",15.9,81.7,0,885,2026-04-19 3:42:46
"spoiled banana, fresh cucumber, fresh tomato",15.9,81.5,0,867,2026-04-19 3:43:16
"spoiled banana, fresh cucumber, fresh tomato",15.9,81.5,0,887,2026-04-19 3:43:47
"spoiled banana, fresh cucumber, fresh tomato",15.9,81,0,864,2026-04-19 3:44:17
"spoiled banana, fresh cucumber, fresh tomato",15.9,80.8,0,860,2026-04-19 3:44:47
"spoiled banana, fresh cucumber, fresh tomato",15.9,80.5,0,882,2026-04-19 3:45:18
"spoiled banana, fresh cucumber, fresh tomato",15.9,80.4,0,870,2026-04-19 3:45:48
"spoiled banana, fresh cucumber, fresh tomato",15.9,79.9,0,840,2026-04-19 3:46:19
"spoiled banana, fresh cucumber, fresh tomato",15.9,79.8,0,847,2026-04-19 3:46:49
"spoiled banana, fresh cucumber, fresh tomato",15.9,79.8,0,890,2026-04-19 3:47:19
"spoiled banana, fresh cucumber, fresh tomato",15.9,79.7,0,881,2026-04-19 3:47:50
"spoiled banana, fresh cucumber, fresh tomato",15.9,79.2,0,912,2026-04-19 3:48:20
"spoiled banana, fresh cucumber, fresh tomato",15.9,78.6,0,912,2026-04-19 3:48:51
"spoiled banana, fresh cucumber, fresh tomato",16,78.3,0,898,2026-04-19 3:49:21
"spoiled banana, fresh cucumber, fresh tomato",15.9,78.2,0,895,2026-04-19 3:49:52
"spoiled banana, fresh cucumber, fresh tomato",15.9,77.2,0,869,2026-04-19 3:50:22
"spoiled banana, fresh cucumber, fresh tomato",15.9,77.1,0,869,2026-04-19 3:50:53
"spoiled banana, fresh cucumber, fresh tomato",15.9,77.2,0,890,2026-04-19 3:51:24
"spoiled banana, fresh cucumber, fresh tomato",15.9,77.2,0,863,2026-04-19 3:51:54
"spoiled banana, fresh cucumber, fresh tomato",15.9,76.7,0,866,2026-04-19 3:52:24
"spoiled banana, fresh cucumber, fresh tomato",15.9,76.4,0,849,2026-04-19 3:52:55
"spoiled banana, fresh cucumber, fresh tomato",15.9,76.3,0,848,2026-04-19 3:53:25
"spoiled banana, fresh cucumber, fresh tomato",15.9,74,0,864,2026-04-19 3:53:56
"spoiled banana, fresh cucumber, fresh tomato",15.9,75.4,0,854,2026-04-19 3:54:27
"spoiled banana, fresh cucumber, fresh tomato",15.9,74.7,0,855,2026-04-19 3:54:58
"spoiled banana, fresh cucumber, fresh tomato",15.8,72.6,0,880,2026-04-19 3:55:29
"spoiled banana, fresh cucumber, fresh tomato",15.9,72.7,0,837,2026-04-19 3:55:59
"spoiled banana, fresh cucumber, fresh tomato",15.8,74,0,845,2026-04-19 3:56:29
"spoiled banana, fresh cucumber, fresh tomato",15.8,73.4,0,879,2026-04-19 3:57:00
"spoiled banana, fresh cucumber, fresh tomato",15.8,72.7,0,848,2026-04-19 3:57:30
"spoiled banana, fresh cucumber, fresh tomato",15.8,72.2,0,848,2026-04-19 3:58:01
"spoiled banana, fresh cucumber, fresh tomato",15.8,72.7,0,841,2026-04-19 3:58:31
"spoiled banana, fresh cucumber, fresh tomato",15.8,70.7,0,832,2026-04-19 3:59:01
"spoiled banana, fresh cucumber, fresh tomato",15.7,70.9,0,820,2026-04-19 3:59:32
"spoiled banana, fresh cucumber, fresh tomato",15.8,72,0,821,2026-04-19 4:00:02
"spoiled banana, fresh cucumber, fresh tomato",15.7,70.6,0,801,2026-04-19 4:00:33
"spoiled banana, fresh cucumber, fresh tomato",15.7,71.1,0,843,2026-04-19 4:01:03
"spoiled banana, fresh cucumber, fresh tomato",15.7,71.4,0,845,2026-04-19 4:01:34
"spoiled banana, fresh cucumber, fresh tomato",15.7,70.3,0,816,2026-04-19 4:02:05
"spoiled banana, fresh cucumber, fresh tomato",15.7,70,0,822,2026-04-19 4:02:35
"spoiled banana, fresh cucumber, fresh tomato",15.7,70,0,791,2026-04-19 4:03:06
"spoiled banana, fresh cucumber, fresh tomato",15.6,70,0,794,2026-04-19 4:03:37
"spoiled banana, fresh cucumber, fresh tomato",15.6,68.9,0,801,2026-04-19 4:04:07
"spoiled banana, fresh cucumber, fresh tomato",15.6,68.4,0,770,2026-04-19 4:04:38
"spoiled banana, fresh cucumber, fresh tomato",15.6,67.5,0,752,2026-04-19 4:05:08
"spoiled banana, fresh cucumber, fresh tomato",15.6,68.8,0,770,2026-04-19 4:05:39
"spoiled banana, fresh cucumber, fresh tomato",15.5,68.5,0,755,2026-04-19 4:06:09
"spoiled banana, fresh cucumber, fresh tomato",15.6,67.1,0,726,2026-04-19 4:06:40
"spoiled banana, fresh cucumber, fresh tomato",15.5,68,0,747,2026-04-19 4:07:10
"spoiled banana, fresh cucumber, fresh tomato",15.5,67.6,0,737,2026-04-19 4:07:41
"spoiled banana, fresh cucumber, fresh tomato",15.5,65.6,0,728,2026-04-19 4:08:11
"spoiled banana, fresh cucumber, fresh tomato",15.4,67.5,0,730,2026-04-19 4:08:41
"spoiled banana, fresh cucumber, fresh tomato",15.4,67,0,722,2026-04-19 4:09:12
"spoiled banana, fresh cucumber, fresh tomato",15.4,66.7,0,721,2026-04-19 4:09:48
"spoiled banana, fresh cucumber, fresh tomato",15.4,65.4,0,703,2026-04-19 4:10:18
"spoiled banana, fresh cucumber, fresh tomato",15.3,65.4,0,692,2026-04-19 4:10:49
"spoiled banana, fresh cucumber, fresh tomato",15.3,65.9,0,698,2026-04-19 4:11:19
"spoiled banana, fresh cucumber, fresh tomato",15.3,65.9,0,677,2026-04-19 4:11:50
"spoiled banana, fresh cucumber, fresh tomato",15.2,65.4,0,680,2026-04-19 4:12:20
"spoiled banana, fresh cucumber, fresh tomato",15.2,65.7,0,695,2026-04-19 4:12:51
"spoiled banana, fresh cucumber, fresh tomato",15.2,64.5,0,686,2026-04-19 4:13:22
"spoiled banana, fresh cucumber, fresh tomato",12,91.7,226,1421,2026-04-19 8:56:20
"spoiled banana, fresh cucumber, fresh tomato",12.5,96.4,0,3343,2026-04-19 8:56:51
"spoiled banana, fresh cucumber, fresh tomato",12.8,96.8,0,2804,2026-04-19 8:57:22
"spoiled banana, fresh cucumber, fresh tomato",13,96.5,0,2382,2026-04-19 8:57:53
"spoiled banana, fresh cucumber, fresh tomato",13.1,95.8,0,1971,2026-04-19 8:58:23
"spoiled banana, fresh cucumber, fresh tomato",13.2,95.1,0,1654,2026-04-19 8:58:54
"spoiled banana, fresh cucumber, fresh tomato",13.3,94.7,0,1387,2026-04-19 8:59:24
"spoiled banana, fresh cucumber, fresh tomato",13.3,94.2,0,1213,2026-04-19 8:59:55
"spoiled banana, fresh cucumber, fresh tomato",13.4,93.8,0,1072,2026-04-19 9:00:26
"spoiled banana, fresh cucumber, fresh tomato",13.5,93.3,0,982,2026-04-19 9:00:57
"spoiled banana, fresh cucumber, fresh tomato",13.6,92.9,0,896,2026-04-19 9:01:28
"spoiled banana, fresh cucumber, fresh tomato",13.6,92.5,0,836,2026-04-19 9:01:59
"spoiled banana, fresh cucumber, fresh tomato",13.7,92.5,0,793,2026-04-19 9:02:29
"spoiled banana, fresh cucumber, fresh tomato",13.7,92.3,0,755,2026-04-19 9:03:00
"spoiled banana, fresh cucumber, fresh tomato",13.8,91.7,0,736,2026-04-19 9:03:30
"spoiled banana, fresh cucumber, fresh tomato",13.9,91.3,0,717,2026-04-19 9:04:01
"spoiled banana, fresh cucumber, fresh tomato",13.9,90.9,0,707,2026-04-19 9:04:32
"spoiled banana, fresh cucumber, fresh tomato",14,90.5,0,734,2026-04-19 9:05:02
"spoiled banana, fresh cucumber, fresh tomato",14,90.1,0,730,2026-04-19 9:05:33
"spoiled banana, fresh cucumber, fresh tomato",14.1,89.8,0,737,2026-04-19 9:06:03
"spoiled banana, fresh cucumber, fresh tomato",14.2,89.4,0,746,2026-04-19 9:06:34
"spoiled banana, fresh cucumber, fresh tomato",14.2,89.2,0,705,2026-04-19 9:07:04
"spoiled banana, fresh cucumber, fresh tomato",14.2,88.7,0,711,2026-04-19 9:07:35
"spoiled banana, fresh cucumber, fresh tomato",14.3,88.6,0,718,2026-04-19 9:08:06
"spoiled banana, fresh cucumber, fresh tomato",14.3,88.3,0,732,2026-04-19 9:08:36
"spoiled banana, fresh cucumber, fresh tomato",14.3,87.8,0,737,2026-04-19 9:09:07
"spoiled banana, fresh cucumber, fresh tomato",14.4,87.7,0,751,2026-04-19 9:09:37
"spoiled banana, fresh cucumber, fresh tomato",14.4,87.4,0,735,2026-04-19 9:10:08
"spoiled banana, fresh cucumber, fresh tomato",14.4,86.9,0,726,2026-04-19 9:10:39
"spoiled banana, fresh cucumber, fresh tomato",14.5,86.5,0,733,2026-04-19 9:11:09
"spoiled banana, fresh cucumber, fresh tomato",14.5,86.1,0,738,2026-04-19 9:11:40
"spoiled banana, fresh cucumber, fresh tomato",14.5,85.6,0,752,2026-04-19 9:12:10
"spoiled banana, fresh cucumber, fresh tomato",14.5,85.1,0,752,2026-04-19 9:12:41
"spoiled banana, fresh cucumber, fresh tomato",14.6,84.9,0,752,2026-04-19 9:13:12
"spoiled banana, fresh cucumber, fresh tomato",14.6,84.3,0,762,2026-04-19 9:13:42
"spoiled banana, fresh cucumber, fresh tomato",14.6,83.8,0,714,2026-04-19 9:14:13
"spoiled banana, fresh cucumber, fresh tomato",14.6,83.6,0,749,2026-04-19 9:14:43
"spoiled banana, fresh cucumber, fresh tomato",14.7,82.4,0,714,2026-04-19 9:15:14
"spoiled banana, fresh cucumber, fresh tomato",14.7,81.9,0,716,2026-04-19 9:15:44
"spoiled banana, fresh cucumber, fresh tomato",14.7,81.5,0,709,2026-04-19 9:16:15
"spoiled banana, fresh cucumber, fresh tomato",14.7,80.9,0,731,2026-04-19 9:16:45
"spoiled banana, fresh cucumber, fresh tomato",14.8,80.7,0,720,2026-04-19 9:17:16
"spoiled banana, fresh cucumber, fresh tomato",14.8,80.6,0,714,2026-04-19 9:17:46
"spoiled banana, fresh cucumber, fresh tomato",14.8,79.6,0,704,2026-04-19 9:18:17
"spoiled banana, fresh cucumber, fresh tomato",14.8,79.5,0,708,2026-04-19 9:18:48
"spoiled banana, fresh cucumber, fresh tomato",14.8,78.8,0,699,2026-04-19 9:19:18
"spoiled banana, fresh cucumber, fresh tomato",14.8,78.8,0,693,2026-04-19 9:19:49
"spoiled banana, fresh cucumber, fresh tomato",14.8,78.1,0,685,2026-04-19 9:20:19
"spoiled banana, fresh cucumber, fresh tomato",14.9,77.9,0,713,2026-04-19 9:20:50
"spoiled banana, fresh cucumber, fresh tomato",14.9,77.6,0,693,2026-04-19 9:21:22
"spoiled banana, fresh cucumber, fresh tomato",14.9,76.7,0,679,2026-04-19 9:21:53
"spoiled banana, fresh cucumber, fresh tomato",14.9,77.2,0,689,2026-04-19 9:22:23
"spoiled banana, fresh cucumber, fresh tomato",14.9,77.1,0,718,2026-04-19 9:22:54
"spoiled banana, fresh cucumber, fresh tomato",14.9,76.6,0,715,2026-04-19 9:23:24
"spoiled banana, fresh cucumber, fresh tomato",15,75.8,0,731,2026-04-19 9:23:55
"spoiled banana, fresh cucumber, fresh tomato",14.9,76.3,0,697,2026-04-19 9:24:26
"spoiled banana, fresh cucumber, fresh tomato",15,75.7,0,741,2026-04-19 9:24:56
"spoiled banana, fresh cucumber, fresh tomato",14.9,75.3,0,704,2026-04-19 9:25:27
"spoiled banana, fresh cucumber, fresh tomato",15,74.6,0,688,2026-04-19 9:25:58
"spoiled banana, fresh cucumber, fresh tomato",15,74.1,0,686,2026-04-19 9:26:29
"spoiled banana, fresh cucumber, fresh tomato",15,73.9,0,675,2026-04-19 9:26:59
"spoiled banana, fresh cucumber, fresh tomato",14.9,74,0,720,2026-04-19 9:27:30
"spoiled banana, fresh cucumber, fresh tomato",14.9,73.4,0,718,2026-04-19 9:28:00
"spoiled banana, fresh cucumber, fresh tomato",14.9,73.6,0,705,2026-04-19 9:28:31
"spoiled banana, fresh cucumber, fresh tomato",15,73.4,0,720,2026-04-19 9:29:02
"spoiled banana, fresh cucumber, fresh tomato",14.9,73.6,0,736,2026-04-19 9:29:32
"spoiled banana, fresh cucumber, fresh tomato",15,73.3,0,761,2026-04-19 9:30:03
"spoiled banana, fresh cucumber, fresh tomato",15,73.5,0,727,2026-04-19 9:30:33
"spoiled banana, fresh cucumber, fresh tomato",15,72,0,735,2026-04-19 9:31:04
"spoiled banana, fresh cucumber, fresh tomato",15,72.8,0,747,2026-04-19 9:31:34
"spoiled banana, fresh cucumber, fresh tomato",14.9,73.2,0,752,2026-04-19 9:32:05
"spoiled banana, fresh cucumber, fresh tomato",15,72.7,0,743,2026-04-19 9:32:36
"spoiled banana, fresh cucumber, fresh tomato",14.9,71.6,0,739,2026-04-19 9:33:06
"spoiled banana, fresh cucumber, fresh tomato",15,71.9,0,769,2026-04-19 9:33:37
"spoiled banana, fresh cucumber, fresh tomato",14.9,71.5,0,738,2026-04-19 9:34:08
"spoiled banana, fresh cucumber, fresh tomato",14.9,70.5,0,752,2026-04-19 9:34:38
"spoiled banana, fresh cucumber, fresh tomato",14.9,71.1,0,705,2026-04-19 9:35:09
"spoiled banana, fresh cucumber, fresh tomato",14.9,71.1,0,719,2026-04-19 9:35:39
"spoiled banana, fresh cucumber, fresh tomato",14.9,71.1,0,725,2026-04-19 9:36:10
"spoiled banana, fresh cucumber, fresh tomato",14.9,70.8,0,709,2026-04-19 9:36:41
"spoiled banana, fresh cucumber, fresh tomato",14.9,70.7,0,709,2026-04-19 9:37:11
"spoiled banana, fresh cucumber, fresh tomato",14.9,69.8,0,687,2026-04-19 9:37:43
"spoiled banana, fresh cucumber, fresh tomato",14.9,69.6,0,671,2026-04-19 9:38:13
"spoiled banana, fresh cucumber, fresh tomato",14.9,70.3,0,704,2026-04-19 9:38:44
"spoiled banana, fresh cucumber, fresh tomato",14.9,70.4,0,722,2026-04-19 9:39:14
"spoiled banana, fresh cucumber, fresh tomato",14.8,69.4,0,689,2026-04-19 9:39:45
"spoiled banana, fresh cucumber, fresh tomato",14.8,70.1,0,695,2026-04-19 9:40:16
"spoiled banana, fresh cucumber, fresh tomato",14.9,70.1,0,690,2026-04-19 9:40:47
"spoiled banana, fresh cucumber, fresh tomato",14.8,70,0,698,2026-04-19 9:41:17
"spoiled banana, fresh cucumber, fresh tomato",14.8,69.4,0,698,2026-04-19 9:41:48
"spoiled banana, fresh cucumber, fresh tomato",14.8,68.4,0,670,2026-04-19 9:42:18
"spoiled banana, fresh cucumber, fresh tomato",14.8,68.8,0,685,2026-04-19 9:42:49
"spoiled banana, fresh cucumber, fresh tomato",14.8,69.3,0,660,2026-04-19 9:43:20
"spoiled banana, fresh cucumber, fresh tomato",14.7,67.3,0,658,2026-04-19 9:43:50
"spoiled banana, fresh cucumber, fresh tomato",14.7,68.7,0,688,2026-04-19 9:44:21
"spoiled banana, fresh cucumber, fresh tomato",14.7,68.9,0,659,2026-04-19 9:44:51
"spoiled banana, fresh cucumber, fresh tomato",14.7,68.1,0,673,2026-04-19 9:45:22
"spoiled banana, fresh cucumber, fresh tomato",14.7,68.6,0,670,2026-04-19 9:45:52
"spoiled banana, fresh cucumber, fresh tomato",14.6,67.9,0,653,2026-04-19 9:46:23
"spoiled banana, fresh cucumber, fresh tomato",14.6,68,0,634,2026-04-19 9:46:54
"spoiled banana, fresh cucumber, fresh tomato",14.6,67.7,0,656,2026-04-19 9:47:24
"spoiled banana, fresh cucumber, fresh tomato",14.6,66.7,0,635,2026-04-19 9:47:55
"spoiled banana, fresh cucumber, fresh tomato",14.6,66.3,0,639,2026-04-19 9:48:25
"spoiled banana, fresh cucumber, fresh tomato",14.6,68.1,0,647,2026-04-19 9:48:56
"spoiled banana, fresh cucumber, fresh tomato",14.6,66.5,0,603,2026-04-19 9:49:26
"spoiled banana, fresh cucumber, fresh tomato",14.5,67.2,0,623,2026-04-19 9:49:57
"spoiled banana, fresh cucumber, fresh tomato",14.5,66.1,0,621,2026-04-19 9:50:28
"spoiled banana, fresh cucumber, fresh tomato",14.5,66.9,0,626,2026-04-19 9:50:58
"spoiled banana, fresh cucumber, fresh tomato",14.5,64.9,0,599,2026-04-19 9:51:29
"spoiled banana, fresh cucumber, fresh tomato",14.5,65.6,0,611,2026-04-19 9:52:00
"spoiled banana, fresh cucumber, fresh tomato",14.5,65.1,0,609,2026-04-19 9:52:30
"spoiled banana, fresh cucumber, fresh tomato",14.5,66.2,0,610,2026-04-19 9:53:01
"spoiled banana, fresh cucumber, fresh tomato",14.4,65.8,0,599,2026-04-19 9:53:31
"spoiled banana, fresh cucumber, fresh tomato",14.4,65.3,0,596,2026-04-19 9:54:02
"spoiled banana, fresh cucumber, fresh tomato",14.4,65.6,0,624,2026-04-19 9:54:32
"spoiled banana, fresh cucumber, fresh tomato",14.4,64.4,0,612,2026-04-19 9:55:03
"spoiled banana, fresh cucumber, fresh tomato",14.4,64.6,0,599,2026-04-19 9:55:34
"spoiled banana, fresh cucumber, fresh tomato",14.4,65.2,0,608,2026-04-19 9:56:04
"spoiled banana, fresh cucumber, fresh tomato",14.4,63.9,0,601,2026-04-19 9:56:35
"spoiled banana, fresh cucumber, fresh tomato",14.3,65.2,0,592,2026-04-19 9:57:06
"spoiled banana, fresh cucumber, fresh tomato",14.3,64.9,0,604,2026-04-19 9:57:37
"spoiled banana, fresh cucumber, fresh tomato",14.3,65.2,0,592,2026-04-19 9:58:08
"spoiled banana, fresh cucumber, fresh tomato",14.3,64.6,0,609,2026-04-19 9:58:38
"spoiled banana, fresh cucumber, fresh tomato",14.3,65.4,0,599,2026-04-19 9:59:09
"spoiled banana, fresh cucumber, fresh tomato",14.3,65.4,0,584,2026-04-19 9:59:40
"spoiled banana, fresh cucumber, fresh tomato",14.2,65.6,0,623,2026-04-19 10:00:11
"spoiled banana, fresh cucumber, fresh tomato",14.2,65.9,0,607,2026-04-19 10:00:41
"spoiled banana, fresh cucumber, fresh tomato",14.3,66.8,0,628,2026-04-19 10:01:12
"spoiled banana, fresh cucumber, fresh tomato",14.2,67.2,0,609,2026-04-19 10:01:42
"spoiled banana, fresh cucumber, fresh tomato",14.3,67.1,0,624,2026-04-19 10:02:13
"spoiled banana, fresh cucumber, fresh tomato",14.2,67.3,0,623,2026-04-19 10:02:44
"spoiled banana, fresh cucumber, fresh tomato",14.2,68.6,0,650,2026-04-19 10:03:14
"spoiled banana, fresh cucumber, fresh tomato",14.3,69.6,0,656,2026-04-19 10:03:45
"spoiled banana, fresh cucumber, fresh tomato",14.3,68.7,0,651,2026-04-19 10:04:15
"spoiled banana, fresh cucumber, fresh tomato",14.3,69.2,0,634,2026-04-19 10:04:46
"spoiled banana, fresh cucumber, fresh tomato",14.3,69.7,0,654,2026-04-19 10:05:17
"spoiled banana, fresh cucumber, fresh tomato",14.3,69.5,0,665,2026-04-19 10:05:47
"spoiled banana, fresh cucumber, fresh tomato",14.3,70.6,0,672,2026-04-19 10:06:18
"spoiled banana, fresh cucumber, fresh tomato",14.3,70.7,0,688,2026-04-19 10:06:49
"spoiled banana, fresh cucumber, fresh tomato",14.3,71.3,0,695,2026-04-19 10:07:20
"spoiled banana, fresh cucumber, fresh tomato",14.3,71.7,0,697,2026-04-19 10:07:50
"spoiled banana, fresh cucumber, fresh tomato",14.4,71.8,0,705,2026-04-19 10:08:21
"spoiled banana, fresh cucumber, fresh tomato",14.4,72.5,0,730,2026-04-19 10:08:52
"spoiled banana, fresh cucumber, fresh tomato",14.4,72.7,0,769,2026-04-19 10:09:23
"spoiled banana, fresh cucumber, fresh tomato",14.4,72.7,0,752,2026-04-19 10:09:53
"spoiled banana, fresh cucumber, fresh tomato",14.4,73.3,0,767,2026-04-19 10:10:24
"spoiled banana, fresh cucumber, fresh tomato",14.4,72.4,0,758,2026-04-19 10:10:55
"spoiled banana, fresh cucumber, fresh tomato",14.5,72.4,0,768,2026-04-19 10:11:25
"spoiled banana, fresh cucumber, fresh tomato",14.4,72.9,0,782,2026-04-19 10:11:55
"spoiled banana, fresh cucumber, fresh tomato",14.5,73.4,0,780,2026-04-19 10:12:26
"spoiled banana, fresh cucumber, fresh tomato",14.5,74,0,789,2026-04-19 10:12:57
"spoiled banana, fresh cucumber, fresh tomato",14.5,73.4,0,785,2026-04-19 10:13:27
"spoiled banana, fresh cucumber, fresh tomato",14.5,73.2,0,789,2026-04-19 10:13:58
"fresh banana, fresh cucumber, fresh tomato",13,84.5,155,1347,2026-04-19 11:54:28
"fresh banana, fresh cucumber, fresh tomato",13.3,93.2,0,2401,2026-04-19 11:54:59
"fresh banana, fresh cucumber, fresh tomato",13.5,93.5,0,1978,2026-04-19 11:55:29
"fresh banana, fresh cucumber, fresh tomato",13.7,93,0,1634,2026-04-19 11:56:00
"fresh banana, fresh cucumber, fresh tomato",13.8,92.2,0,1342,2026-04-19 11:56:30
"fresh banana, fresh cucumber, fresh tomato",13.9,91.5,0,1147,2026-04-19 11:57:01
"fresh banana, fresh cucumber, fresh tomato",13.9,91,0,983,2026-04-19 11:57:31
"fresh banana, fresh cucumber, fresh tomato",14,90.5,0,881,2026-04-19 11:58:02
"fresh banana, fresh cucumber, fresh tomato",14.1,90.2,0,790,2026-04-19 11:58:33
"fresh banana, fresh cucumber, fresh tomato",14.2,89.9,0,752,2026-04-19 11:59:03
"fresh banana, fresh cucumber, fresh tomato",14.2,89.1,0,694,2026-04-19 11:59:34
"fresh banana, fresh cucumber, fresh tomato",14.3,88.4,0,709,2026-04-19 12:00:04
"fresh banana, fresh cucumber, fresh tomato",14.4,87,0,733,2026-04-19 12:00:35
"fresh banana, fresh cucumber, fresh tomato",14.4,86.4,0,719,2026-04-19 12:01:05
"fresh banana, fresh cucumber, fresh tomato",14.4,85,0,719,2026-04-19 12:01:36
"fresh banana, fresh cucumber, fresh tomato",14.5,83.8,0,734,2026-04-19 12:02:06
"fresh banana, fresh cucumber, fresh tomato",14.5,82.6,0,687,2026-04-19 12:02:37
"fresh banana, fresh cucumber, fresh tomato",14.6,81.7,0,693,2026-04-19 12:03:08
"fresh banana, fresh cucumber, fresh tomato",14.6,80.6,0,656,2026-04-19 12:03:38
"fresh banana, fresh cucumber, fresh tomato",14.7,80.5,0,727,2026-04-19 12:04:09
"fresh banana, fresh cucumber, fresh tomato",14.7,79.5,0,705,2026-04-19 12:04:39
"fresh banana, fresh cucumber, fresh tomato",14.8,78.3,0,696,2026-04-19 12:05:10
"fresh banana, fresh cucumber, fresh tomato",14.8,77.7,0,744,2026-04-19 12:05:40
"fresh banana, fresh cucumber, fresh tomato",14.8,76,0,747,2026-04-19 12:06:11
"fresh banana, fresh cucumber, fresh tomato",14.8,76.1,0,726,2026-04-19 12:06:42
"fresh banana, fresh cucumber, fresh tomato",14.9,75,0,725,2026-04-19 12:07:12
"fresh banana, fresh cucumber, fresh tomato",14.8,74.1,0,720,2026-04-19 12:07:43
"fresh banana, fresh cucumber, fresh tomato",14.9,74,0,706,2026-04-19 12:08:14
"fresh banana, fresh cucumber, fresh tomato",14.9,72.8,0,718,2026-04-19 12:08:44
"fresh banana, fresh cucumber, fresh tomato",14.9,72.9,0,733,2026-04-19 12:09:15
"fresh banana, fresh cucumber, fresh tomato",14.9,72.3,0,763,2026-04-19 12:09:45
"fresh banana, fresh cucumber, fresh tomato",15,71.5,0,750,2026-04-19 12:10:15
"fresh banana, fresh cucumber, fresh tomato",15,71.2,0,726,2026-04-19 12:10:46
"fresh banana, fresh cucumber, fresh tomato",15,70.5,0,683,2026-04-19 12:11:17
"fresh banana, fresh cucumber, fresh tomato",15,70,0,705,2026-04-19 12:11:47
"fresh banana, fresh cucumber, fresh tomato",15,70.1,0,690,2026-04-19 12:12:18
"fresh banana, fresh cucumber, fresh tomato",15.1,70.1,0,730,2026-04-19 12:12:48
"fresh banana, fresh cucumber, fresh tomato",15,69.8,0,704,2026-04-19 12:13:19
"fresh banana, fresh cucumber, fresh tomato",15.1,69,0,724,2026-04-19 12:13:49
"fresh banana, fresh cucumber, fresh tomato",15,69.2,0,679,2026-04-19 12:14:20
"fresh banana, fresh cucumber, fresh tomato",15.1,68.7,0,688,2026-04-19 12:14:50
"fresh banana, fresh cucumber, fresh tomato",15.1,68.4,0,702,2026-04-19 12:15:21
"fresh banana, fresh cucumber, fresh tomato",15.1,68,0,720,2026-04-19 12:15:51
"fresh banana, fresh cucumber, fresh tomato",15.1,68,0,700,2026-04-19 12:16:22
"fresh banana, fresh cucumber, fresh tomato",15.1,68,0,695,2026-04-19 12:16:52
"fresh banana, fresh cucumber, fresh tomato",15.1,68.1,0,688,2026-04-19 12:17:23
"fresh banana, fresh cucumber, fresh tomato",15.1,67.7,0,657,2026-04-19 12:17:53
"fresh banana, fresh cucumber, fresh tomato",15.1,67.4,0,662,2026-04-19 12:18:24
"fresh banana, fresh cucumber, fresh tomato",15.1,67.2,0,699,2026-04-19 12:18:55
"fresh banana, fresh cucumber, fresh tomato",15.1,67.3,0,683,2026-04-19 12:19:25
"fresh banana, fresh cucumber, fresh tomato",15.1,67.3,0,687,2026-04-19 12:19:56
"fresh banana, fresh cucumber, fresh tomato",15.1,66.6,0,728,2026-04-19 12:20:26
"fresh banana, fresh cucumber, fresh tomato",15.1,67.1,0,698,2026-04-19 12:20:57
"fresh banana, fresh cucumber, fresh tomato",15.1,67.6,0,685,2026-04-19 12:21:28
"fresh banana, fresh cucumber, fresh tomato",15.1,66.8,0,695,2026-04-19 12:21:58
"fresh banana, fresh cucumber, fresh tomato",15.1,66.6,0,688,2026-04-19 12:22:29
"fresh banana, fresh cucumber, fresh tomato",15.1,66.3,0,686,2026-04-19 12:23:00
"fresh banana, fresh cucumber, fresh tomato",15.1,67.1,0,667,2026-04-19 12:23:30
"fresh banana, fresh cucumber, fresh tomato",15.1,66.5,0,675,2026-04-19 12:24:01
"fresh banana, fresh cucumber, fresh tomato",15.1,65.8,0,669,2026-04-19 12:24:31
"fresh banana, fresh cucumber, fresh tomato",15.1,65.3,0,674,2026-04-19 12:25:02
"fresh banana, fresh cucumber, fresh tomato",15.1,66.7,0,689,2026-04-19 12:25:32
"fresh banana, fresh cucumber, fresh tomato",15,65.9,0,685,2026-04-19 12:26:03
"fresh banana, fresh cucumber, fresh tomato",15.1,65.5,0,681,2026-04-19 12:26:33
"fresh banana, fresh cucumber, fresh tomato",15.1,66.1,0,674,2026-04-19 12:27:04
"fresh banana, fresh cucumber, fresh tomato",15,65.9,0,659,2026-04-19 12:27:35
"fresh banana, fresh cucumber, fresh tomato",15.1,66.1,0,644,2026-04-19 12:28:05
"fresh banana, fresh cucumber, fresh tomato",15.1,65.4,0,664,2026-04-19 12:28:36
"fresh banana, fresh cucumber, fresh tomato",15.1,65.7,0,637,2026-04-19 12:29:06
"fresh banana, fresh cucumber, fresh tomato",15,65.7,0,660,2026-04-19 12:29:37
"fresh banana, fresh cucumber, fresh tomato",15,66.1,0,688,2026-04-19 12:30:08
"fresh banana, fresh cucumber, fresh tomato",15,65.8,0,658,2026-04-19 12:30:43
"fresh banana, fresh cucumber, fresh tomato",15,66.3,0,685,2026-04-19 12:31:14
"fresh banana, fresh cucumber, fresh tomato",15,66,0,675,2026-04-19 12:31:44
"fresh banana, fresh cucumber, fresh tomato",15,66.4,0,691,2026-04-19 12:32:15
"fresh banana, fresh cucumber, fresh tomato",15,67.7,0,698,2026-04-19 12:32:46
"fresh banana, fresh cucumber, fresh tomato",15,67.9,0,672,2026-04-19 12:33:16
"fresh banana, fresh cucumber, fresh tomato",15,68.6,0,692,2026-04-19 12:33:47
"fresh banana, fresh cucumber, fresh tomato",15,68.5,0,717,2026-04-19 12:34:18
"fresh banana, fresh cucumber, fresh tomato",15,68.6,0,720,2026-04-19 12:34:48
"fresh banana, fresh cucumber, fresh tomato",15,69.1,0,722,2026-04-19 12:35:19
"fresh banana, fresh cucumber, fresh tomato",15,69.7,0,679,2026-04-19 12:35:49
"fresh banana, fresh cucumber, fresh tomato",15,70.5,0,713,2026-04-19 12:36:20
"fresh banana, fresh cucumber, fresh tomato",15,70.2,0,725,2026-04-19 12:36:51
"fresh banana, fresh cucumber, fresh tomato",15.1,70.7,0,740,2026-04-19 12:37:21
"fresh banana, fresh cucumber, fresh tomato",15,71.2,0,756,2026-04-19 12:37:52
"fresh banana, fresh cucumber, fresh tomato",15.1,70.9,0,759,2026-04-19 12:38:23
"fresh banana, fresh cucumber, fresh tomato",15,71.6,0,755,2026-04-19 12:38:53
"fresh banana, fresh cucumber, fresh tomato",15,71.7,0,760,2026-04-19 12:39:24
"fresh banana, fresh cucumber, fresh tomato",15.1,71.8,0,752,2026-04-19 12:39:54
"fresh banana, fresh cucumber, fresh tomato",15.1,72.6,0,786,2026-04-19 12:40:25
"fresh banana, fresh cucumber, fresh tomato",15.1,72.7,0,782,2026-04-19 12:40:56
"fresh banana, fresh cucumber, fresh tomato",15.3,74,0,798,2026-04-19 12:50:31
"fresh banana, fresh cucumber, fresh tomato",15.3,74,0,778,2026-04-19 12:51:02
"fresh banana, fresh cucumber, fresh tomato",15.3,73.7,0,772,2026-04-19 12:51:32
"fresh banana, fresh cucumber, fresh tomato",15.3,74.6,0,775,2026-04-19 12:52:03
"fresh banana, fresh cucumber, fresh tomato",15.3,74.7,0,762,2026-04-19 12:52:34
"fresh banana, fresh cucumber, fresh tomato",15.4,74.3,0,766,2026-04-19 12:53:04
"fresh banana, fresh cucumber, fresh tomato",15.3,74,0,777,2026-04-19 12:53:35
"fresh banana, fresh cucumber, fresh tomato",15.4,74.5,0,784,2026-04-19 12:54:06
"fresh banana, fresh cucumber, fresh tomato",15.4,74.5,0,799,2026-04-19 12:54:36
"fresh banana, fresh cucumber, fresh tomato",15.4,74,0,784,2026-04-19 12:55:07
"fresh banana, fresh cucumber, fresh tomato",15.4,74.5,0,784,2026-04-19 12:56:04
"fresh banana, fresh cucumber, fresh tomato",15.4,74.6,0,782,2026-04-19 12:56:35
"fresh banana, fresh cucumber, fresh tomato",15.4,74.8,0,757,2026-04-19 12:57:05
"fresh banana, fresh cucumber, fresh tomato",15.4,74.3,0,784,2026-04-19 12:57:36
"fresh banana, fresh cucumber, fresh tomato",15.4,74.8,0,761,2026-04-19 12:58:06
"fresh banana, fresh cucumber, fresh tomato",15.4,74.7,0,775,2026-04-19 12:58:37
"fresh banana, fresh cucumber, fresh tomato",15.5,74.8,0,766,2026-04-19 12:59:08
"fresh banana, fresh cucumber, fresh tomato",15.5,75.1,0,764,2026-04-19 12:59:40
"fresh banana, fresh cucumber, fresh tomato",15.5,74.8,0,767,2026-04-19 13:00:10
"fresh banana, fresh cucumber, fresh tomato",15.5,74.9,0,761,2026-04-19 13:00:41
"fresh banana, fresh cucumber, fresh tomato",15.5,75.1,0,754,2026-04-19 13:01:12
"fresh banana, fresh cucumber, fresh tomato",15.5,75.2,0,773,2026-04-19 13:01:42
"fresh banana, fresh cucumber, fresh tomato",15.5,75.2,0,769,2026-04-19 13:02:13
"fresh banana, fresh cucumber, fresh tomato",15.5,75.5,0,752,2026-04-19 13:02:43
"fresh banana, fresh cucumber, fresh tomato",15.5,75.1,0,777,2026-04-19 13:03:14
"fresh banana, fresh cucumber, fresh tomato",15.5,75.3,0,752,2026-04-19 13:03:45
"fresh banana, fresh cucumber, fresh tomato",15.6,75.6,0,751,2026-04-19 13:04:15
"fresh banana, fresh cucumber, fresh tomato",15.5,75.4,0,759,2026-04-19 13:04:46
"fresh banana, fresh cucumber, fresh tomato",15.6,75.5,0,752,2026-04-19 13:05:16
"fresh banana, fresh cucumber, fresh tomato",15.6,75.3,0,770,2026-04-19 13:05:47
"fresh banana, fresh cucumber, fresh tomato",15.6,75.2,0,754,2026-04-19 13:06:18
"fresh banana, fresh cucumber, fresh tomato",15.6,75.1,0,790,2026-04-19 13:06:48
"fresh banana, fresh cucumber, fresh tomato",15.6,75.7,0,772,2026-04-19 13:07:19
"fresh banana, fresh cucumber, fresh tomato",15.6,75.4,0,787,2026-04-19 13:07:49
"fresh banana, fresh cucumber, fresh tomato",15.6,75.2,0,785,2026-04-19 13:08:20
"fresh banana, fresh cucumber, fresh tomato",15.6,75.6,0,771,2026-04-19 13:08:51
"fresh banana, fresh cucumber, fresh tomato",15.6,75.3,0,787,2026-04-19 13:09:21
"fresh banana, fresh cucumber, fresh tomato",15.7,75.4,0,783,2026-04-19 13:09:52
"fresh banana, fresh cucumber, fresh tomato",15.6,75.1,0,771,2026-04-19 13:10:22
"fresh banana, fresh cucumber, fresh tomato",15.7,75.4,0,784,2026-04-19 13:10:53
"fresh banana, fresh cucumber, fresh tomato",15.7,75.9,0,776,2026-04-19 13:11:23
"fresh banana, fresh cucumber, fresh tomato",15.7,75.7,0,761,2026-04-19 13:11:54
"fresh banana, fresh cucumber, fresh tomato",15.7,75.3,0,767,2026-04-19 13:12:25
"fresh banana, fresh cucumber, fresh tomato",15.7,75.7,0,779,2026-04-19 13:12:55
"fresh banana, fresh cucumber, fresh tomato",15.7,75.5,0,766,2026-04-19 13:13:26
"fresh banana, fresh cucumber, fresh tomato",15.7,75.4,0,758,2026-04-19 13:13:56
"fresh banana, fresh cucumber, fresh tomato",15.7,75.5,0,781,2026-04-19 13:14:32
"fresh banana, fresh cucumber, fresh tomato",15.8,76.3,0,777,2026-04-19 13:15:03
"fresh banana, fresh cucumber, fresh tomato",15.8,75.3,0,767,2026-04-19 13:15:33
"fresh banana, fresh cucumber, fresh tomato",15.8,75.6,0,768,2026-04-19 13:16:04
"fresh banana, fresh cucumber, fresh tomato",15.8,75.7,0,778,2026-04-19 13:16:34
"fresh banana, fresh cucumber, fresh tomato",15.8,75.4,0,775,2026-04-19 13:17:05
"fresh banana, fresh cucumber, fresh tomato",15.8,75.5,0,756,2026-04-19 13:17:36
"fresh banana, fresh cucumber, fresh tomato",15.8,75.5,0,768,2026-04-19 13:18:06
"fresh banana, fresh cucumber, fresh tomato",15.8,75.7,0,790,2026-04-19 13:18:37
"fresh banana, fresh cucumber, fresh tomato",15.8,75.5,0,801,2026-04-19 13:19:07
"fresh banana, fresh cucumber, fresh tomato",15.8,75.4,0,779,2026-04-19 13:19:38
"fresh banana, fresh cucumber, fresh tomato",15.8,75.7,0,797,2026-04-19 13:20:09
"fresh banana, fresh cucumber, fresh tomato",15.8,76,0,784,2026-04-19 13:20:39
"fresh banana, fresh cucumber, fresh tomato",15.8,75.8,0,788,2026-04-19 13:21:10
"fresh banana, fresh cucumber, fresh tomato",15.9,75.4,0,797,2026-04-19 13:21:40
"fresh banana, fresh cucumber, fresh tomato",15.8,75.8,0,790,2026-04-19 13:22:11
"fresh banana, fresh cucumber, fresh tomato",15.9,76.3,0,797,2026-04-19 13:22:41
"fresh banana, fresh cucumber, fresh tomato",15.9,75.5,0,816,2026-04-19 13:23:12
"fresh banana, fresh cucumber, fresh tomato",15.9,75.9,0,766,2026-04-19 13:23:42
"fresh banana, fresh cucumber, fresh tomato",15.9,76,0,789,2026-04-19 13:24:13
"fresh banana, fresh cucumber, fresh tomato",15.9,75.7,0,790,2026-04-19 13:24:43
"fresh banana, fresh cucumber, fresh tomato",15.9,75.7,0,771,2026-04-19 13:25:14
"fresh banana, fresh cucumber, fresh tomato",16,75.8,0,797,2026-04-19 13:25:44
"fresh banana, fresh cucumber, fresh tomato",15.9,76.3,0,776,2026-04-19 13:26:15
"fresh banana, fresh cucumber, fresh tomato",15.9,75.9,0,795,2026-04-19 13:26:46
"fresh banana, fresh cucumber, fresh tomato",16,76.2,0,795,2026-04-19 13:27:16
"fresh banana, fresh cucumber, fresh tomato",16,76.5,0,771,2026-04-19 13:27:47
"fresh banana, fresh cucumber, fresh tomato",16,76.2,0,795,2026-04-19 13:28:17
"fresh banana, fresh cucumber, fresh tomato",16,76.5,0,775,2026-04-19 13:28:48
"fresh banana, fresh cucumber, fresh tomato",16,76.3,0,794,2026-04-19 13:29:18
"fresh banana, fresh cucumber, fresh tomato",16,76.4,0,794,2026-04-19 13:29:49
"fresh banana, fresh cucumber, fresh tomato",16,76.2,0,806,2026-04-19 13:30:19
"fresh banana, fresh cucumber, fresh tomato",16.1,76.5,0,800,2026-04-19 13:30:50
"fresh banana, fresh cucumber, fresh tomato",16,76.5,0,801,2026-04-19 13:31:20
"fresh banana, fresh cucumber, fresh tomato",16,76.9,0,798,2026-04-19 13:31:51
"fresh banana, fresh cucumber, fresh tomato",16.1,76.8,0,802,2026-04-19 13:32:21
"fresh banana, fresh cucumber, fresh tomato",16.1,76.6,0,811,2026-04-19 13:32:52
"fresh banana, fresh cucumber, fresh tomato",16.1,76.4,0,848,2026-04-19 13:33:23
"fresh banana, fresh cucumber, fresh tomato",16.1,76.9,0,838,2026-04-19 13:33:54
"fresh banana, fresh cucumber, fresh tomato",16.1,77.1,0,841,2026-04-19 13:34:24
"fresh banana, fresh cucumber, fresh tomato",16.1,76.8,0,811,2026-04-19 13:34:54
"fresh banana, fresh cucumber, fresh tomato",16.1,76.7,0,837,2026-04-19 13:35:25
"fresh banana, fresh cucumber, fresh tomato",16.1,77.3,0,837,2026-04-19 13:35:56
"fresh banana, fresh cucumber, fresh tomato",16.1,77.5,0,840,2026-04-19 13:36:27
"fresh banana, fresh cucumber, fresh tomato",16.2,77.5,0,844,2026-04-19 13:36:57
"fresh banana, fresh cucumber, fresh tomato",16.2,77.6,0,827,2026-04-19 13:37:29
"fresh banana, fresh cucumber, fresh tomato",16.2,77.4,0,848,2026-04-19 13:37:59
"fresh banana, fresh cucumber, fresh tomato",16.2,77.3,0,849,2026-04-19 13:38:30
"fresh banana, fresh cucumber, fresh tomato",16.2,77.6,0,841,2026-04-19 13:39:01
"fresh banana, fresh cucumber, fresh tomato",16.2,77.8,0,845,2026-04-19 13:39:32
"fresh banana, fresh cucumber, fresh tomato",16.2,77.6,0,838,2026-04-19 13:40:03
"fresh banana, fresh cucumber, fresh tomato",16.2,77.6,0,861,2026-04-19 13:40:33
"fresh banana, fresh cucumber, fresh tomato",16.2,78.1,0,859,2026-04-19 13:41:04
"fresh banana, fresh cucumber, fresh tomato",16.2,78.1,0,871,2026-04-19 13:41:34
"fresh banana, fresh cucumber, fresh tomato",16.3,78,0,864,2026-04-19 13:42:06
"fresh banana, fresh cucumber, fresh tomato",16.3,78,0,881,2026-04-19 13:42:37
"fresh banana, fresh cucumber, fresh tomato",16.3,78,0,903,2026-04-19 13:43:08
"fresh banana, fresh cucumber, fresh tomato",16.3,78.2,0,885,2026-04-19 13:43:38
"fresh banana, fresh cucumber, fresh tomato",16.3,78.2,0,892,2026-04-19 13:44:09
"fresh banana, fresh cucumber, fresh tomato",16.3,78.3,0,886,2026-04-19 13:44:39
"fresh banana, fresh cucumber, fresh tomato",16.3,78.3,0,880,2026-04-19 13:45:10
"fresh banana, fresh cucumber, fresh tomato",16.4,79,0,887,2026-04-19 13:45:40
"fresh banana, fresh cucumber, fresh tomato",16.4,78.7,0,907,2026-04-19 13:46:11
"fresh banana, fresh cucumber, fresh tomato",16.4,79,0,898,2026-04-19 13:46:42
"fresh banana, fresh cucumber, fresh tomato",16.4,79,0,893,2026-04-19 13:47:12
"fresh banana, fresh cucumber, fresh tomato",16.4,78.9,0,909,2026-04-19 13:47:43
"fresh banana, fresh cucumber, fresh tomato",16.4,79.3,0,893,2026-04-19 13:48:13
"fresh banana, fresh cucumber, fresh tomato",16.4,79.1,0,915,2026-04-19 13:48:44
"fresh banana, fresh cucumber, fresh tomato",16.4,79.1,0,938,2026-04-19 13:49:14
"fresh banana, fresh cucumber, fresh tomato",16.5,79.3,0,921,2026-04-19 13:49:45
"fresh banana, fresh cucumber, fresh tomato",16.5,79.4,0,910,2026-04-19 13:50:16
"fresh banana, fresh cucumber, fresh tomato",16.5,79.1,0,940,2026-04-19 13:50:47
"fresh banana, fresh cucumber, fresh tomato",16.5,79.3,0,935,2026-04-19 13:51:18
"fresh banana, fresh cucumber, fresh tomato",16.5,78.7,0,938,2026-04-19 13:51:49
"fresh banana, fresh cucumber, fresh tomato",16.5,78.8,0,918,2026-04-19 13:52:19
"fresh banana, fresh cucumber, fresh tomato",16.6,78.8,0,933,2026-04-19 13:52:50
"fresh banana, fresh cucumber, fresh tomato",16.6,78.1,0,931,2026-04-19 13:53:21
"fresh banana, fresh cucumber, fresh tomato",16.5,78.2,0,909,2026-04-19 13:53:52
"fresh banana, fresh cucumber, fresh tomato",16.5,77.7,0,900,2026-04-19 13:54:23
"fresh banana, fresh cucumber, fresh tomato",16.6,77.4,0,877,2026-04-19 13:54:54
"fresh banana, fresh cucumber, fresh tomato",16.6,77.3,0,879,2026-04-19 13:55:24
"fresh banana, fresh cucumber, fresh tomato",16.6,76.7,0,881,2026-04-19 13:55:55
"fresh banana, fresh cucumber, fresh tomato",16.6,76.7,0,876,2026-04-19 13:56:25
"fresh banana, fresh cucumber, fresh tomato",16.6,76.4,0,893,2026-04-19 13:56:56
"fresh banana, fresh cucumber, fresh tomato",16.6,76.2,0,882,2026-04-19 13:57:26
"fresh banana, fresh cucumber, fresh tomato",16.6,75.8,0,876,2026-04-19 13:57:57
"fresh banana, fresh cucumber, fresh tomato",16.6,75.7,0,880,2026-04-19 13:58:27
"fresh banana, fresh cucumber, fresh tomato",16.6,75.1,0,889,2026-04-19 13:58:58
"fresh banana, fresh cucumber, fresh tomato",16.6,75.2,0,889,2026-04-19 13:59:28
"fresh banana, fresh cucumber, fresh tomato",16.6,75.3,0,901,2026-04-19 13:59:59
"fresh banana, fresh cucumber, fresh tomato",16.6,74.7,0,878,2026-04-19 14:00:29
"fresh banana, fresh cucumber, fresh tomato",16.6,74.3,0,870,2026-04-19 14:01:00
"fresh banana, fresh cucumber, fresh tomato",16.6,74.3,0,890,2026-04-19 14:01:30
"fresh banana, fresh cucumber, fresh tomato",16.6,74.1,0,874,2026-04-19 14:02:01
"fresh banana, fresh cucumber, fresh tomato",16.6,73.8,0,870,2026-04-19 14:02:31
"fresh banana, fresh cucumber, fresh tomato",16.6,73.1,0,876,2026-04-19 14:03:02
"fresh banana, fresh cucumber, fresh tomato",16.6,73,0,857,2026-04-19 14:03:33
"fresh banana, fresh cucumber, fresh tomato",16.6,72.8,0,884,2026-04-19 14:04:03
"fresh banana, fresh cucumber, fresh tomato",16.6,72.6,0,859,2026-04-19 14:04:34
"fresh banana, fresh cucumber, fresh tomato",16.5,72.7,0,879,2026-04-19 14:05:04
"fresh banana, fresh cucumber, fresh tomato",16.5,72.3,0,875,2026-04-19 14:05:35
"fresh banana, fresh cucumber, fresh tomato",16.6,72.5,0,894,2026-04-19 14:06:05
"fresh banana, fresh cucumber, fresh tomato",16.5,71.8,0,858,2026-04-19 14:06:37
"fresh banana, fresh cucumber, fresh tomato",16.6,72.1,0,882,2026-04-19 14:07:07
"fresh banana, fresh cucumber, fresh tomato",16.6,71.9,0,891,2026-04-19 14:07:38
"fresh banana, fresh cucumber, fresh tomato",16.6,71.7,0,880,2026-04-19 14:08:08
"fresh banana, fresh cucumber, fresh tomato",16.5,71.3,0,862,2026-04-19 14:08:39
"fresh banana, fresh cucumber, fresh tomato",16.6,71.3,0,879,2026-04-19 14:09:10
"fresh banana, fresh cucumber, fresh tomato",16.6,71.2,0,874,2026-04-19 14:09:40
"fresh banana, fresh cucumber, fresh tomato",16.5,71.1,0,885,2026-04-19 14:10:11
"fresh banana, fresh cucumber, fresh tomato",16.5,71.3,0,866,2026-04-19 14:10:41
"fresh banana, fresh cucumber, fresh tomato",16.5,70.7,0,883,2026-04-19 14:11:12
"fresh banana, fresh cucumber, fresh tomato",16.5,70.4,0,882,2026-04-19 14:11:42
"fresh banana, fresh cucumber, fresh tomato",16.5,70.7,0,887,2026-04-19 14:12:13
"fresh banana, fresh cucumber, fresh tomato",16.5,70.7,0,878,2026-04-19 14:12:43
"fresh banana, fresh cucumber, fresh tomato",16.5,70.3,0,881,2026-04-19 14:13:14
"fresh banana, fresh cucumber, fresh tomato",16.5,69.9,0,901,2026-04-19 14:13:45
"fresh banana, fresh cucumber, fresh tomato",16.5,68.7,0,907,2026-04-19 14:14:15
"fresh banana, fresh cucumber, fresh tomato",16.5,68.4,0,906,2026-04-19 14:14:46
"fresh banana, fresh cucumber, fresh tomato",16.5,68.6,0,899,2026-04-19 14:15:16
"fresh banana, fresh cucumber, fresh tomato",16.4,69.4,0,877,2026-04-19 14:15:47
"fresh banana, fresh cucumber, fresh tomato",16.4,68.5,0,882,2026-04-19 14:16:18
"fresh banana, fresh cucumber, fresh tomato",16.4,68.3,0,866,2026-04-19 14:16:48
"fresh banana, fresh cucumber, fresh tomato",16.4,67.1,0,903,2026-04-19 14:17:19
"fresh banana, fresh cucumber, fresh tomato",16.4,65.4,0,838,2026-04-19 14:17:49
"fresh banana, fresh cucumber, fresh tomato",16.4,66.1,0,865,2026-04-19 14:18:20
"fresh banana, fresh cucumber, fresh tomato",16.4,66.6,0,877,2026-04-19 14:18:50
"fresh banana, fresh cucumber, fresh tomato",16.4,66.4,0,847,2026-04-19 14:19:21
"fresh banana, fresh cucumber, fresh tomato",16.4,65.3,0,867,2026-04-19 14:19:51
"fresh banana, fresh cucumber, fresh tomato",16.4,65.1,0,854,2026-04-19 14:20:22
"fresh banana, fresh cucumber, fresh tomato",16.3,63.4,0,896,2026-04-19 14:20:52
"fresh banana, fresh cucumber, fresh tomato",16.4,65.2,0,848,2026-04-19 14:21:23
"fresh banana, fresh cucumber, fresh tomato",16.3,64.7,0,880,2026-04-19 14:21:53
"fresh banana, fresh cucumber, fresh tomato",16.3,65.1,0,853,2026-04-19 14:22:24
"fresh banana, fresh cucumber, fresh tomato",16.3,64.9,0,864,2026-04-19 14:22:54
"fresh banana, fresh cucumber, fresh tomato",16.3,64,0,820,2026-04-19 14:23:25
"fresh banana, fresh cucumber, fresh tomato",16.3,64.5,0,832,2026-04-19 14:23:56
"fresh banana, fresh cucumber, fresh tomato",16.3,65.4,0,822,2026-04-19 14:24:26
"fresh banana, fresh cucumber, fresh tomato",16.3,63.8,0,853,2026-04-19 14:24:57
"fresh banana, fresh cucumber, fresh tomato",16.2,63.3,0,841,2026-04-19 14:25:27
"fresh banana, fresh cucumber, fresh tomato",16.2,63.1,0,801,2026-04-19 14:25:58
"fresh banana, fresh cucumber, fresh tomato",16.2,62.6,0,800,2026-04-19 14:26:28
"fresh banana, fresh cucumber, fresh tomato",16.2,63.1,0,784,2026-04-19 14:26:59
"fresh banana, fresh cucumber, fresh tomato",16.1,61.6,0,791,2026-04-19 14:27:29
"fresh banana, fresh cucumber, fresh tomato",16.2,62.9,0,769,2026-04-19 14:28:00
"fresh banana, fresh cucumber, fresh tomato",16.2,63.3,0,780,2026-04-19 14:28:30
"fresh banana, fresh cucumber, fresh tomato",16.2,61.9,0,803,2026-04-19 14:29:01
"fresh banana, fresh cucumber, fresh tomato",16.2,62.2,0,803,2026-04-19 14:29:31
"fresh banana, fresh cucumber, fresh tomato",16.1,61.6,0,795,2026-04-19 14:30:02
"fresh banana, fresh cucumber, fresh tomato",16.1,61,0,807,2026-04-19 14:30:32
"fresh banana, fresh cucumber, fresh tomato",16.1,61.4,0,789,2026-04-19 14:31:03
"fresh banana, fresh cucumber, fresh tomato",16,61.3,0,784,2026-04-19 14:31:33
"fresh banana, fresh cucumber, fresh tomato",16.1,61,0,760,2026-04-19 14:32:04
"fresh banana, fresh cucumber, fresh tomato",16,60.8,0,769,2026-04-19 14:32:35
"fresh banana, fresh cucumber, fresh tomato",16,61,0,773,2026-04-19 14:33:05
"fresh banana, fresh cucumber, fresh tomato",16,61.3,0,766,2026-04-19 14:33:36
"fresh banana, fresh cucumber, fresh tomato",16,60.2,0,771,2026-04-19 14:34:06
"fresh banana, fresh cucumber, fresh tomato",16,60.9,0,768,2026-04-19 14:34:37
"fresh banana, fresh cucumber, fresh tomato",15.9,60.2,0,767,2026-04-19 14:35:07
"fresh banana, fresh cucumber, fresh tomato",15.9,61.2,0,765,2026-04-19 14:35:38
"fresh banana, fresh cucumber, fresh tomato",15.9,60.3,0,757,2026-04-19 14:36:08
"fresh banana, fresh cucumber, fresh tomato",15.9,60,0,763,2026-04-19 14:36:39
"fresh banana, fresh cucumber, fresh tomato",15.9,60.1,0,766,2026-04-19 14:37:10
"fresh banana, fresh cucumber, fresh tomato",15.8,59.8,0,772,2026-04-19 14:37:41
"fresh banana, fresh cucumber, fresh tomato",15.8,59.8,0,765,2026-04-19 14:38:11
"fresh banana, fresh cucumber, fresh tomato",15.8,60.3,0,755,2026-04-19 14:38:42
"fresh banana, fresh cucumber, fresh tomato",15.8,59.8,0,741,2026-04-19 14:39:12
"fresh banana, fresh cucumber, fresh tomato",15.7,59.1,0,759,2026-04-19 14:39:43
"fresh banana, fresh cucumber, fresh tomato",15.7,59.1,0,727,2026-04-19 14:40:13
"fresh banana, fresh cucumber, fresh tomato",15.7,59.1,0,751,2026-04-19 14:40:44
"fresh banana, fresh cucumber, fresh tomato",15.7,59.2,0,763,2026-04-19 14:41:15
"fresh banana, fresh cucumber, fresh tomato",15.7,58.9,0,731,2026-04-19 14:41:45
"fresh banana, fresh cucumber, fresh tomato",15.6,58.6,0,731,2026-04-19 14:42:16
"fresh banana, fresh cucumber, fresh tomato",15.6,59,0,739,2026-04-19 14:42:46
"fresh banana, fresh cucumber, fresh tomato",15.6,59,0,747,2026-04-19 14:43:17
"fresh banana, fresh cucumber, fresh tomato",15.6,58.7,0,738,2026-04-19 14:43:48
"fresh banana, fresh cucumber, fresh tomato",15.5,58.7,0,741,2026-04-19 14:44:18
"fresh banana, fresh cucumber, fresh tomato",15.5,58.8,0,736,2026-04-19 14:44:49
"fresh banana, fresh cucumber, fresh tomato",15.5,59.4,0,726,2026-04-19 14:45:19
"fresh banana, fresh cucumber, fresh tomato",15.5,58.5,0,726,2026-04-19 14:45:50
"fresh banana, fresh cucumber, fresh tomato",15.5,58.4,0,755,2026-04-19 14:46:21
"fresh banana, fresh cucumber, fresh tomato",15.4,58.2,0,737,2026-04-19 14:46:51
"fresh banana, fresh cucumber, fresh tomato",15.4,57.8,0,740,2026-04-19 14:47:22
"fresh banana, fresh cucumber, fresh tomato",15.4,58.8,0,743,2026-04-19 14:47:57
"fresh banana, fresh cucumber, fresh tomato",15.4,58.3,0,729,2026-04-19 14:48:28
"fresh banana, fresh cucumber, fresh tomato",15.3,58.9,0,734,2026-04-19 14:48:59
"fresh banana, fresh cucumber, fresh tomato",15.4,58.5,0,725,2026-04-19 14:49:29
"fresh banana, fresh cucumber, fresh tomato",15.3,58.2,0,751,2026-04-19 14:50:00
"fresh banana, fresh cucumber, fresh tomato",15.3,58.6,0,757,2026-04-19 14:50:30
"fresh banana, fresh cucumber, fresh tomato",15.3,58.2,0,726,2026-04-19 14:51:01
"fresh banana, fresh cucumber, fresh tomato",15.2,58.4,0,739,2026-04-19 14:51:31
"fresh banana, fresh cucumber, fresh tomato",15.2,59.2,0,746,2026-04-19 14:52:02
"fresh banana, fresh cucumber, fresh tomato",15.2,58.9,0,736,2026-04-19 14:52:33
"fresh banana, fresh cucumber, fresh tomato",15.2,59.5,0,746,2026-04-19 14:53:03
"fresh banana, fresh cucumber, fresh tomato",15.2,59.6,0,754,2026-04-19 14:53:34
"fresh banana, fresh cucumber, fresh tomato",15.2,60.4,0,742,2026-04-19 14:54:04
"fresh banana, fresh cucumber, fresh tomato",15.2,60.9,0,766,2026-04-19 14:54:35
"fresh banana, fresh cucumber, fresh tomato",15.2,60.7,0,759,2026-04-19 14:55:05
"fresh banana, fresh cucumber, fresh tomato",15.2,61.7,0,771,2026-04-19 14:55:37
"fresh banana, fresh cucumber, fresh tomato",15.2,62.2,0,771,2026-04-19 14:56:08
"fresh banana, fresh cucumber, fresh tomato",15.2,62.2,0,784,2026-04-19 14:56:38
"fresh banana, fresh cucumber, fresh tomato",15.2,62.9,0,784,2026-04-19 14:57:09
"fresh banana, fresh cucumber, fresh tomato",15.2,63.5,0,797,2026-04-19 14:57:39
"fresh banana, fresh cucumber, fresh tomato",15.2,63.4,0,800,2026-04-19 14:58:10
"fresh banana, fresh cucumber, fresh tomato",15.2,64.1,0,802,2026-04-19 14:58:40
"fresh banana, fresh cucumber, fresh tomato",15.2,63.8,0,794,2026-04-19 14:59:11
"fresh banana, fresh cucumber, fresh tomato",15.2,64.4,0,831,2026-04-19 14:59:41
"fresh banana, fresh cucumber, fresh tomato",15.2,65,0,829,2026-04-19 15:00:12
"fresh banana, fresh cucumber, fresh tomato",15.2,64.9,0,843,2026-04-19 15:00:42
"fresh banana, fresh cucumber, fresh tomato",15.3,64.6,0,848,2026-04-19 15:01:13
"fresh banana, fresh cucumber, fresh tomato",15.3,65.6,0,869,2026-04-19 15:01:44
"fresh banana, fresh cucumber, fresh tomato",15.2,65.8,0,897,2026-04-19 15:02:15
"fresh banana, fresh cucumber, fresh tomato",15.3,66,0,880,2026-04-19 15:02:45
"fresh banana, fresh cucumber, fresh tomato",15.3,66.1,0,889,2026-04-19 15:03:16
"fresh banana, fresh cucumber, fresh tomato",15.3,65.6,0,899,2026-04-19 15:03:46
"fresh banana, fresh cucumber, fresh tomato",15.3,65.6,0,888,2026-04-19 15:04:17
"fresh banana, fresh cucumber, fresh tomato",15.3,66,0,904,2026-04-19 15:04:48
"fresh banana, fresh cucumber, fresh tomato",15.3,66.5,0,883,2026-04-19 15:05:18
"fresh banana, fresh cucumber, fresh tomato",15.3,66.2,0,884,2026-04-19 15:05:49
"fresh banana, fresh cucumber, fresh tomato",15.4,66.5,0,903,2026-04-19 15:06:20
"fresh banana, fresh cucumber, fresh tomato",15.4,66.6,0,880,2026-04-19 15:06:50
"fresh banana, fresh cucumber, fresh tomato",15.4,66.7,0,865,2026-04-19 15:07:21
"fresh banana, fresh cucumber, fresh tomato",15.4,67,0,881,2026-04-19 15:07:51
"fresh banana, fresh cucumber, fresh tomato",15.4,66.7,0,893,2026-04-19 15:08:22
"fresh banana, fresh cucumber, fresh tomato",15.4,67,0,874,2026-04-19 15:08:53
"fresh banana, fresh cucumber, fresh tomato",15.4,67.2,0,860,2026-04-19 15:09:24
"fresh banana, fresh cucumber, fresh tomato",15.4,67.1,0,849,2026-04-19 15:09:54
"fresh banana, fresh cucumber, fresh tomato",15.4,66.6,0,848,2026-04-19 15:10:25
"fresh banana, fresh cucumber, fresh tomato",15.4,66.3,0,853,2026-04-19 15:10:55
"fresh banana, fresh cucumber, fresh tomato",15.4,66.9,0,865,2026-04-19 15:11:26
"fresh banana, fresh cucumber, fresh tomato",15.4,66.9,0,848,2026-04-19 15:11:56
"fresh banana, fresh cucumber, fresh tomato",15.4,67,0,862,2026-04-19 15:12:27
"fresh banana, fresh cucumber, fresh tomato",15.4,67,0,853,2026-04-19 15:12:57
"fresh banana, fresh cucumber, fresh tomato",15.4,67.2,0,854,2026-04-19 15:13:28
"fresh banana, fresh cucumber, fresh tomato",15.5,66.7,0,850,2026-04-19 15:13:59
"fresh banana, fresh cucumber, fresh tomato",15.4,67.1,0,831,2026-04-19 15:14:29
"fresh banana, fresh cucumber, fresh tomato",15.5,67.1,0,848,2026-04-19 15:15:00
"fresh banana, fresh cucumber, fresh tomato",15.5,67.9,0,839,2026-04-19 15:15:30
"fresh banana, fresh cucumber, fresh tomato",15.5,67.6,0,841,2026-04-19 15:16:01
"fresh banana, fresh cucumber, fresh tomato",15.5,67.4,0,854,2026-04-19 15:16:31
"fresh banana, fresh cucumber, fresh tomato",15.5,68.1,0,860,2026-04-19 15:17:02
"fresh banana, fresh cucumber, fresh tomato",15.5,67.5,0,848,2026-04-19 15:17:33
"fresh banana, fresh cucumber, fresh tomato",15.5,67.4,0,852,2026-04-19 15:18:03
"fresh banana, fresh cucumber, fresh tomato",15.5,67.4,0,829,2026-04-19 15:18:34
"fresh banana, fresh cucumber, fresh tomato",15.5,67.4,0,829,2026-04-19 15:19:04
"fresh banana, fresh cucumber, fresh tomato",15.5,67.4,0,835,2026-04-19 15:19:35
"fresh banana, fresh cucumber, fresh tomato",15.5,67.6,0,843,2026-04-19 15:20:06
"fresh banana, fresh cucumber, fresh tomato",15.5,67.8,0,837,2026-04-19 15:20:36
"fresh banana, fresh cucumber, fresh tomato",15.5,68.2,0,842,2026-04-19 15:21:07
"fresh banana, fresh cucumber, fresh tomato",15.5,67.7,0,828,2026-04-19 15:21:38
"fresh banana, fresh cucumber, fresh tomato",15.6,67.7,0,845,2026-04-19 15:22:08
"fresh banana, fresh cucumber, fresh tomato",15.6,67.9,0,864,2026-04-19 15:22:39
"fresh banana, fresh cucumber, fresh tomato",15.6,68,0,855,2026-04-19 15:23:09
"fresh banana, fresh cucumber, fresh tomato",15.6,68.1,0,872,2026-04-19 15:23:40
"fresh banana, fresh cucumber, fresh tomato",15.6,68.2,0,848,2026-04-19 15:24:11
"fresh banana, fresh cucumber, fresh tomato",15.6,68.8,0,851,2026-04-19 15:24:41
"fresh banana, fresh cucumber, fresh tomato",15.7,68.2,0,880,2026-04-19 15:25:12
"fresh banana, fresh cucumber, fresh tomato",15.6,68.4,0,879,2026-04-19 15:25:42
"fresh banana, fresh cucumber, fresh tomato",15.7,68,0,873,2026-04-19 15:26:13
"fresh banana, fresh cucumber, fresh tomato",15.7,68.8,0,888,2026-04-19 15:26:44
"fresh banana, fresh cucumber, fresh tomato",15.7,69,0,902,2026-04-19 15:27:14
"fresh banana, fresh cucumber, fresh tomato",15.7,68.6,0,903,2026-04-19 15:27:45
"fresh banana, fresh cucumber, fresh tomato",15.7,68.7,0,941,2026-04-19 15:28:15
"fresh banana, fresh cucumber, fresh tomato",15.7,69.6,0,896,2026-04-19 15:28:46
"fresh banana, fresh cucumber, fresh tomato",15.7,69.3,0,896,2026-04-19 15:29:17
"fresh banana, fresh cucumber, fresh tomato",15.7,69.1,0,897,2026-04-19 15:29:47
"fresh banana, fresh cucumber, fresh tomato",15.7,69.3,0,922,2026-04-19 15:30:18
"fresh banana, fresh cucumber, fresh tomato",15.7,69.1,0,907,2026-04-19 15:30:48
"fresh banana, fresh cucumber, fresh tomato",15.8,69.3,0,892,2026-04-19 15:31:19
"fresh banana, fresh cucumber, fresh tomato",15.8,69,0,901,2026-04-19 15:31:50
"fresh banana, fresh cucumber, fresh tomato",15.8,69.4,0,887,2026-04-19 15:32:20
"fresh banana, fresh cucumber, fresh tomato",15.8,69.3,0,882,2026-04-19 15:32:51
"fresh banana, fresh cucumber, fresh tomato",15.8,69.1,0,901,2026-04-19 15:33:22
"fresh banana, fresh cucumber, fresh tomato",15.8,69.8,0,879,2026-04-19 15:33:52
"fresh banana, fresh cucumber, fresh tomato",15.8,69.7,0,883,2026-04-19 15:34:23
"fresh banana, fresh cucumber, fresh tomato",15.8,70.6,0,878,2026-04-19 15:34:54
"fresh banana, fresh cucumber, fresh tomato",15.9,70,0,896,2026-04-19 15:35:24
"fresh banana, fresh cucumber, fresh tomato",15.9,69.6,0,869,2026-04-19 15:35:55
"fresh banana, fresh cucumber, fresh tomato",15.9,70.5,0,890,2026-04-19 15:36:25
"fresh banana, fresh cucumber, fresh tomato",15.9,70.5,0,896,2026-04-19 15:36:56
"fresh banana, fresh cucumber, fresh tomato",15.9,70.2,0,912,2026-04-19 15:37:27
"fresh banana, fresh cucumber, fresh tomato",15.9,70.1,0,902,2026-04-19 15:37:57
"fresh banana, fresh cucumber, fresh tomato",15.9,69.6,0,916,2026-04-19 15:38:28
"fresh banana, fresh cucumber, fresh tomato",15.9,69.9,0,923,2026-04-19 15:38:58
"fresh banana, fresh cucumber, fresh tomato",15.9,70.3,0,912,2026-04-19 15:39:29
"fresh banana, fresh cucumber, fresh tomato",16,70.8,0,881,2026-04-19 15:40:00
"fresh banana, fresh cucumber, fresh tomato",15.9,70.7,0,894,2026-04-19 15:40:30
"fresh banana, fresh cucumber, fresh tomato",16,70.5,0,917,2026-04-19 15:41:01
"fresh banana, fresh cucumber, fresh tomato",16,71.7,0,894,2026-04-19 15:41:32
"fresh banana, fresh cucumber, fresh tomato",16,71.3,0,894,2026-04-19 15:42:03
"fresh banana, fresh cucumber, fresh tomato",16,71,0,880,2026-04-19 15:42:33
"fresh banana, fresh cucumber, fresh tomato",16,71.4,0,906,2026-04-19 15:43:04
"fresh banana, fresh cucumber, fresh tomato",16,70.8,0,913,2026-04-19 15:43:34
"fresh banana, fresh cucumber, fresh tomato",16,71.3,0,891,2026-04-19 15:44:05
"fresh banana, fresh cucumber, fresh tomato",16,70.8,0,926,2026-04-19 15:44:36
"fresh banana, fresh cucumber, fresh tomato",16,71.5,0,862,2026-04-19 15:45:06
"fresh banana, fresh cucumber, fresh tomato",16,71.5,0,896,2026-04-19 15:45:37
"fresh banana, fresh cucumber, fresh tomato",16.1,71.8,0,895,2026-04-19 15:46:07
"fresh banana, fresh cucumber, fresh tomato",16.1,72.2,0,891,2026-04-19 15:46:38
"fresh banana, fresh cucumber, fresh tomato",16.1,71.6,0,886,2026-04-19 15:47:09
"fresh banana, fresh cucumber, fresh tomato",16.1,71.3,0,881,2026-04-19 15:47:39
"fresh banana, fresh cucumber, fresh tomato",16.1,71.5,0,903,2026-04-19 15:48:10
"fresh banana, fresh cucumber, fresh tomato",16.1,71.7,0,910,2026-04-19 15:48:40
"fresh banana, fresh cucumber, fresh tomato",16.1,72.1,0,905,2026-04-19 15:49:11
"fresh banana, fresh cucumber, fresh tomato",16.1,72,0,908,2026-04-19 15:49:41
"fresh banana, fresh cucumber, fresh tomato",16.1,72.3,0,913,2026-04-19 15:50:12
"fresh banana, fresh cucumber, fresh tomato",16.1,72.5,0,902,2026-04-19 15:50:43
"fresh banana, fresh cucumber, fresh tomato",16.1,72.6,0,907,2026-04-19 15:51:13
"fresh banana, fresh cucumber, fresh tomato",16.2,73,0,885,2026-04-19 15:51:44
"fresh banana, fresh cucumber, fresh tomato",16.2,72.8,0,909,2026-04-19 15:52:14
"fresh banana, fresh cucumber, fresh tomato",16.2,73.3,0,918,2026-04-19 15:52:45
"fresh banana, fresh cucumber, fresh tomato",16.2,72.4,0,906,2026-04-19 15:53:16
"fresh banana, fresh cucumber, fresh tomato",16.2,73.3,0,915,2026-04-19 15:53:46
"fresh banana, fresh cucumber, fresh tomato",16.2,73.8,0,925,2026-04-19 15:54:17
"fresh banana, fresh cucumber, fresh tomato",16.2,74.2,0,925,2026-04-19 15:54:47
"fresh banana, fresh cucumber, fresh tomato",16.2,73.5,0,929,2026-04-19 15:55:18
"fresh banana, fresh cucumber, fresh tomato",16.2,74.3,0,934,2026-04-19 15:55:49
"fresh banana, fresh cucumber, fresh tomato",16.2,74.2,0,934,2026-04-19 15:56:19
"fresh banana, fresh cucumber, fresh tomato",16.3,74,0,940,2026-04-19 15:56:50
"fresh banana, fresh cucumber, fresh tomato",16.2,74.8,0,922,2026-04-19 15:57:20
"fresh banana, fresh cucumber, fresh tomato",16.3,74.5,0,902,2026-04-19 15:57:51
"fresh banana, fresh cucumber, fresh tomato",16.3,74.8,0,944,2026-04-19 15:58:22
"fresh banana, fresh cucumber, fresh tomato",16.3,75.1,0,931,2026-04-19 15:58:52
"fresh banana, fresh cucumber, fresh tomato",16.3,75.2,0,939,2026-04-19 15:59:23
"fresh banana, fresh cucumber, fresh tomato",16.3,75,0,942,2026-04-19 15:59:53
"fresh banana, fresh cucumber, fresh tomato",16.3,75.1,0,929,2026-04-19 16:00:24
"fresh banana, fresh cucumber, fresh tomato",16.3,75.4,0,933,2026-04-19 16:00:55
"fresh banana, fresh cucumber, fresh tomato",16.3,75.1,0,944,2026-04-19 16:01:25
"fresh banana, fresh cucumber, fresh tomato",16.3,75.9,0,944,2026-04-19 16:01:56
"fresh banana, fresh cucumber, fresh tomato",16.4,76.1,0,942,2026-04-19 16:02:27
"fresh banana, fresh cucumber, fresh tomato",16.4,76.4,0,956,2026-04-19 16:02:57
"fresh banana, fresh cucumber, fresh tomato",16.4,76.4,0,952,2026-04-19 16:03:28
"fresh banana, fresh cucumber, fresh tomato",16.4,76.4,0,958,2026-04-19 16:03:58
"fresh banana, fresh cucumber, fresh tomato",16.4,76.5,0,960,2026-04-19 16:04:29
"fresh banana, fresh cucumber, fresh tomato",16.4,76.6,0,972,2026-04-19 16:05:00
"fresh banana, fresh cucumber, fresh tomato",16.4,76.8,0,957,2026-04-19 16:05:30
"fresh banana, fresh cucumber, fresh tomato",16.5,76.9,0,946,2026-04-19 16:06:01
"fresh banana, fresh cucumber, fresh tomato",16.5,76.8,0,961,2026-04-19 16:06:31
"fresh banana, fresh cucumber, fresh tomato",16.5,76.7,0,959,2026-04-19 16:07:02
"fresh banana, fresh cucumber, fresh tomato",16.5,77,0,962,2026-04-19 16:07:32
"fresh banana, fresh cucumber, fresh tomato",16.5,76.9,0,970,2026-04-19 16:08:03
"fresh banana, fresh cucumber, fresh tomato",16.5,77.1,0,966,2026-04-19 16:08:34
"fresh banana, fresh cucumber, fresh tomato",16.5,77.2,0,963,2026-04-19 16:09:04
"fresh banana, fresh cucumber, fresh tomato",16.6,77.1,0,970,2026-04-19 16:09:35
"fresh banana, fresh cucumber, fresh tomato",16.6,77.3,0,976,2026-04-19 16:10:06
"fresh banana, fresh cucumber, fresh tomato",16.6,77.3,0,977,2026-04-19 16:10:36
"fresh banana, fresh cucumber, fresh tomato",16.6,77.3,0,966,2026-04-19 16:11:07
"fresh banana, fresh cucumber, fresh tomato",16.7,77.6,0,1006,2026-04-19 16:11:37
"fresh banana, fresh cucumber, fresh tomato",16.6,77.7,0,986,2026-04-19 16:12:08
"fresh banana, fresh cucumber, fresh tomato",16.6,77.7,0,995,2026-04-19 16:12:38
"fresh banana, fresh cucumber, fresh tomato",16.6,77.3,0,994,2026-04-19 16:13:09
"fresh banana, fresh cucumber, fresh tomato",16.6,77,0,952,2026-04-19 16:13:39
"fresh banana, fresh cucumber, fresh tomato",16.6,76,0,961,2026-04-19 16:14:10
"fresh banana, fresh cucumber, fresh tomato",16.7,75.7,0,945,2026-04-19 16:14:41
"fresh banana, fresh cucumber, fresh tomato",16.6,75.7,0,948,2026-04-19 16:15:11
"fresh banana, fresh cucumber, fresh tomato",16.7,75.1,0,944,2026-04-19 16:15:42
"fresh banana, fresh cucumber, fresh tomato",16.7,74.8,0,962,2026-04-19 16:16:12
"fresh banana, fresh cucumber, fresh tomato",16.7,74.4,0,942,2026-04-19 16:16:43
"fresh banana, fresh cucumber, fresh tomato",16.7,74.4,0,935,2026-04-19 16:17:14
"fresh banana, fresh cucumber, fresh tomato",16.7,74.5,0,944,2026-04-19 16:17:44
"fresh banana, fresh cucumber, fresh tomato",16.7,73.9,0,953,2026-04-19 16:18:15
"fresh banana, fresh cucumber, fresh tomato",16.7,73.6,0,961,2026-04-19 16:18:45
"fresh banana, fresh cucumber, fresh tomato",16.7,73.5,0,945,2026-04-19 16:19:16
"fresh banana, fresh cucumber, fresh tomato",16.7,73.3,0,943,2026-04-19 16:19:46
"fresh banana, fresh cucumber, fresh tomato",16.7,73.1,0,933,2026-04-19 16:20:17
"fresh banana, fresh cucumber, fresh tomato",16.7,72.8,0,958,2026-04-19 16:20:48
"fresh banana, fresh cucumber, fresh tomato",16.7,72,0,962,2026-04-19 16:21:18
"fresh banana, fresh cucumber, fresh tomato",16.7,72.2,0,939,2026-04-19 16:21:49
"fresh banana, fresh cucumber, fresh tomato",16.7,72.2,0,951,2026-04-19 16:22:19
"fresh banana, fresh cucumber, fresh tomato",16.7,73,0,957,2026-04-19 16:22:50
"fresh banana, fresh cucumber, fresh tomato",16.7,70.5,0,945,2026-04-19 16:23:20
"fresh banana, fresh cucumber, fresh tomato",16.7,70.9,0,937,2026-04-19 16:23:51
"fresh banana, fresh cucumber, fresh tomato",16.7,70.9,0,961,2026-04-19 16:24:22
"fresh banana, fresh cucumber, fresh tomato",16.7,69.7,0,953,2026-04-19 16:24:52
"fresh banana, fresh cucumber, fresh tomato",16.7,69.7,0,929,2026-04-19 16:25:23
"fresh banana, fresh cucumber, fresh tomato",16.7,69.3,0,933,2026-04-19 16:25:53
"fresh banana, fresh cucumber, fresh tomato",16.7,69.2,0,943,2026-04-19 16:26:24
"fresh banana, fresh cucumber, fresh tomato",16.7,68.6,0,941,2026-04-19 16:26:54
"fresh banana, fresh cucumber, fresh tomato",16.7,67.2,0,969,2026-04-19 16:27:25
"fresh banana, fresh cucumber, fresh tomato",16.7,67.2,0,944,2026-04-19 16:27:56
"fresh banana, fresh cucumber, fresh tomato",16.7,66.6,0,946,2026-04-19 16:28:26
"fresh banana, fresh cucumber, fresh tomato",16.7,66.9,0,969,2026-04-19 16:28:57
"fresh banana, fresh cucumber, fresh tomato",16.7,66.5,0,976,2026-04-19 16:29:27
"fresh banana, fresh cucumber, fresh tomato",16.6,65.9,0,945,2026-04-19 16:29:58
"fresh banana, fresh cucumber, fresh tomato",16.7,65.2,0,961,2026-04-19 16:30:29
"fresh banana, fresh cucumber, fresh tomato",16.6,65.2,0,988,2026-04-19 16:30:59
"fresh banana, fresh cucumber, fresh tomato",16.6,64.8,0,985,2026-04-19 16:31:30
"fresh banana, fresh cucumber, fresh tomato",16.7,64.2,0,970,2026-04-19 16:32:01
"fresh banana, fresh cucumber, fresh tomato",16.6,64,0,958,2026-04-19 16:32:31
"fresh banana, fresh cucumber, fresh tomato",16.6,63.9,0,961,2026-04-19 16:33:02
"fresh banana, fresh cucumber, fresh tomato",16.6,63.9,0,931,2026-04-19 16:33:32
"fresh banana, fresh cucumber, fresh tomato",16.6,64.1,0,959,2026-04-19 16:34:03
"fresh banana, fresh cucumber, fresh tomato",16.6,63.4,0,966,2026-04-19 16:34:33
"fresh banana, fresh cucumber, fresh tomato",16.6,62.7,0,963,2026-04-19 16:35:04
"fresh banana, fresh cucumber, fresh tomato",16.6,62.7,0,954,2026-04-19 16:35:35
"fresh banana, fresh cucumber, fresh tomato",16.5,61.9,0,937,2026-04-19 16:36:05
"fresh banana, fresh cucumber, fresh tomato",16.5,61.7,0,894,2026-04-19 16:36:36
"fresh banana, fresh cucumber, fresh tomato",16.6,61.7,0,931,2026-04-19 16:37:06
"fresh banana, fresh cucumber, fresh tomato",16.5,61.6,0,925,2026-04-19 16:37:37
"fresh banana, fresh cucumber, fresh tomato",16.5,62.1,0,971,2026-04-19 16:38:08
"fresh banana, fresh cucumber, fresh tomato",16.5,63.4,0,931,2026-04-19 16:38:38
"fresh banana, fresh cucumber, fresh tomato",16.5,62.4,0,927,2026-04-19 16:39:09
"fresh banana, fresh cucumber, fresh tomato",16.5,62,0,892,2026-04-19 16:39:40
"fresh banana, fresh cucumber, fresh tomato",16.5,62.2,0,889,2026-04-19 16:40:10
"fresh banana, fresh cucumber, fresh tomato",16.5,61.2,0,882,2026-04-19 16:40:41
"fresh banana, fresh cucumber, fresh tomato",16.5,61.7,0,886,2026-04-19 16:41:12
"fresh banana, fresh cucumber, fresh tomato",16.5,62.9,0,877,2026-04-19 16:41:42
"fresh banana, fresh cucumber, fresh tomato",16.4,60.5,0,849,2026-04-19 16:42:13
"fresh banana, fresh cucumber, fresh tomato",16.4,61,0,851,2026-04-19 16:42:43
"fresh banana, fresh cucumber, fresh tomato",16.4,61.4,0,854,2026-04-19 16:43:14
"fresh banana, fresh cucumber, fresh tomato",16.4,60.8,0,848,2026-04-19 16:43:45
"fresh banana, fresh cucumber, fresh tomato",16.4,60.6,0,848,2026-04-19 16:44:15
"fresh banana, fresh cucumber, fresh tomato",16.4,60.2,0,847,2026-04-19 16:44:46
"fresh banana, fresh cucumber, fresh tomato",16.4,60.2,0,853,2026-04-19 16:45:16
"fresh banana, fresh cucumber, fresh tomato",16.3,60.5,0,859,2026-04-19 16:45:47
"fresh banana, fresh cucumber, fresh tomato",16.3,60.4,0,850,2026-04-19 16:46:18
"fresh banana, fresh cucumber, fresh tomato",16.3,60.2,0,863,2026-04-19 16:46:48
"fresh banana, fresh cucumber, fresh tomato",16.3,60.5,0,855,2026-04-19 16:47:19
"fresh banana, fresh cucumber, fresh tomato",16.3,59.2,0,847,2026-04-19 16:47:50
"fresh banana, fresh cucumber, fresh tomato",16.3,59.5,0,855,2026-04-19 16:48:20
"fresh banana, fresh cucumber, fresh tomato",16.2,59.1,0,862,2026-04-19 16:48:51
"fresh banana, fresh cucumber, fresh tomato",16.2,59.4,0,842,2026-04-19 16:49:21
"fresh banana, fresh cucumber, fresh tomato",16.2,59.4,0,850,2026-04-19 16:49:52
"fresh banana, fresh cucumber, fresh tomato",16.2,59.5,0,825,2026-04-19 16:50:23
"fresh banana, fresh cucumber, fresh tomato",16.2,59.8,0,828,2026-04-19 16:50:53
"fresh banana, fresh cucumber, fresh tomato",16.2,59.4,0,839,2026-04-19 16:51:24
"fresh banana, fresh cucumber, fresh tomato",16.1,59.4,0,835,2026-04-19 16:51:55
"fresh banana, fresh cucumber, fresh tomato",16.1,59.5,0,851,2026-04-19 16:52:25
"fresh banana, fresh cucumber, fresh tomato",16.1,59.2,0,862,2026-04-19 16:52:56
"fresh banana, fresh cucumber, fresh tomato",16.1,59.5,0,832,2026-04-19 16:53:26
"fresh banana, fresh cucumber, fresh tomato",16.1,58.7,0,848,2026-04-19 16:53:57
"fresh banana, fresh cucumber, fresh tomato",16.1,58.7,0,822,2026-04-19 16:54:27
"fresh banana, fresh cucumber, fresh tomato",16.1,58.4,0,819,2026-04-19 16:54:58
"fresh banana, fresh cucumber, fresh tomato",16,58.5,0,824,2026-04-19 16:55:29
"fresh banana, fresh cucumber, fresh tomato",16,58.6,0,823,2026-04-19 16:55:59
"fresh banana, fresh cucumber, fresh tomato",16,58.4,0,809,2026-04-19 16:56:30
"fresh banana, fresh cucumber, fresh tomato",16,58.5,0,816,2026-04-19 16:57:00
"fresh banana, fresh cucumber, fresh tomato",16,59,0,817,2026-04-19 16:57:32
"fresh banana, fresh cucumber, fresh tomato",16,58.1,0,839,2026-04-19 16:58:02
"fresh banana, fresh cucumber, fresh tomato",15.9,58.2,0,817,2026-04-19 16:58:33
"fresh banana, fresh cucumber, fresh tomato",15.9,58.3,0,813,2026-04-19 16:59:03
"fresh banana, fresh cucumber, fresh tomato",15.8,58,0,838,2026-04-19 16:59:34
"fresh banana, fresh cucumber, fresh tomato",15.9,58.5,0,832,2026-04-19 17:00:04
"fresh banana, fresh cucumber, fresh tomato",15.9,57.8,0,815,2026-04-19 17:00:35
"fresh banana, fresh cucumber, fresh tomato",15.8,58.2,0,823,2026-04-19 17:01:05
"fresh banana, fresh cucumber, fresh tomato",15.8,58,0,823,2026-04-19 17:01:36
"fresh banana, fresh cucumber, fresh tomato",15.7,57.9,0,813,2026-04-19 17:02:06
"fresh banana, fresh cucumber, fresh tomato",15.7,57.9,0,818,2026-04-19 17:02:37
"fresh banana, fresh cucumber, fresh tomato",15.7,57.4,0,818,2026-04-19 17:03:07
"fresh banana, fresh cucumber, fresh tomato",15.7,57.7,0,794,2026-04-19 17:03:38
"fresh banana, fresh cucumber, fresh tomato",15.7,57.8,0,791,2026-04-19 17:04:09
"fresh banana, fresh cucumber, fresh tomato",15.7,57.8,0,787,2026-04-19 17:04:39
"fresh banana, fresh cucumber, fresh tomato",15.6,57.5,0,803,2026-04-19 17:05:10
"fresh banana, fresh cucumber, fresh tomato",15.6,58.1,0,796,2026-04-19 17:05:40
"fresh banana, fresh cucumber, fresh tomato",15.6,57.7,0,810,2026-04-19 17:06:11
"fresh banana, fresh cucumber, fresh tomato",15.6,57.6,0,806,2026-04-19 17:06:41
"fresh banana, fresh cucumber, fresh tomato",15.6,56.2,0,781,2026-04-19 17:07:13
"fresh banana, fresh cucumber, fresh tomato",15.5,57.3,0,785,2026-04-19 17:07:44
"fresh banana, fresh cucumber, fresh tomato",15.5,56.9,0,787,2026-04-19 17:08:14
"fresh banana, fresh cucumber, fresh tomato",15.5,56.9,0,793,2026-04-19 17:08:45
"fresh banana, fresh cucumber, fresh tomato",15.4,57,0,800,2026-04-19 17:09:15
"fresh banana, fresh cucumber, fresh tomato",15.4,56.9,0,789,2026-04-19 17:09:46
"fresh banana, fresh cucumber, fresh tomato",15.4,57.3,0,799,2026-04-19 17:10:17
"fresh banana, fresh cucumber, fresh tomato",15.4,57.4,0,806,2026-04-19 17:10:47
"fresh banana, fresh cucumber, fresh tomato",15.4,57.1,0,794,2026-04-19 17:11:18
"fresh banana, fresh cucumber, fresh tomato",15.3,57.4,0,814,2026-04-19 17:11:49
"fresh banana, fresh cucumber, fresh tomato",15.3,57.4,0,797,2026-04-19 17:12:19
"fresh banana, fresh cucumber, fresh tomato",15.3,57.4,0,798,2026-04-19 17:12:50
"fresh banana, fresh cucumber, fresh tomato",15.3,57.5,0,785,2026-04-19 17:13:20
"fresh banana, fresh cucumber, fresh tomato",15.3,57.7,0,798,2026-04-19 17:13:51
"fresh banana, fresh cucumber, fresh tomato",15.3,57.3,0,792,2026-04-19 17:14:21
"fresh banana, fresh cucumber, fresh tomato",15.2,57.1,0,813,2026-04-19 17:14:52
"fresh banana, fresh cucumber, fresh tomato",15.2,57.6,0,811,2026-04-19 17:15:23
"fresh banana, fresh cucumber, fresh tomato",15.2,57.3,0,797,2026-04-19 17:15:53
"fresh banana, fresh cucumber, fresh tomato",15.2,56.9,0,814,2026-04-19 17:16:24
"fresh banana, fresh cucumber, fresh tomato",15.2,56.5,0,788,2026-04-19 17:16:55
"fresh banana, fresh cucumber, fresh tomato",15.2,56.8,0,809,2026-04-19 17:17:25
"fresh banana, fresh cucumber, fresh tomato",15.1,57.8,0,797,2026-04-19 17:17:56
"fresh banana, fresh cucumber, fresh tomato",15.1,57.6,0,794,2026-04-19 17:18:26
"fresh banana, fresh cucumber, fresh tomato",15.1,57.8,0,813,2026-04-19 17:18:57
"fresh banana, fresh cucumber, fresh tomato",15.1,58,0,822,2026-04-19 17:19:27
"fresh banana, fresh cucumber, fresh tomato",15.1,58.2,0,816,2026-04-19 17:19:58
"fresh banana, fresh cucumber, fresh tomato",15,59.3,0,825,2026-04-19 17:20:28
"fresh banana, fresh cucumber, fresh tomato",15.1,59.3,0,818,2026-04-19 17:20:59
"fresh banana, fresh cucumber, fresh tomato",15.1,59.7,0,821,2026-04-19 17:21:29
"fresh banana, fresh cucumber, fresh tomato",15,60.2,0,821,2026-04-19 17:22:00
"fresh banana, fresh cucumber, fresh tomato",15.1,61,0,815,2026-04-19 17:22:30
"fresh banana, fresh cucumber, fresh tomato",15,61.4,0,844,2026-04-19 17:23:01
"fresh banana, fresh cucumber, fresh tomato",15,61.5,0,848,2026-04-19 17:23:32
"fresh banana, fresh cucumber, fresh tomato",15.1,61.9,0,849,2026-04-19 17:24:02
"fresh banana, fresh cucumber, fresh tomato",15.1,62.8,0,841,2026-04-19 17:24:33
"fresh banana, fresh cucumber, fresh tomato",15.1,62.4,0,853,2026-04-19 17:25:03
"fresh banana, fresh cucumber, fresh tomato",15.1,62.8,0,855,2026-04-19 17:25:34
"fresh banana, fresh cucumber, fresh tomato",15.1,63.4,0,865,2026-04-19 17:26:04
"fresh banana, fresh cucumber, fresh tomato",15.1,63.6,0,872,2026-04-19 17:26:35
"fresh banana, fresh cucumber, fresh tomato",15.1,64,0,880,2026-04-19 17:27:05
"fresh banana, fresh cucumber, fresh tomato",15.1,65.1,0,915,2026-04-19 17:27:36
"fresh banana, fresh cucumber, fresh tomato",15.1,64.9,0,929,2026-04-19 17:28:06
"fresh banana, fresh cucumber, fresh tomato",15.1,64.7,0,924,2026-04-19 17:28:37
"fresh banana, fresh cucumber, fresh tomato",15.1,64.5,0,945,2026-04-19 17:29:08
"fresh banana, fresh cucumber, fresh tomato",15.1,65.1,0,945,2026-04-19 17:29:38
"fresh banana, fresh cucumber, fresh tomato",15.2,64.9,0,960,2026-04-19 17:30:09
"fresh banana, fresh cucumber, fresh tomato",15.2,65.2,0,969,2026-04-19 17:30:40
"fresh banana, fresh cucumber, fresh tomato",15.2,65.7,0,960,2026-04-19 17:31:10
"fresh banana, fresh cucumber, fresh tomato",15.2,65.6,0,967,2026-04-19 17:31:41
"fresh banana, fresh cucumber, fresh tomato",15.2,65.5,0,950,2026-04-19 17:32:12
"fresh banana, fresh cucumber, fresh tomato",15.2,66.1,0,959,2026-04-19 17:32:43
"fresh banana, fresh cucumber, fresh tomato",15.2,65.8,0,935,2026-04-19 17:33:13
"fresh banana, fresh cucumber, fresh tomato",15.2,66,0,957,2026-04-19 17:33:44
"fresh banana, fresh cucumber, fresh tomato",15.3,66.3,0,957,2026-04-19 17:34:14
"fresh banana, fresh cucumber, fresh tomato",15.2,66.3,0,945,2026-04-19 17:34:45
"fresh banana, fresh cucumber, fresh tomato",15.3,66.5,0,943,2026-04-19 17:35:15
"fresh banana, fresh cucumber, fresh tomato",15.3,66.4,0,940,2026-04-19 17:35:46
"fresh banana, fresh cucumber, fresh tomato",15.3,66.4,0,921,2026-04-19 17:36:17
"fresh banana, fresh cucumber, fresh tomato",15.3,66.8,0,928,2026-04-19 17:36:47
"fresh banana, fresh cucumber, fresh tomato",15.3,66.4,0,905,2026-04-19 17:37:18
"fresh banana, fresh cucumber, fresh tomato",15.3,66.6,0,925,2026-04-19 17:37:49
"fresh banana, fresh cucumber, fresh tomato",15.3,66.9,0,911,2026-04-19 17:38:19
"fresh banana, fresh cucumber, fresh tomato",15.3,67.4,0,923,2026-04-19 17:38:50
"fresh banana, fresh cucumber, fresh tomato",15.3,67.4,0,905,2026-04-19 17:39:21
"fresh banana, fresh cucumber, fresh tomato",15.3,66.9,0,906,2026-04-19 17:39:51
"fresh banana, fresh cucumber, fresh tomato",15.3,66.8,0,896,2026-04-19 17:40:22
"fresh banana, fresh cucumber, fresh tomato",15.4,66.8,0,895,2026-04-19 17:40:53
"fresh banana, fresh cucumber, fresh tomato",15.4,66.6,0,877,2026-04-19 17:41:24
"fresh banana, fresh cucumber, fresh tomato",15.4,67.3,0,896,2026-04-19 17:41:54
"fresh banana, fresh cucumber, fresh tomato",15.4,67.1,0,895,2026-04-19 17:42:25
"fresh banana, fresh cucumber, fresh tomato",15.4,67.5,0,894,2026-04-19 17:42:55
"fresh banana, fresh cucumber, fresh tomato",15.4,67.9,0,912,2026-04-19 17:43:26
"fresh banana, fresh cucumber, fresh tomato",15.4,67.8,0,895,2026-04-19 17:43:57
"fresh banana, fresh cucumber, fresh tomato",15.4,67.4,0,906,2026-04-19 17:44:27
"fresh banana, fresh cucumber, fresh tomato",15.4,67.4,0,897,2026-04-19 17:44:58
"fresh banana, fresh cucumber, fresh tomato",15.4,67.5,0,896,2026-04-19 17:45:28
"fresh banana, fresh cucumber, fresh tomato",15.4,67.5,0,893,2026-04-19 17:45:59
"fresh banana, fresh cucumber, fresh tomato",15.5,67.4,0,912,2026-04-19 17:46:29
"fresh banana, fresh cucumber, fresh tomato",15.5,67.3,0,900,2026-04-19 17:47:00
"fresh banana, fresh cucumber, fresh tomato",15.5,67.6,0,896,2026-04-19 17:47:30
"fresh banana, fresh cucumber, fresh tomato",15.5,67.6,0,894,2026-04-19 17:48:01
"fresh banana, fresh cucumber, fresh tomato",15.5,68.1,0,896,2026-04-19 17:48:32
"fresh banana, fresh cucumber, fresh tomato",15.5,67.9,0,912,2026-04-19 17:49:02
"fresh banana, fresh cucumber, fresh tomato",15.5,68,0,923,2026-04-19 17:49:33
"fresh banana, fresh cucumber, fresh tomato",15.5,67.7,0,903,2026-04-19 17:50:03
"fresh banana, fresh cucumber, fresh tomato",15.5,67.5,0,901,2026-04-19 17:50:34
"fresh banana, fresh cucumber, fresh tomato",15.5,67.6,0,896,2026-04-19 17:51:05
"fresh banana, fresh cucumber, fresh tomato",15.5,67.9,0,887,2026-04-19 17:51:35
"fresh banana, fresh cucumber, fresh tomato",15.5,68.1,0,882,2026-04-19 17:52:06
"fresh banana, fresh cucumber, fresh tomato",15.5,68.3,0,913,2026-04-19 17:52:36
"fresh banana, fresh cucumber, fresh tomato",15.5,68,0,899,2026-04-19 17:53:07
"fresh banana, fresh cucumber, fresh tomato",15.6,68.2,0,896,2026-04-19 17:53:38
"fresh banana, fresh cucumber, fresh tomato",15.6,68.3,0,894,2026-04-19 17:54:09
"fresh banana, fresh cucumber, fresh tomato",15.6,68.5,0,898,2026-04-19 17:54:39
"fresh banana, fresh cucumber, fresh tomato",15.6,68.3,0,911,2026-04-19 17:55:10
"fresh banana, fresh cucumber, fresh tomato",15.6,68,0,881,2026-04-19 17:55:40
"fresh banana, fresh cucumber, fresh tomato",15.6,68,0,926,2026-04-19 17:56:11
"fresh banana, fresh cucumber, fresh tomato",15.6,68.2,0,910,2026-04-19 17:56:42
"fresh banana, fresh cucumber, fresh tomato",15.6,68.2,0,907,2026-04-19 17:57:12
"fresh banana, fresh cucumber, fresh tomato",15.6,68.4,0,912,2026-04-19 17:57:43
"fresh banana, fresh cucumber, fresh tomato",15.6,68.2,0,894,2026-04-19 17:58:14
"fresh banana, fresh cucumber, fresh tomato",15.6,68.4,0,903,2026-04-19 17:58:44
"fresh banana, fresh cucumber, fresh tomato",15.6,68.4,0,917,2026-04-19 17:59:15
"fresh banana, fresh cucumber, fresh tomato",15.6,68.1,0,914,2026-04-19 17:59:46
"fresh banana, fresh cucumber, fresh tomato",15.6,68.2,0,897,2026-04-19 18:00:16
"fresh banana, fresh cucumber, fresh tomato",15.7,68.4,0,912,2026-04-19 18:00:47
"fresh banana, fresh cucumber, fresh tomato",15.6,68.7,0,931,2026-04-19 18:01:17
"fresh banana, fresh cucumber, fresh tomato",15.7,68.8,0,919,2026-04-19 18:01:48
"fresh banana, fresh cucumber, fresh tomato",15.7,68.3,0,922,2026-04-19 18:02:19
"fresh banana, fresh cucumber, fresh tomato",15.7,68.2,0,923,2026-04-19 18:02:50
"fresh banana, fresh cucumber, fresh tomato",15.7,68.5,0,917,2026-04-19 18:03:20
"fresh banana, fresh cucumber, fresh tomato",15.7,68.2,0,918,2026-04-19 18:03:51
"fresh banana, fresh cucumber, fresh tomato",15.7,68.5,0,937,2026-04-19 18:04:22
"fresh banana, fresh cucumber, fresh tomato",15.7,68.8,0,919,2026-04-19 18:04:53
"fresh banana, fresh cucumber, fresh tomato",15.7,68.2,0,933,2026-04-19 18:05:23
"fresh banana, fresh cucumber, fresh tomato",15.7,68.8,0,959,2026-04-19 18:05:54
"fresh banana, fresh cucumber, fresh tomato",15.8,68.8,0,930,2026-04-19 18:06:24
"fresh banana, fresh cucumber, fresh tomato",15.7,68.8,0,935,2026-04-19 18:06:55
"fresh banana, fresh cucumber, fresh tomato",15.8,68.5,0,932,2026-04-19 18:07:26
"fresh banana, fresh cucumber, fresh tomato",15.8,68.7,0,915,2026-04-19 18:07:56
"fresh banana, fresh cucumber, fresh tomato",15.8,69.2,0,956,2026-04-19 18:08:27
"fresh banana, fresh cucumber, fresh tomato",15.8,69.2,0,950,2026-04-19 18:08:57
"fresh banana, fresh cucumber, fresh tomato",15.8,68.5,0,927,2026-04-19 18:09:28
"fresh banana, fresh cucumber, fresh tomato",15.8,68.8,0,949,2026-04-19 18:09:59
"fresh banana, fresh cucumber, fresh tomato",15.8,69.2,0,947,2026-04-19 18:10:29
"fresh banana, fresh cucumber, fresh tomato",15.8,69.6,0,945,2026-04-19 18:11:00
"fresh banana, fresh cucumber, fresh tomato",15.9,69.5,0,982,2026-04-19 18:11:31
"fresh banana, fresh cucumber, fresh tomato",15.9,68.8,0,955,2026-04-19 18:12:02
"fresh banana, fresh cucumber, fresh tomato",15.9,68.8,0,960,2026-04-19 18:12:32
"fresh banana, fresh cucumber, fresh tomato",15.9,69.5,0,965,2026-04-19 18:13:03
"fresh banana, fresh cucumber, fresh tomato",15.9,69.8,0,982,2026-04-19 18:13:34
"fresh banana, fresh cucumber, fresh tomato",15.9,69.6,0,990,2026-04-19 18:14:04
"fresh banana, fresh cucumber, fresh tomato",15.9,69.8,0,989,2026-04-19 18:14:35
"fresh banana, fresh cucumber, fresh tomato",15.9,69.8,0,981,2026-04-19 18:15:06
"fresh banana, fresh cucumber, fresh tomato",15.9,69.6,0,969,2026-04-19 18:15:36
"fresh banana, fresh cucumber, fresh tomato",15.9,69.5,0,978,2026-04-19 18:16:07
"fresh banana, fresh cucumber, fresh tomato",15.9,69.9,0,976,2026-04-19 18:16:37
"fresh banana, fresh cucumber, fresh tomato",15.9,70,0,970,2026-04-19 18:17:08
"fresh banana, fresh cucumber, fresh tomato",16,70,0,1005,2026-04-19 18:17:38
"fresh banana, fresh cucumber, fresh tomato",16,70.3,0,992,2026-04-19 18:18:09
"fresh banana, fresh cucumber, fresh tomato",16,70.1,0,1001,2026-04-19 18:18:40
"fresh banana, fresh cucumber, fresh tomato",16,70.2,1,991,2026-04-19 18:19:10
"fresh banana, fresh cucumber, fresh tomato",16,70.7,0,997,2026-04-19 18:19:41
"fresh banana, fresh cucumber, fresh tomato",16,70.7,2,988,2026-04-19 18:20:12
"fresh banana, fresh cucumber, fresh tomato",16,70.9,0,998,2026-04-19 18:20:42
"fresh banana, fresh cucumber, fresh tomato",16,71.2,0,1000,2026-04-19 18:21:13
"fresh banana, fresh cucumber, fresh tomato",16.1,71.6,0,982,2026-04-19 18:21:43
"fresh banana, fresh cucumber, fresh tomato",16.1,71.6,0,994,2026-04-19 18:22:14
"fresh banana, fresh cucumber, fresh tomato",16.1,71.5,1,963,2026-04-19 18:22:44
"fresh banana, fresh cucumber, fresh tomato",16.1,71.9,0,991,2026-04-19 18:23:16
"fresh banana, fresh cucumber, fresh tomato",16.1,71.8,0,999,2026-04-19 18:23:46
"fresh banana, fresh cucumber, fresh tomato",16.1,71.5,0,999,2026-04-19 18:24:17
"fresh banana, fresh cucumber, fresh tomato",16.1,71.6,0,999,2026-04-19 18:24:47
"fresh banana, fresh cucumber, fresh tomato",16.1,71.9,0,1005,2026-04-19 18:25:18
"fresh banana, fresh cucumber, fresh tomato",16.1,72,0,1018,2026-04-19 18:25:49
"fresh banana, fresh cucumber, fresh tomato",16.2,72.9,0,997,2026-04-19 18:26:19
"fresh banana, fresh cucumber, fresh tomato",16.2,72.3,0,1012,2026-04-19 18:26:50
"fresh banana, fresh cucumber, fresh tomato",16.2,72.6,0,1013,2026-04-19 18:27:21
"fresh banana, fresh cucumber, fresh tomato",16.2,73.1,0,1003,2026-04-19 18:27:57
"fresh banana, fresh cucumber, fresh tomato",16.2,74.2,0,998,2026-04-19 18:28:28
"fresh banana, fresh cucumber, fresh tomato",16.2,74.1,0,1031,2026-04-19 18:28:58
"fresh banana, fresh cucumber, fresh tomato",16.2,74.3,0,1023,2026-04-19 18:29:29
"fresh banana, fresh cucumber, fresh tomato",16.2,74.6,0,991,2026-04-19 18:30:00
"fresh banana, fresh cucumber, fresh tomato",16.2,74.5,0,992,2026-04-19 18:30:30
"fresh banana, fresh cucumber, fresh tomato",16.3,74.5,0,1015,2026-04-19 18:31:01
"fresh banana, fresh cucumber, fresh tomato",16.3,74.1,3,1023,2026-04-19 18:31:32
"fresh banana, fresh cucumber, fresh tomato",16.3,74.5,0,1021,2026-04-19 18:32:02
"fresh banana, fresh cucumber, fresh tomato",16.3,75,0,1036,2026-04-19 18:32:33
"fresh banana, fresh cucumber, fresh tomato",16.3,75.3,1,1010,2026-04-19 18:33:03
"fresh banana, fresh cucumber, fresh tomato",16.3,75.2,0,998,2026-04-19 18:33:34
"fresh banana, fresh cucumber, fresh tomato",16.3,75.2,0,1018,2026-04-19 18:34:05
"fresh banana, fresh cucumber, fresh tomato",16.3,75.4,0,1003,2026-04-19 18:34:35
"fresh banana, fresh cucumber, fresh tomato",16.4,75.4,0,1015,2026-04-19 18:35:06
"fresh banana, fresh cucumber, fresh tomato",16.3,75.7,3,1013,2026-04-19 18:35:37
"fresh banana, fresh cucumber, fresh tomato",16.3,75.7,0,1006,2026-04-19 18:36:07
"fresh banana, fresh cucumber, fresh tomato",16.3,76,4,1019,2026-04-19 18:36:38
"fresh banana, fresh cucumber, fresh tomato",16.3,76.1,0,1017,2026-04-19 18:37:08
"fresh banana, fresh cucumber, fresh tomato",16.4,76.4,1,1012,2026-04-19 18:37:39
"fresh banana, fresh cucumber, fresh tomato",16.4,76.6,0,1012,2026-04-19 18:38:10
"fresh banana, fresh cucumber, fresh tomato",16.4,76.4,0,1037,2026-04-19 18:38:40
"fresh banana, fresh cucumber, fresh tomato",16.4,76.4,4,1040,2026-04-19 18:39:11
"fresh banana, fresh cucumber, fresh tomato",16.4,76.4,0,1022,2026-04-19 18:39:41
"fresh banana, fresh cucumber, fresh tomato",16.5,76.7,0,1023,2026-04-19 18:40:12
"fresh banana, fresh cucumber, fresh tomato",16.5,77,0,1012,2026-04-19 18:40:42
"fresh banana, fresh cucumber, fresh tomato",16.5,76.7,0,1054,2026-04-19 18:41:13
"fresh banana, fresh cucumber, fresh tomato",16.5,77,5,1023,2026-04-19 18:41:44
"fresh banana, fresh cucumber, fresh tomato",16.5,77.3,6,1040,2026-04-19 18:42:14
"fresh banana, fresh cucumber, fresh tomato",16.5,77.2,7,1034,2026-04-19 18:42:45
"fresh banana, fresh cucumber, fresh tomato",16.6,77.1,0,1013,2026-04-19 18:43:16
"fresh banana, fresh cucumber, fresh tomato",16.5,76.4,5,1014,2026-04-19 18:43:47
"fresh banana, fresh cucumber, fresh tomato",16.5,76.1,5,1034,2026-04-19 18:44:17
"fresh banana, fresh cucumber, fresh tomato",16.5,75.2,0,1012,2026-04-19 18:44:48
"fresh banana, fresh cucumber, fresh tomato",16.6,75.4,0,1019,2026-04-19 18:45:19
"fresh banana, fresh cucumber, fresh tomato",16.6,75,0,992,2026-04-19 18:45:49
"fresh banana, fresh cucumber, fresh tomato",16.6,74.4,0,986,2026-04-19 18:46:20
"fresh banana, fresh cucumber, fresh tomato",16.6,74.2,0,1008,2026-04-19 18:46:50
"fresh banana, fresh cucumber, fresh tomato",16.6,74.2,1,989,2026-04-19 18:47:21
"fresh banana, fresh cucumber, fresh tomato",16.6,73.5,0,998,2026-04-19 18:47:52
"fresh banana, fresh cucumber, fresh tomato",16.6,73.9,0,1009,2026-04-19 18:48:24
"fresh banana, fresh cucumber, fresh tomato",16.6,73.4,0,1010,2026-04-19 18:48:54
"fresh banana, fresh cucumber, fresh tomato",16.6,72.5,0,1020,2026-04-19 18:49:25
"fresh banana, fresh cucumber, fresh tomato",16.6,72.8,0,996,2026-04-19 18:49:56
"fresh banana, fresh cucumber, fresh tomato",16.6,72.2,0,1004,2026-04-19 18:50:26
"fresh banana, fresh cucumber, fresh tomato",16.6,71.8,0,1008,2026-04-19 18:50:57
"fresh banana, fresh cucumber, fresh tomato",16.6,71.2,0,1021,2026-04-19 18:51:27
"fresh banana, fresh cucumber, fresh tomato",16.6,71.7,0,1007,2026-04-19 18:51:58
"fresh banana, fresh cucumber, fresh tomato",16.6,70.7,0,1023,2026-04-19 18:52:29
"fresh banana, fresh cucumber, fresh tomato",16.6,70.1,0,1015,2026-04-19 18:53:00
"fresh banana, fresh cucumber, fresh tomato",16.6,70.1,6,1021,2026-04-19 18:53:30
"fresh banana, fresh cucumber, fresh tomato",16.6,69.4,0,1023,2026-04-19 18:54:01
"fresh banana, fresh cucumber, fresh tomato",16.6,69.2,1,1011,2026-04-19 18:54:32
"fresh banana, fresh cucumber, fresh tomato",16.6,69.2,0,1001,2026-04-19 18:55:02
"fresh banana, fresh cucumber, fresh tomato",16.6,68.8,0,1023,2026-04-19 18:55:33
"fresh banana, fresh cucumber, fresh tomato",16.6,68.7,0,1012,2026-04-19 18:56:03
"fresh banana, fresh cucumber, fresh tomato",16.6,68.2,0,1019,2026-04-19 18:56:34
"fresh banana, fresh cucumber, fresh tomato",16.6,67.8,0,1023,2026-04-19 18:57:04
"fresh banana, fresh cucumber, fresh tomato",16.6,67.1,0,1040,2026-04-19 18:57:35
"fresh banana, fresh cucumber, fresh tomato",16.6,66.6,0,1041,2026-04-19 18:58:06
"fresh banana, fresh cucumber, fresh tomato",16.5,66.6,0,1021,2026-04-19 18:58:36
"fresh banana, fresh cucumber, fresh tomato",16.6,66,0,1043,2026-04-19 18:59:07
"fresh banana, fresh cucumber, fresh tomato",16.5,65.7,0,1021,2026-04-19 18:59:37
"fresh banana, fresh cucumber, fresh tomato",16.5,65.2,0,1034,2026-04-19 19:00:10
"fresh banana, fresh cucumber, fresh tomato",16.5,65.1,0,1043,2026-04-19 19:00:41
"fresh banana, fresh cucumber, fresh tomato",16.5,64,0,992,2026-04-19 19:01:13
"fresh banana, fresh cucumber, fresh tomato",16.5,64.1,0,1039,2026-04-19 19:01:44
"fresh banana, fresh cucumber, fresh tomato",16.5,63.9,0,1044,2026-04-19 19:02:15
"fresh banana, fresh cucumber, fresh tomato",16.5,63.1,0,1003,2026-04-19 19:02:45
"fresh banana, fresh cucumber, fresh tomato",16.4,63.3,0,1035,2026-04-19 19:03:16
"fresh banana, fresh cucumber, fresh tomato",16.5,62.8,0,1022,2026-04-19 19:03:46
"fresh banana, fresh cucumber, fresh tomato",16.5,62.9,0,1021,2026-04-19 19:04:17
"fresh banana, fresh cucumber, fresh tomato",16.5,62.5,0,1039,2026-04-19 19:04:49
"fresh banana, fresh cucumber, fresh tomato",16.4,62.4,0,993,2026-04-19 19:05:19
"fresh banana, fresh cucumber, fresh tomato",16.4,62.3,0,971,2026-04-19 19:05:50
"fresh banana, fresh cucumber, fresh tomato",16.4,62,0,947,2026-04-19 19:06:21
"fresh banana, fresh cucumber, fresh tomato",16.4,62.4,0,988,2026-04-19 19:06:51
"fresh banana, fresh cucumber, fresh tomato",16.4,61.6,0,978,2026-04-19 19:07:22
"fresh banana, fresh cucumber, fresh tomato",16.4,61.4,0,972,2026-04-19 19:07:53
"fresh banana, fresh cucumber, fresh tomato",16.4,61.6,0,946,2026-04-19 19:08:23
"fresh banana, fresh cucumber, fresh tomato",16.4,61.9,0,963,2026-04-19 19:08:54
"fresh banana, fresh cucumber, fresh tomato",16.3,62.3,0,993,2026-04-19 19:09:25
"fresh banana, fresh cucumber, fresh tomato",16.3,61.5,0,971,2026-04-19 19:09:55
"fresh banana, fresh cucumber, fresh tomato",16.3,61.1,0,976,2026-04-19 19:10:26
"fresh banana, fresh cucumber, fresh tomato",16.3,60.7,0,969,2026-04-19 19:10:57
"fresh banana, fresh cucumber, fresh tomato",16.3,60.8,0,930,2026-04-19 19:11:27
"fresh banana, fresh cucumber, fresh tomato",16.3,60.9,0,912,2026-04-19 19:11:59
"fresh banana, fresh cucumber, fresh tomato",16.3,60.6,0,917,2026-04-19 19:12:30
"fresh banana, fresh cucumber, fresh tomato",16.3,60.4,0,934,2026-04-19 19:13:00
"fresh banana, fresh cucumber, fresh tomato",16.3,60.7,0,926,2026-04-19 19:13:31
"fresh banana, fresh cucumber, fresh tomato",16.3,60.5,0,907,2026-04-19 19:14:02
"fresh banana, fresh cucumber, fresh tomato",16.2,60.2,0,909,2026-04-19 19:14:33
"fresh banana, fresh cucumber, fresh tomato",16.2,59.7,0,897,2026-04-19 19:15:05
"fresh banana, fresh cucumber, fresh tomato",16.2,59.8,0,911,2026-04-19 19:15:35
"fresh banana, fresh cucumber, fresh tomato",16.2,60.7,0,912,2026-04-19 19:16:06
"fresh banana, fresh cucumber, fresh tomato",16.2,59.2,0,884,2026-04-19 19:16:36
"fresh banana, fresh cucumber, fresh tomato",16.2,60.1,0,914,2026-04-19 19:17:07
"fresh banana, fresh cucumber, fresh tomato",16.2,59.6,0,905,2026-04-19 19:17:38
"fresh banana, fresh cucumber, fresh tomato",16.2,59.2,0,889,2026-04-19 19:18:08
"fresh banana, fresh cucumber, fresh tomato",16.1,59.3,0,882,2026-04-19 19:18:39
"fresh banana, fresh cucumber, fresh tomato",16.1,59.2,0,891,2026-04-19 19:19:09
"fresh banana, fresh cucumber, fresh tomato",16.1,58.8,0,884,2026-04-19 19:19:40
"fresh banana, fresh cucumber, fresh tomato",16.1,59,0,893,2026-04-19 19:20:11
"fresh banana, fresh cucumber, fresh tomato",16.1,59.4,0,883,2026-04-19 19:20:41
"fresh banana, fresh cucumber, fresh tomato",16,59.3,0,910,2026-04-19 19:21:13
"fresh banana, fresh cucumber, fresh tomato",16,58.5,0,899,2026-04-19 19:21:44
"fresh banana, fresh cucumber, fresh tomato",16,58.7,0,867,2026-04-19 19:22:14
"fresh banana, fresh cucumber, fresh tomato",16,58.4,0,862,2026-04-19 19:22:46
"fresh banana, fresh cucumber, fresh tomato",16,58.1,0,875,2026-04-19 19:23:17
"fresh banana, fresh cucumber, fresh tomato",15.9,58.2,0,879,2026-04-19 19:23:48
"fresh banana, fresh cucumber, fresh tomato",15.9,57.8,0,880,2026-04-19 19:24:19
"fresh banana, fresh cucumber, fresh tomato",15.8,58.1,0,848,2026-04-19 19:24:49
"fresh banana, fresh cucumber, fresh tomato",15.8,58,0,867,2026-04-19 19:25:20
"fresh banana, fresh cucumber, fresh tomato",15.8,57.9,0,846,2026-04-19 19:25:50
"fresh banana, fresh cucumber, fresh tomato",15.8,57.9,0,878,2026-04-19 19:26:21
"fresh banana, fresh cucumber, fresh tomato",15.8,58.5,0,876,2026-04-19 19:26:52
"fresh banana, fresh cucumber, fresh tomato",15.7,57.6,0,855,2026-04-19 19:27:22
"fresh banana, fresh cucumber, fresh tomato",15.7,58.2,0,865,2026-04-19 19:27:53
"fresh banana, fresh cucumber, fresh tomato",15.7,58.1,0,848,2026-04-19 19:28:24
"fresh banana, fresh cucumber, fresh tomato",15.7,57.9,0,864,2026-04-19 19:28:54
"fresh banana, fresh cucumber, fresh tomato",15.7,57.6,0,858,2026-04-19 19:29:25
"fresh banana, fresh cucumber, fresh tomato",15.6,57.7,0,845,2026-04-19 19:29:56
"fresh banana, fresh cucumber, fresh tomato",15.6,57.3,0,823,2026-04-19 19:30:26
"fresh banana, fresh cucumber, fresh tomato",15.6,57.3,0,847,2026-04-19 19:30:57
"fresh banana, fresh cucumber, fresh tomato",15.5,57.7,0,843,2026-04-19 19:31:27
"fresh banana, fresh cucumber, fresh tomato",15.5,57.3,0,844,2026-04-19 19:31:58
"fresh banana, fresh cucumber, fresh tomato",15.5,57.1,0,850,2026-04-19 19:32:29
"fresh banana, fresh cucumber, fresh tomato",15.5,57.3,0,851,2026-04-19 19:32:59
"fresh banana, fresh cucumber, fresh tomato",15.4,57.9,0,856,2026-04-19 19:33:30
"fresh banana, fresh cucumber, fresh tomato",15.4,57.2,0,849,2026-04-19 19:34:01
"fresh banana, fresh cucumber, fresh tomato",15.4,57.3,0,838,2026-04-19 19:34:31
"fresh banana, fresh cucumber, fresh tomato",15.4,57.1,0,837,2026-04-19 19:35:02
"fresh banana, fresh cucumber, fresh tomato",15.4,57.1,0,828,2026-04-19 19:35:33
"fresh banana, fresh cucumber, fresh tomato",15.4,57.2,0,849,2026-04-19 19:36:03
"fresh banana, fresh cucumber, fresh tomato",15.3,57,0,848,2026-04-19 19:36:34
"fresh banana, fresh cucumber, fresh tomato",15.3,56.9,0,844,2026-04-19 19:37:05
"fresh banana, fresh cucumber, fresh tomato",15.2,56.4,0,848,2026-04-19 19:37:35
"fresh banana, fresh cucumber, fresh tomato",15.2,56.7,0,832,2026-04-19 19:38:06
"fresh banana, fresh cucumber, fresh tomato",15.2,57.4,0,850,2026-04-19 19:38:38
"fresh banana, fresh cucumber, fresh tomato",15.2,56.8,0,839,2026-04-19 19:39:08
"fresh banana, fresh cucumber, fresh tomato",15.1,56.8,0,833,2026-04-19 19:39:39
"fresh banana, fresh cucumber, fresh tomato",15.1,56.3,0,818,2026-04-19 19:40:10
"fresh banana, fresh cucumber, fresh tomato",15.1,56.9,0,844,2026-04-19 19:40:41
"fresh banana, fresh cucumber, fresh tomato",15.1,56.9,0,851,2026-04-19 19:41:11
"fresh banana, fresh cucumber, fresh tomato",15.1,57.1,0,855,2026-04-19 19:41:42
"fresh banana, fresh cucumber, fresh tomato",15.1,57.2,0,831,2026-04-19 19:42:13
"fresh banana, fresh cucumber, fresh tomato",15,57.8,0,859,2026-04-19 19:42:44
"fresh banana, fresh cucumber, fresh tomato",15,58.4,0,855,2026-04-19 19:43:15
"fresh banana, fresh cucumber, fresh tomato",15,58.9,0,864,2026-04-19 19:43:45
"fresh banana, fresh cucumber, fresh tomato",15,59,0,850,2026-04-19 19:44:16
"fresh banana, fresh cucumber, fresh tomato",15,59,0,851,2026-04-19 19:44:47
"fresh banana, fresh cucumber, fresh tomato",15,60,0,869,2026-04-19 19:45:18
"fresh banana, fresh cucumber, fresh tomato",15,60.4,0,880,2026-04-19 19:45:48
"fresh banana, fresh cucumber, fresh tomato",15,60.8,0,893,2026-04-19 19:46:19
"fresh banana, fresh cucumber, fresh tomato",15,61.1,0,879,2026-04-19 19:46:49
"fresh banana, fresh cucumber, fresh tomato",15,61.5,0,880,2026-04-19 19:47:20
"fresh banana, fresh cucumber, fresh tomato",15,62.1,0,885,2026-04-19 19:47:51
"fresh banana, fresh cucumber, fresh tomato",15,62.8,0,895,2026-04-19 19:48:21
"fresh banana, fresh cucumber, fresh tomato",15,63,0,916,2026-04-19 19:48:52
"fresh banana, fresh cucumber, fresh tomato",15,63,0,909,2026-04-19 19:49:23
"fresh banana, fresh cucumber, fresh tomato",15,63.5,0,921,2026-04-19 19:49:53
"fresh banana, fresh cucumber, fresh tomato",15,63.9,0,939,2026-04-19 19:50:24
"fresh banana, fresh cucumber, fresh tomato",15,64.2,0,950,2026-04-19 19:50:54
"fresh banana, fresh cucumber, fresh tomato",15,64.5,0,945,2026-04-19 19:51:25
"fresh banana, fresh cucumber, fresh tomato",15,64.8,0,963,2026-04-19 19:51:56
"fresh banana, fresh cucumber, fresh tomato",15,64.9,0,987,2026-04-19 19:52:27
"fresh banana, fresh cucumber, fresh tomato",15,65.2,0,991,2026-04-19 19:52:58
"fresh banana, fresh cucumber, fresh tomato",15.1,65.9,0,994,2026-04-19 19:53:28
"fresh banana, fresh cucumber, fresh tomato",15.1,65.4,0,1008,2026-04-19 19:53:59
"fresh banana, fresh cucumber, fresh tomato",15.1,65.8,0,1017,2026-04-19 19:54:30
"fresh banana, fresh cucumber, fresh tomato",15.1,66.2,0,1013,2026-04-19 19:55:01
"fresh banana, fresh cucumber, fresh tomato",15.1,66,0,990,2026-04-19 19:55:31