Fruit,Temp(Celcius),Humidity(%),MQ135,MQ3,Time
 spoiled and fresh,16.2,66.6,0,1188,4/6/2026 13:26
 spoiled and fresh,16.2,67.8,0,1217,4/6/2026 13:28
 spoiled and fresh,16.2,68.2,0,1157,4/6/2026 13:30
 spoiled and fresh,16.3,67.3,0,1309,4/6/2026 13:45
 spoiled and fresh,16.3,67.5,0,1337,4/6/2026 13:51
 spoiled and fresh,16.4,69.7,0,1296,4/6/2026 14:01
 spoiled and fresh,16.8,71.4,0,1015,4/6/2026 14:11
 spoiled and fresh,16.7,64,0,1088,4/6/2026 14:21
 spoiled and fresh,16.2,59.8,0,1298,4/6/2026 14:32
 spoiled and fresh,16.2,76.5,0,1139,4/6/2026 14:42
 spoiled and fresh,15.4,63,0,1485,4/6/2026 14:52
 spoiled and fresh,14.7,59,0,1118,4/6/2026 15:02
 spoiled and fresh,13.9,57.3,0,1136,4/6/2026 15:12
 spoiled and fresh,13.7,63.5,0,1217,4/6/2026 15:22
 spoiled and fresh,22.9,99.9,0,912,4/6/2026 15:32
 spoiled and fresh,27.3,74.2,0,1831,4/6/2026 15:40
 spoiled and fresh,27.5,74.3,18,1805,4/6/2026 15:41
 spoiled and fresh,27.6,73.8,1,1893,4/6/2026 15:41
 spoiled and fresh,27.8,73.3,0,1907,4/6/2026 15:42
 spoiled and fresh,27.9,73.2,0,1904,4/6/2026 15:42
 spoiled and fresh,27.9,73,0,1878,4/6/2026 15:43
 spoiled and fresh,28,72.8,13,1913,4/6/2026 15:43
 spoiled and fresh,28.1,72.4,0,1936,4/6/2026 15:44
 spoiled and fresh,28.2,71.9,22,2018,4/6/2026 15:44
 spoiled and fresh,28.3,71.6,3,2022,4/6/2026 15:45
 spoiled and fresh,28.4,71.4,13,2055,4/6/2026 15:45
 spoiled and fresh,28.5,71,0,2118,4/6/2026 15:46
 spoiled and fresh,28.5,70.9,0,2076,4/6/2026 15:46
 spoiled and fresh,28.6,70.5,1,2107,4/6/2026 15:47
 spoiled and fresh,28.7,70.4,0,2145,4/6/2026 15:47
 spoiled and fresh,28.8,70.1,4,2170,4/6/2026 15:48
 spoiled and fresh,28.8,69.9,0,2239,4/6/2026 15:48
 spoiled and fresh,28.9,69.9,11,2191,4/6/2026 15:49
 spoiled and fresh,28.9,69.7,0,2204,4/6/2026 15:49
 spoiled and fresh,29,69.5,0,2247,4/6/2026 15:50
 spoiled and fresh,29,69.5,0,2206,4/6/2026 15:50
 spoiled and fresh,29,69.4,0,2192,4/6/2026 15:51
 spoiled and fresh,29.1,69.4,0,2231,4/6/2026 15:51
 spoiled and fresh,29.2,69.2,0,2288,4/6/2026 15:52
 spoiled and fresh,29.3,69.1,14,2375,4/6/2026 15:52
 spoiled and fresh,29.3,69.2,23,2343,4/6/2026 15:53
 spoiled and fresh,29.3,69,35,2374,4/6/2026 15:53
 spoiled and fresh,29.4,68.9,17,2339,4/6/2026 15:54
 spoiled and fresh,29.4,69,0,2378,4/6/2026 15:54
 spoiled and fresh,29.5,68.8,0,2355,4/6/2026 15:55
 spoiled and fresh,29.5,68.7,31,2373,4/6/2026 15:55
 spoiled and fresh,29.6,68.5,9,2386,4/6/2026 15:56
 spoiled and fresh,29.6,68.5,0,2400,4/6/2026 15:56
 spoiled and fresh,29.7,68.4,0,2431,4/6/2026 15:57
 spoiled and fresh,29.7,68.6,0,2432,4/6/2026 15:57
 spoiled and fresh,29.8,68.5,26,2368,4/6/2026 15:58
 spoiled and fresh,29.8,68.5,10,2400,4/6/2026 15:58
 spoiled and fresh,29.8,68.4,0,2412,4/6/2026 15:59
 spoiled and fresh,29.8,68.3,37,2455,4/6/2026 15:59
 spoiled and fresh,29.9,68.3,0,2449,4/6/2026 16:00
 spoiled and fresh,29.9,68.4,5,2455,4/6/2026 16:00
 spoiled and fresh,29.9,68.2,0,2481,4/6/2026 16:01
 spoiled and fresh,30,68.2,0,2502,4/6/2026 16:01
 spoiled and fresh,30,68.1,6,2458,4/6/2026 16:02
 spoiled and fresh,30.1,68.5,6,2464,4/6/2026 16:02
 spoiled and fresh,30.1,68.5,9,2511,4/6/2026 16:03
 spoiled and fresh,30.1,68.5,46,2510,4/6/2026 16:03
 spoiled and fresh,30.1,68.5,14,2511,4/6/2026 16:04
 spoiled and fresh,30.2,68.4,16,2547,4/6/2026 16:04
 spoiled and fresh,30.2,68.3,27,2539,4/6/2026 16:05
 spoiled and fresh,30.3,68.1,35,2557,4/6/2026 16:05
 spoiled and fresh,30.2,68.2,17,2559,4/6/2026 16:06
 spoiled and fresh,30.3,68,27,2610,4/6/2026 16:06
 spoiled and fresh,30.3,68.2,0,2605,4/6/2026 16:07
 spoiled and fresh,30.4,68,0,2597,4/6/2026 16:08
 spoiled and fresh,30.4,68,0,2559,4/6/2026 16:08
 spoiled and fresh,30.4,68.1,28,2602,4/6/2026 16:09
 spoiled and fresh,30.4,68,0,2614,4/6/2026 16:09
 spoiled and fresh,30.5,68.1,28,2630,4/6/2026 16:10
 spoiled and fresh,30.5,68.1,9,2661,4/6/2026 16:10
 spoiled and fresh,30.5,68.3,3,2745,4/6/2026 16:11
 spoiled and fresh,30.6,68.2,16,1999,4/6/2026 16:11
 spoiled and fresh,30.7,70.2,0,1373,4/6/2026 16:12
 spoiled and fresh,30.8,69.7,0,1153,4/6/2026 16:12
 spoiled and fresh,30.8,68.4,0,897,4/6/2026 16:13
 spoiled and fresh,30.9,69.3,0,765,4/6/2026 16:13
 spoiled and fresh,31,66.9,0,851,4/6/2026 16:14
 spoiled and fresh,31,68.4,0,1233,4/6/2026 16:14
 spoiled and fresh,31,69.7,0,1529,4/6/2026 16:15
 spoiled and fresh,31.1,70.2,0,1714,4/6/2026 16:15
 spoiled and fresh,31.1,70.9,17,1838,4/6/2026 16:16
 spoiled and fresh,31.1,71.3,42,1882,4/6/2026 16:16
 spoiled and fresh,31.2,71.7,0,2007,4/6/2026 16:17
 spoiled and fresh,31.2,71.9,17,2075,4/6/2026 16:17
 spoiled and fresh,31.2,67.7,3,1205,4/6/2026 16:18
 spoiled and fresh,31.3,67.1,0,860,4/6/2026 16:18
 spoiled and fresh,31.3,67.7,0,689,4/6/2026 16:19
 spoiled and fresh,31.3,68.8,0,585,4/6/2026 16:19
 spoiled and fresh,31.4,69.1,0,550,4/6/2026 16:20
 spoiled and fresh,31.4,68.5,0,661,4/6/2026 16:20
 spoiled and fresh,31.4,70.2,0,1186,4/6/2026 16:21
 spoiled and fresh,31.5,71.4,0,1437,4/6/2026 16:21
 spoiled and fresh,31.6,72.2,22,1632,4/6/2026 16:22
 spoiled and fresh,31.6,72.4,30,1842,4/6/2026 16:22
 spoiled and fresh,31.7,68.6,0,1808,4/6/2026 16:23
 spoiled and fresh,31.7,67.7,0,1058,4/6/2026 16:23
 spoiled and fresh,31.7,69.8,3,1219,4/6/2026 16:24
 spoiled and fresh,31.7,71.4,0,1623,4/6/2026 16:24
 spoiled and fresh,31.8,71.6,4,1776,4/6/2026 16:25
 spoiled and fresh,31.9,71.8,12,1906,4/6/2026 16:25
 spoiled and fresh,31.9,71.9,20,2070,4/6/2026 16:26
 spoiled and fresh,32,71.8,35,2080,4/6/2026 16:26
 spoiled and fresh,32.1,71.7,0,2155,4/6/2026 16:27
 spoiled and fresh,32.2,69.1,0,1803,4/6/2026 16:27
 spoiled and fresh,32.2,70.8,8,2032,4/6/2026 16:28
 spoiled and fresh,32.3,71.2,14,2159,4/6/2026 16:28
 spoiled and fresh,32.1,69.4,0,1712,4/6/2026 16:30
 spoiled and fresh,32.1,70.1,0,1859,4/6/2026 16:31
 spoiled and fresh,32.1,70.4,0,1945,4/6/2026 16:31
 spoiled and fresh,32.1,68.1,0,1743,4/6/2026 16:32
 spoiled and fresh,32.2,67.4,0,1517,4/6/2026 16:33
 spoiled and fresh,32.1,63,0,1270,4/6/2026 16:33
 spoiled and fresh,32.1,66.2,0,1167,4/6/2026 16:34
 spoiled and fresh,32.1,67.7,0,1622,4/6/2026 16:34
 spoiled and fresh,32.1,68.5,0,1828,4/6/2026 16:35
 spoiled and fresh,32.1,68.8,0,1952,4/6/2026 16:35
 spoiled and fresh,32.2,69,0,1948,4/6/2026 16:36
 spoiled and fresh,32.2,67.6,0,1973,4/6/2026 16:36
 spoiled and fresh,32.2,67.1,32,1821,4/6/2026 16:37
 spoiled and fresh,32.2,67.8,18,1826,4/6/2026 16:38
 spoiled and fresh,32.2,67.3,0,1698,4/6/2026 16:38
 spoiled and fresh,32.3,68.1,0,1775,4/6/2026 16:39
 spoiled and fresh,32.3,67.2,0,1831,4/6/2026 16:39
 spoiled and fresh,32.3,67.9,29,1987,4/6/2026 16:40
 spoiled and fresh,32.3,67.9,0,1967,4/6/2026 16:40
 spoiled and fresh,32.3,68.2,38,2092,4/6/2026 16:41
 spoiled and fresh,32.3,67.8,35,2093,4/6/2026 16:41
 spoiled and fresh,32.3,68.3,18,2077,4/6/2026 16:42
 spoiled and fresh,32.3,67.6,30,2016,4/6/2026 16:42
 spoiled and fresh,32.3,67.9,2,2079,4/6/2026 16:43
 spoiled and fresh,32.2,68.6,0,2026,4/6/2026 16:43
 spoiled and fresh,32.2,67.5,17,1988,4/6/2026 16:44
 spoiled and fresh,32.3,69.1,27,2057,4/6/2026 16:44
 spoiled and fresh,32.3,69.4,1,2157,4/6/2026 16:45
 spoiled and fresh,32.3,69.3,0,1938,4/6/2026 16:45
 spoiled and fresh,32.3,68.1,0,1781,4/6/2026 16:46
 spoiled and fresh,32.4,68.8,30,2059,4/6/2026 16:46
 spoiled and fresh,32.4,69.6,4,2195,4/6/2026 16:47
 spoiled and fresh,32.4,69.9,17,2285,4/6/2026 16:48
 spoiled and fresh,32.3,59.6,0,1360,4/6/2026 16:48
 spoiled and fresh,32.1,64,0,1216,4/6/2026 16:49
 spoiled and fresh,32.1,66,0,1360,4/6/2026 16:49
 spoiled and fresh,32,66.3,0,1326,4/6/2026 16:50
 spoiled and fresh,32.1,67.3,0,1454,4/6/2026 16:51
 spoiled and fresh,32.1,67.7,37,1443,4/6/2026 16:51
 spoiled and fresh,32.1,67.3,0,1563,4/6/2026 16:52
 spoiled and fresh,32.1,68.8,0,1801,4/6/2026 16:52
 spoiled and fresh,32.1,68.2,0,1727,4/6/2026 16:53
 spoiled and fresh,32.1,66.7,31,1585,4/6/2026 16:53
 spoiled and fresh,32.1,68.1,0,1775,4/6/2026 16:54
 spoiled and fresh,32.1,66.8,0,1648,4/6/2026 16:54
 spoiled and fresh,32,67,14,1679,4/6/2026 16:55
 spoiled and fresh,32,67.7,26,1635,4/6/2026 16:55
 spoiled and fresh,32.1,66.1,7,1687,4/6/2026 16:56
 spoiled and fresh,32,65.9,29,1497,4/6/2026 16:56
 spoiled and fresh,32,68.1,0,1778,4/6/2026 16:57
 spoiled and fresh,32.1,68,7,1824,4/6/2026 16:57
 spoiled and fresh,32,67.4,25,1735,4/6/2026 16:58
 spoiled and fresh,32,65.1,0,1535,4/6/2026 16:58
 spoiled and fresh,32,66.9,0,1582,4/6/2026 16:59
 spoiled and fresh,32,67.1,0,1667,4/6/2026 16:59
 spoiled and fresh,32,68.9,0,1865,4/6/2026 17:00
 spoiled and fresh,32,67.3,9,1611,4/6/2026 17:00
 spoiled and fresh,31.9,67.1,22,1659,4/6/2026 17:01
 spoiled and fresh,32,66.5,3,1745,4/6/2026 17:01
 spoiled and fresh,31.8,61.3,0,1255,4/6/2026 17:02
 spoiled and fresh,31.8,66.7,3,1493,4/6/2026 17:02
 spoiled and fresh,31.7,68.5,0,1699,4/6/2026 17:03
 spoiled and fresh,31.7,67.7,24,1616,4/6/2026 17:03
 spoiled and fresh,31.7,67.7,0,1616,4/6/2026 17:04
 spoiled and fresh,31.7,68.6,25,1947,4/6/2026 17:05
 spoiled and fresh,31.7,68.2,0,1895,4/6/2026 17:05
 spoiled and fresh,31.8,68.1,14,1808,4/6/2026 17:06
 spoiled and fresh,31.7,66.9,0,2233,4/6/2026 17:06
 spoiled and fresh,31.7,64.4,0,2099,4/6/2026 17:07
 spoiled and fresh,31.6,65.1,0,2258,4/6/2026 17:07
 spoiled and fresh,31.5,63.8,24,2027,4/6/2026 17:08
 spoiled and fresh,31.5,64.7,2,2167,4/6/2026 17:08
 spoiled and fresh,31.4,64.6,0,2156,4/6/2026 17:09
 spoiled and fresh,31.4,64.3,41,1935,4/6/2026 17:09
 spoiled and fresh,31.4,64.2,27,2014,4/6/2026 17:10
 spoiled and fresh,31.4,64,0,1976,4/6/2026 17:10
 spoiled and fresh,31.3,63.9,0,1825,4/6/2026 17:11
 spoiled and fresh,31.3,64.2,11,1950,4/6/2026 17:11
 spoiled and fresh,31.3,65.3,0,2086,4/6/2026 17:12
 spoiled and fresh,31.3,65.3,0,2132,4/6/2026 17:12
 spoiled and fresh,31.3,64.4,17,2042,4/6/2026 17:13
 spoiled and fresh,31.3,64.4,0,1951,4/6/2026 17:13
 spoiled and fresh,31.3,63.9,0,1895,4/6/2026 17:14
 spoiled and fresh,31.2,63.9,22,1904,4/6/2026 17:14
 spoiled and fresh,31.2,64.1,29,1897,4/6/2026 17:15
 spoiled and fresh,31.2,65.4,16,2100,4/6/2026 17:15
 spoiled and fresh,31.2,64.8,0,2069,4/6/2026 17:16
 spoiled and fresh,31.2,63.5,0,1936,4/6/2026 17:16
 spoiled and fresh,31.2,64.2,14,1940,4/6/2026 17:17
 spoiled and fresh,31.2,63.8,0,1743,4/6/2026 17:18
 spoiled and fresh,31.2,63.3,0,1776,4/6/2026 17:18
 spoiled and fresh,31.2,63.7,0,1762,4/6/2026 17:19
 spoiled and fresh,31.2,63.8,0,1776,4/6/2026 17:19
 spoiled and fresh,31.1,65.3,0,2034,4/6/2026 17:20
 spoiled and fresh,31.2,69,0,2497,4/6/2026 17:20
 spoiled and fresh,31.2,70.3,0,2672,4/6/2026 17:21
 spoiled and fresh,31.3,70.7,20,2798,4/6/2026 17:21
 spoiled and fresh,31.4,70.9,38,2827,4/6/2026 17:22
 spoiled and fresh,31.5,71.2,0,2953,4/6/2026 17:22
 spoiled and fresh,31.5,71,47,2999,4/6/2026 17:23
 spoiled and fresh,31.6,71.2,0,3070,4/6/2026 17:23
 spoiled and fresh,31.7,71.4,47,3100,4/6/2026 17:24
 spoiled and fresh,31.8,71.1,0,3047,4/6/2026 17:24
 spoiled and fresh,31.8,71.3,51,3125,4/6/2026 17:25
 spoiled and fresh,31.9,71.2,50,3093,4/6/2026 17:25
 spoiled and fresh,31.9,65.3,0,2384,4/6/2026 17:26
 spoiled and fresh,32.1,74.6,0,334,4/6/2026 17:32
 spoiled and fresh,32.1,66.2,0,1201,4/6/2026 17:33
 spoiled and fresh,31.7,63.2,0,919,4/6/2026 17:33
 spoiled and fresh,31.3,62.3,0,758,4/6/2026 17:34
 spoiled and fresh,30.8,64.8,0,671,4/6/2026 17:34
 spoiled and fresh,30.2,62.1,0,563,4/6/2026 17:35
 spoiled and fresh,29.8,61.3,0,541,4/6/2026 17:35
 spoiled and fresh,29.3,67.4,0,661,4/6/2026 17:36
 spoiled and fresh,29,65.6,0,674,4/6/2026 17:36
 spoiled and fresh,28.7,63.4,0,593,4/6/2026 17:37
 spoiled and fresh,28.4,62.4,0,589,4/6/2026 17:38
 spoiled and fresh,28.2,62.9,0,666,4/6/2026 17:38
 spoiled and fresh,27.9,63.6,0,746,4/6/2026 17:39
 spoiled and fresh,27.7,64.1,0,844,4/6/2026 17:39
 spoiled and fresh,27.5,63.9,0,947,4/6/2026 17:40
 spoiled and fresh,27.2,64,0,928,4/6/2026 17:40
 spoiled and fresh,27,64.8,0,1002,4/6/2026 17:41
 spoiled and fresh,26.8,65.4,0,992,4/6/2026 17:41
 spoiled and fresh,26.6,66.6,0,944,4/6/2026 17:42
 spoiled and fresh,26.4,65.7,0,1040,4/6/2026 17:42
 spoiled and fresh,26.3,66.3,0,983,4/6/2026 17:43
 spoiled and fresh,26.2,67.5,0,1004,4/6/2026 17:43
 spoiled and fresh,26,67.6,0,1007,4/6/2026 17:44
 spoiled and fresh,25.9,68.1,0,939,4/6/2026 17:44
 spoiled and fresh,25.8,68.2,0,950,4/6/2026 17:45
 spoiled and fresh,25.6,69.1,0,952,4/6/2026 17:45
 spoiled and fresh,25.5,69.1,0,976,4/6/2026 17:46
 spoiled and fresh,25.4,69.3,0,901,4/6/2026 17:46
 spoiled and fresh,25.3,70.2,0,883,4/6/2026 17:47
 spoiled and fresh,25.2,70.6,0,867,4/6/2026 17:47
 spoiled and fresh,25.1,69.9,0,823,4/6/2026 17:48
 spoiled and fresh,25,71,0,781,4/6/2026 17:48
 spoiled and fresh,25,74.5,0,810,4/6/2026 17:49
 spoiled and fresh,24.9,75.3,0,889,4/6/2026 17:49
 spoiled and fresh,24.9,74.2,0,727,4/6/2026 17:50
 spoiled and fresh,24.8,72,0,683,4/6/2026 17:50
 spoiled and fresh,24.7,69.7,0,707,4/6/2026 17:51
 spoiled and fresh,24.7,68.6,0,713,4/6/2026 17:51
 spoiled and fresh,24.6,70.7,0,675,4/6/2026 17:52
 spoiled and fresh,24.4,69.9,0,665,4/6/2026 17:52
 spoiled and fresh,24.4,69.9,0,686,4/6/2026 17:53
 spoiled and fresh,24.3,68.9,0,715,4/6/2026 17:53
 spoiled and fresh,24.2,70.6,0,791,4/6/2026 17:54
 spoiled and fresh,24.1,69.7,0,928,4/6/2026 17:54
 spoiled and fresh,24.1,68.7,0,932,4/6/2026 17:55
 spoiled and fresh,24,70.9,0,991,4/6/2026 17:55
 spoiled and fresh,23.9,69.7,0,1041,4/6/2026 17:56
 spoiled and fresh,23.8,69.3,0,1011,4/6/2026 17:56
 spoiled and fresh,23.8,69.5,0,1274,4/6/2026 17:57
 spoiled and fresh,23.7,68.4,0,1249,4/6/2026 17:57
 spoiled and fresh,23.6,67.7,0,1364,4/6/2026 17:58
 spoiled and fresh,23.5,66.9,0,1356,4/6/2026 17:58
 spoiled and fresh,23.5,68.2,0,1421,4/6/2026 17:59
 spoiled and fresh,23.4,67.5,0,1358,4/6/2026 17:59
 spoiled and fresh,23.3,65.6,0,1312,4/6/2026 18:00
 spoiled and fresh,23.2,65.1,0,1262,4/6/2026 18:00
 spoiled and fresh,23.2,65.4,0,1242,4/6/2026 18:01
 spoiled and fresh,23.1,65.6,0,1280,4/6/2026 18:01
 spoiled and fresh,23.1,65.2,0,1286,4/6/2026 18:02
 spoiled and fresh,23,64.7,0,1215,4/6/2026 18:02
 spoiled and fresh,23,65.2,0,1348,4/6/2026 18:03
 spoiled and fresh,22.9,64.5,0,1246,4/6/2026 18:04
 spoiled and fresh,22.8,64.3,0,1264,4/6/2026 18:04
 spoiled and fresh,22.8,63.5,0,1168,4/6/2026 18:05
 spoiled and fresh,22.7,64.3,0,1155,4/6/2026 18:05
 spoiled and fresh,22.7,64.1,0,1146,4/6/2026 18:06
 spoiled and fresh,22.6,64.8,0,1185,4/6/2026 18:06
 spoiled and fresh,22.5,64.3,0,1115,4/6/2026 18:07
 spoiled and fresh,22.5,63.6,0,1150,4/6/2026 18:07
 spoiled and fresh,22.4,63.7,0,1131,4/6/2026 18:08
 spoiled and fresh,22.4,63.4,0,1191,4/6/2026 18:08
 spoiled and fresh,22.3,62.8,0,1164,4/6/2026 18:09
 spoiled and fresh,22.3,63,0,1191,4/6/2026 18:09
 spoiled and fresh,22.2,63.4,0,1168,4/6/2026 18:10
 spoiled and fresh,22.2,62.5,0,1157,4/6/2026 18:10
 spoiled and fresh,22.2,63.4,0,1159,4/6/2026 18:11
 spoiled and fresh,22.1,62.7,0,1139,4/6/2026 18:11
 spoiled and fresh,22,62.7,0,1174,4/6/2026 18:12
 spoiled and fresh,22,62.2,0,1203,4/6/2026 18:12
 spoiled and fresh,21.9,63.1,0,1157,4/6/2026 18:13
 spoiled and fresh,21.8,62.6,0,1174,4/6/2026 18:13
 spoiled and fresh,21.8,62.2,0,1220,4/6/2026 18:14
 spoiled and fresh,21.8,62.3,0,1262,4/6/2026 18:14
 spoiled and fresh,21.7,62.2,0,1208,4/6/2026 18:15
 spoiled and fresh,21.6,62.6,0,1204,4/6/2026 18:15
 spoiled and fresh,21.6,62.4,0,1232,4/6/2026 18:16
 spoiled and fresh,21.5,62.1,0,1210,4/6/2026 18:16
 spoiled and fresh,21.5,61.7,0,1218,4/6/2026 18:17
 spoiled and fresh,21.4,60.9,0,1206,4/6/2026 18:17
 spoiled and fresh,21.3,60.9,0,1240,4/6/2026 18:18
 spoiled and fresh,21.3,61.1,0,1209,4/6/2026 18:18
 spoiled and fresh,21.3,61.2,0,1234,4/6/2026 18:19
 spoiled and fresh,21.2,60.4,0,1211,4/6/2026 18:19
 spoiled and fresh,21.1,60.8,0,1191,4/6/2026 18:20
 spoiled and fresh,21.1,61,0,1165,4/6/2026 18:20
 spoiled and fresh,21,60.1,0,1186,4/6/2026 18:21
 spoiled and fresh,21,60.3,0,1235,4/6/2026 18:21
 spoiled and fresh,21,60.7,0,1202,4/6/2026 18:22
 spoiled and fresh,20.9,60.2,0,1214,4/6/2026 18:22
 spoiled and fresh,20.8,60,0,1249,4/6/2026 18:23
 spoiled and fresh,20.8,60,0,1223,4/6/2026 18:23
 spoiled and fresh,20.7,59,0,1232,4/6/2026 18:24
 spoiled and fresh,20.7,60.2,0,1213,4/6/2026 18:24
 spoiled and fresh,20.6,60.4,0,1162,4/6/2026 18:25
 spoiled and fresh,20.6,59.5,0,1227,4/6/2026 18:25
 spoiled and fresh,20.5,59.7,0,1284,4/6/2026 18:26
 spoiled and fresh,20.5,59.3,0,1219,4/6/2026 18:26
 spoiled and fresh,20.5,59.1,0,1227,4/6/2026 18:27
 spoiled and fresh,20.4,58.8,0,1201,4/6/2026 18:27
 spoiled and fresh,20.4,58.7,0,1269,4/6/2026 18:28
 spoiled and fresh,20.3,58.6,0,1227,4/6/2026 18:28
 spoiled and fresh,20.3,59.4,0,1249,4/6/2026 18:29
 spoiled and fresh,20.2,59.3,0,1226,4/6/2026 18:29
 spoiled and fresh,20.2,58.8,0,1226,4/6/2026 18:30
 spoiled and fresh,20.1,58.6,0,1274,4/6/2026 18:30
 spoiled and fresh,20.1,59.5,0,1242,4/6/2026 18:31
 spoiled and fresh,20,58.8,0,1280,4/6/2026 18:31
 spoiled and fresh,20,57.9,0,1175,4/6/2026 18:32
 spoiled and fresh,19.9,58.2,0,1217,4/6/2026 18:32
 spoiled and fresh,19.9,58.3,0,1204,4/6/2026 18:33
 spoiled and fresh,19.8,58,0,1242,4/6/2026 18:33
 spoiled and fresh,19.8,57.8,0,1219,4/6/2026 18:34
 spoiled and fresh,19.7,57.4,0,1208,4/6/2026 18:34
 spoiled and fresh,19.7,58,0,1247,4/6/2026 18:35
 spoiled and fresh,19.7,57.3,0,1216,4/6/2026 18:35
 spoiled and fresh,19.6,57.2,0,1264,4/6/2026 18:36
 spoiled and fresh,19.6,58.2,0,1203,4/6/2026 18:36
 spoiled and fresh,19.5,57.5,0,1219,4/6/2026 18:37
 spoiled and fresh,19.5,56.7,0,1199,4/6/2026 18:37
 spoiled and fresh,19.4,57.4,0,1214,4/6/2026 18:38
 spoiled and fresh,19.4,56.5,0,1262,4/6/2026 18:38
 spoiled and fresh,19.3,56.9,0,1225,4/6/2026 18:39
 spoiled and fresh,19.3,57.1,0,1277,4/6/2026 18:39
 spoiled and fresh,19.3,57.1,0,1232,4/6/2026 18:40
 spoiled and fresh,19.2,56.4,0,1199,4/6/2026 18:40
 spoiled and fresh,19.2,56.1,0,1195,4/6/2026 18:41
 spoiled and fresh,19.1,56.3,0,1210,4/6/2026 18:41
 spoiled and fresh,19.1,55.6,0,1205,4/6/2026 18:42
 spoiled and fresh,19,55.3,0,1192,4/6/2026 18:42
 spoiled and fresh,19,55,0,1255,4/6/2026 18:43
 spoiled and fresh,18.9,55.5,0,1205,4/6/2026 18:43
 spoiled and fresh,18.9,55.8,0,1210,4/6/2026 18:44
 spoiled and fresh,18.8,54.7,0,1223,4/6/2026 18:44
 spoiled and fresh,18.8,55.3,0,1221,4/6/2026 18:45
 spoiled and fresh,18.7,56.1,0,1230,4/6/2026 18:45
 spoiled and fresh,18.7,55.3,0,1234,4/6/2026 18:46
 spoiled and fresh,18.6,55.7,0,1264,4/6/2026 18:46
 spoiled and fresh,18.6,55.3,0,1241,4/6/2026 18:47
 spoiled and fresh,18.6,55.5,0,1249,4/6/2026 18:47
 spoiled and fresh,18.5,55.6,0,1209,4/6/2026 18:48
 spoiled and fresh,18.5,55.4,0,1261,4/6/2026 18:48
 spoiled and fresh,18.5,55.8,0,1221,4/6/2026 18:49
 spoiled and fresh,18.4,55.6,0,1233,4/6/2026 18:50
 spoiled and fresh,18.4,55.2,0,1249,4/6/2026 18:50
 spoiled and fresh,18.3,55.8,0,1270,4/6/2026 18:51
 spoiled and fresh,18.3,55.4,0,1250,4/6/2026 18:51
 spoiled and fresh,18.2,54.8,0,1229,4/6/2026 18:52
 spoiled and fresh,18.2,55,0,1207,4/6/2026 18:52
 spoiled and fresh,18.2,54,0,1206,4/6/2026 18:53
 spoiled and fresh,18.1,54.2,0,1223,4/6/2026 18:53
 spoiled and fresh,18,53.4,0,1227,4/6/2026 18:54
 spoiled and fresh,17.9,54.4,0,1213,4/6/2026 18:54
 spoiled and fresh,17.8,54.3,0,1226,4/6/2026 18:55
 spoiled and fresh,17.8,54.4,0,1218,4/6/2026 18:55
 spoiled and fresh,17.8,54.2,0,1235,4/6/2026 18:56
 spoiled and fresh,17.7,53.3,0,1193,4/6/2026 18:56
 spoiled and fresh,17.7,54.1,0,1191,4/6/2026 18:57
 spoiled and fresh,17.6,53.9,0,1238,4/6/2026 18:57
 spoiled and fresh,17.6,53.7,0,1222,4/6/2026 18:58
 spoiled and fresh,17.5,53.9,0,1199,4/6/2026 18:58
 spoiled and fresh,17.5,53.4,0,1152,4/6/2026 18:59
 spoiled and fresh,17.5,53,0,1198,4/6/2026 18:59
 spoiled and fresh,17.4,54,0,1173,4/6/2026 19:00
 spoiled and fresh,17.4,53.2,0,1192,4/6/2026 19:00
 spoiled and fresh,17.3,53.6,0,1179,4/6/2026 19:01
 spoiled and fresh,17.3,53.1,0,1270,4/6/2026 19:01
 spoiled and fresh,17.3,53.6,0,1222,4/6/2026 19:02
 spoiled and fresh,17.2,54.5,0,1217,4/6/2026 19:02
 spoiled and fresh,17.2,55,0,1209,4/6/2026 19:03
 spoiled and fresh,17.2,72.7,0,1230,4/6/2026 19:03
 spoiled and fresh,17.3,79.4,0,1103,4/6/2026 19:04
all fresh ,17.5,85,0,775,4/6/2026 19:04
all fresh ,17.6,79.6,0,752,4/6/2026 19:05
all fresh ,17.7,77.7,0,742,4/6/2026 19:05
all fresh ,17.8,76.1,0,735,4/6/2026 19:06
all fresh ,17.8,74.8,0,711,4/6/2026 19:06
all fresh ,17.9,74.9,0,730,4/6/2026 19:07
all fresh ,17.8,73.5,0,709,4/6/2026 19:07
all fresh ,17.8,71.9,0,723,4/6/2026 19:08
all fresh ,17.9,71,0,719,4/6/2026 19:08
all fresh ,17.8,70.2,0,711,4/6/2026 19:09
all fresh ,17.9,69.2,0,711,4/6/2026 19:09
all fresh ,17.9,69,0,689,4/6/2026 19:10
all fresh ,17.9,68.5,0,683,4/6/2026 19:10
all fresh ,18,68.5,0,674,4/6/2026 19:11
all fresh ,18,68.9,0,662,4/6/2026 19:11
all fresh ,18,67.8,0,656,4/6/2026 19:12
all fresh ,18,68.1,0,673,4/6/2026 19:12
all fresh ,17.9,68.5,0,662,4/6/2026 19:13
all fresh ,18.1,67.5,0,654,4/6/2026 19:13
all fresh ,18.1,67.6,0,633,4/6/2026 19:14
all fresh ,18,67.8,0,633,4/6/2026 19:14
all fresh ,18,67.5,0,624,4/6/2026 19:15
all fresh ,18,67,0,635,4/6/2026 19:15
all fresh ,18,66.7,0,627,4/6/2026 19:16
all fresh ,18.1,66.6,0,609,4/6/2026 19:16
all fresh ,18,66.6,0,625,4/6/2026 19:17
all fresh ,18.1,66.9,0,624,4/6/2026 19:17
all fresh ,18.1,67.5,0,619,4/6/2026 19:18
all fresh ,18.1,67,0,598,4/6/2026 19:18
all fresh ,18.1,67.3,0,592,4/6/2026 19:19
all fresh ,18.1,66.9,0,619,4/6/2026 19:19
all fresh ,18.1,67.1,0,612,4/6/2026 19:20
all fresh ,18.1,66.5,0,626,4/6/2026 19:20
all fresh ,18.1,67.4,0,621,4/6/2026 19:21
all fresh ,18.1,66.7,0,592,4/6/2026 19:21
all fresh ,18.1,67.5,0,604,4/6/2026 19:22
all fresh ,18.1,66.6,0,599,4/6/2026 19:22
all fresh ,18.1,66.2,0,611,4/6/2026 19:23
all fresh ,18,66.5,0,584,4/6/2026 19:23
all fresh ,18.1,66.5,0,587,4/6/2026 19:24
all fresh ,18.1,66,0,604,4/6/2026 19:24
all fresh ,18.1,67.1,0,590,4/6/2026 19:25
all fresh ,18,66.4,0,586,4/6/2026 19:25
all fresh ,18,66.7,0,598,4/6/2026 19:26
all fresh ,18.1,67.1,0,603,4/6/2026 19:26
all fresh ,18.1,67.1,0,592,4/6/2026 19:27
all fresh ,18.1,67.1,0,592,4/6/2026 19:27
all fresh ,18.1,66.6,0,602,4/6/2026 19:28
all fresh ,18,66.5,0,586,4/6/2026 19:29
all fresh ,18.1,67,0,592,4/6/2026 19:29
all fresh ,18,66.4,0,587,4/6/2026 19:30
all fresh ,18.1,66.6,0,590,4/6/2026 19:30
all fresh ,18.1,67.5,0,576,4/6/2026 19:31
all fresh ,18.1,66.1,0,592,4/6/2026 19:31
all fresh ,18.1,67,0,592,4/6/2026 19:32
all fresh ,18.1,66.6,0,594,4/6/2026 19:32
all fresh ,18,66.9,0,592,4/6/2026 19:33
all fresh ,18,65.9,0,598,4/6/2026 19:33
all fresh ,18,67.6,0,592,4/6/2026 19:34
all fresh ,18,67,0,592,4/6/2026 19:34
all fresh ,18,67.1,0,567,4/6/2026 19:35
all fresh ,18.2,81.2,0,534,4/6/2026 19:35
all fresh ,18.3,79.8,0,493,4/6/2026 19:36
all fresh ,18.4,79,0,510,4/6/2026 19:36
all fresh ,18.4,77.6,0,501,4/6/2026 19:37
all fresh ,18.4,76.9,0,509,4/6/2026 19:37
all fresh ,18.4,75.8,0,510,4/6/2026 19:38
all fresh ,18.4,74.4,0,506,4/6/2026 19:38
all fresh ,18.4,73.2,0,535,4/6/2026 19:39
all fresh ,18.4,72.5,0,530,4/6/2026 19:39
all fresh ,18.4,73.3,0,553,4/6/2026 19:40
all fresh ,18.4,72.6,0,539,4/6/2026 19:40
all fresh ,18.4,72.3,0,557,4/6/2026 19:41
all fresh ,18.4,71.9,0,544,4/6/2026 19:41
all fresh ,18.4,71.5,0,563,4/6/2026 19:42
all fresh ,18.4,71.6,0,571,4/6/2026 19:42
all fresh ,18.4,71.4,0,548,4/6/2026 19:43
all fresh ,18.4,70.5,0,576,4/6/2026 19:43
all fresh ,18.4,71.3,0,561,4/6/2026 19:44
all fresh ,18.4,71.9,0,559,4/6/2026 19:44
all fresh ,18.4,71.3,0,558,4/6/2026 19:45
all fresh ,18.4,71.7,0,577,4/6/2026 19:45
all fresh ,18.4,71.8,0,580,4/6/2026 19:46
all fresh ,18.4,71,0,585,4/6/2026 19:46
all fresh ,18.4,71.8,0,593,4/6/2026 19:47
all fresh ,18.4,71.9,0,591,4/6/2026 19:47
all fresh ,18.5,72.2,0,590,4/6/2026 19:48
all fresh ,18.5,71.7,0,581,4/6/2026 19:48
all fresh ,18.5,71.7,0,585,4/6/2026 19:49
all fresh ,18.5,72.1,0,592,4/6/2026 19:49
all fresh ,18.5,71.8,0,611,4/6/2026 19:50
all fresh ,18.5,71.8,0,602,4/6/2026 19:50
all fresh ,18.6,71.9,0,618,4/6/2026 19:51
all fresh ,18.6,72.6,0,607,4/6/2026 19:51
all fresh ,18.6,72.1,0,624,4/6/2026 19:52
all fresh ,18.6,72.5,0,615,4/6/2026 19:52
all fresh ,18.6,72.5,0,614,4/6/2026 19:53
all fresh ,18.6,72.4,0,619,4/6/2026 19:53
all fresh ,18.6,72.3,0,618,4/6/2026 19:54
all fresh ,18.7,72.5,0,630,4/6/2026 19:54
all fresh ,18.7,72.6,0,622,4/6/2026 19:55
all fresh ,18.7,72.5,0,629,4/6/2026 19:56
all fresh ,18.7,72.8,0,624,4/6/2026 19:56
all fresh ,18.7,73,0,623,4/6/2026 19:57
all fresh ,18.7,73,0,635,4/6/2026 19:57
all fresh ,18.7,72.9,0,639,4/6/2026 19:58
all fresh ,18.7,72.7,0,645,4/6/2026 19:58
all fresh ,18.7,72.2,0,626,4/6/2026 19:59
all fresh ,18.8,71.6,0,605,4/6/2026 19:59
all fresh ,18.8,71.4,0,606,4/6/2026 20:00
all fresh ,18.8,70.5,0,619,4/6/2026 20:00
all fresh ,18.8,68.8,0,619,4/6/2026 20:01
all fresh ,18.8,69.2,0,590,4/6/2026 20:01
all fresh ,18.8,68.7,0,617,4/6/2026 20:02
all fresh ,18.8,68.5,0,610,4/6/2026 20:02
all fresh ,18.7,68.5,0,597,4/6/2026 20:03
all fresh ,18.8,67.6,0,611,4/6/2026 20:03
all fresh ,18.7,67.6,0,607,4/6/2026 20:04
all fresh ,18.8,65.7,0,622,4/6/2026 20:04
all fresh ,18.7,66,0,603,4/6/2026 20:05
all fresh ,18.7,65.2,0,623,4/6/2026 20:05
all fresh ,18.7,65.8,0,643,4/6/2026 20:06
all fresh ,18.7,65.1,0,635,4/6/2026 20:06
all fresh ,18.6,64.8,0,641,4/6/2026 20:07
all fresh ,18.6,64.2,0,642,4/6/2026 20:07
all fresh ,18.6,63.9,0,628,4/6/2026 20:08
all fresh ,18.6,62.8,0,624,4/6/2026 20:08
all fresh ,18.6,62.9,0,645,4/6/2026 20:09
all fresh ,18.6,62.5,0,641,4/6/2026 20:09
all fresh ,18.6,62.5,0,640,4/6/2026 20:10
all fresh ,18.5,61.9,0,619,4/6/2026 20:10
all fresh ,18.5,61,0,613,4/6/2026 20:11
all fresh ,18.5,60.4,0,625,4/6/2026 20:11
all fresh ,18.5,60.1,0,622,4/6/2026 20:12
all fresh ,18.4,60.2,0,640,4/6/2026 20:12
all fresh ,18.4,59.6,0,614,4/6/2026 20:13
all fresh ,18.4,59.1,0,631,4/6/2026 20:13
all fresh ,18.3,60.4,0,634,4/6/2026 20:14
all fresh ,18.3,59.8,0,646,4/6/2026 20:14
all fresh ,18.3,58.6,0,640,4/6/2026 20:15
all fresh ,18.2,59.2,0,631,4/6/2026 20:15
all fresh ,18.1,58.7,0,625,4/6/2026 20:16
all fresh ,18.1,58.6,0,642,4/6/2026 20:16
all fresh ,18.1,58,0,647,4/6/2026 20:17
all fresh ,18,57.6,0,622,4/6/2026 20:17
all fresh ,17.9,57.6,0,628,4/6/2026 20:18
all fresh ,17.9,57,0,639,4/6/2026 20:18
all fresh ,17.8,57.5,0,628,4/6/2026 20:19
all fresh ,17.8,56.2,0,652,4/6/2026 20:19
all fresh ,17.7,56.4,0,659,4/6/2026 20:20
all fresh ,17.7,56.7,0,641,4/6/2026 20:20
all fresh ,17.7,56.5,0,638,4/6/2026 20:21
all fresh ,17.6,55.7,0,651,4/6/2026 20:21
all fresh ,17.6,55.7,0,642,4/6/2026 20:22
all fresh ,17.5,56,0,656,4/6/2026 20:22
all fresh ,17.5,55.5,0,657,4/6/2026 20:23
all fresh ,17.5,55.7,0,640,4/6/2026 20:23
all fresh ,17.4,55.4,0,657,4/6/2026 20:24
all fresh ,17.4,54.9,0,628,4/6/2026 20:24
all fresh ,17.4,56.6,0,656,4/6/2026 20:25
all fresh ,17.3,56.1,0,660,4/6/2026 20:25
all fresh ,17.3,56.7,0,661,4/6/2026 20:26
all fresh ,17.2,56,0,656,4/6/2026 20:26
all fresh ,17.3,55.9,0,639,4/6/2026 20:27
all fresh ,17.2,55.5,0,668,4/6/2026 20:27
all fresh ,17.2,56,0,642,4/6/2026 20:28
all fresh ,17.1,54.9,0,647,4/6/2026 20:28
all fresh ,17.1,55.2,0,656,4/6/2026 20:29
all fresh ,17,55.7,0,646,4/6/2026 20:29
all fresh ,17,56,0,656,4/6/2026 20:30
all fresh ,17,54.7,0,668,4/6/2026 20:30
all fresh ,17,54.1,0,646,4/6/2026 20:31
all fresh ,16.9,55.2,0,637,4/6/2026 20:32
all fresh ,16.9,53.2,0,653,4/6/2026 20:32
all fresh ,16.9,54.6,0,627,4/6/2026 20:33
all fresh ,16.8,52.9,0,649,4/6/2026 20:33
all fresh ,16.8,53.3,0,627,4/6/2026 20:34
all fresh ,16.7,53.3,0,640,4/6/2026 20:34
all fresh ,16.8,53.3,0,625,4/6/2026 20:35
all fresh ,16.7,53.6,0,653,4/6/2026 20:35
all fresh ,16.6,53.2,0,618,4/6/2026 20:36
all fresh ,16.6,53.1,0,624,4/6/2026 20:36
all fresh ,16.6,53.2,0,637,4/6/2026 20:37
all fresh ,16.5,52.3,0,625,4/6/2026 20:37
all fresh ,16.5,52.8,0,618,4/6/2026 20:38
all fresh ,16.5,51.8,0,640,4/6/2026 20:38
all fresh ,16.4,54.2,0,646,4/6/2026 20:39
all fresh ,16.4,52.8,0,638,4/6/2026 20:39
all fresh ,16.4,53.2,0,624,4/6/2026 20:40
all fresh ,16.3,52.5,0,640,4/6/2026 20:40
all fresh ,16.3,52.4,0,608,4/6/2026 20:41
all fresh ,16.3,52.1,0,637,4/6/2026 20:41
all fresh ,16.2,52.7,0,637,4/6/2026 20:42
all fresh ,16.2,51.4,0,633,4/6/2026 20:42
all fresh ,16.1,51.6,0,620,4/6/2026 20:43
all fresh ,16.1,51.5,0,608,4/6/2026 20:43
all fresh ,16.1,50.8,0,610,4/6/2026 20:44
all fresh ,16,51.5,0,613,4/6/2026 20:44
all fresh ,16,52.1,0,629,4/6/2026 20:45
all fresh ,16,51.9,0,609,4/6/2026 20:45
all fresh ,15.9,51.6,0,621,4/6/2026 20:46
all fresh ,15.9,51.5,0,624,4/6/2026 20:46
all fresh ,15.9,50.9,0,621,4/6/2026 20:47
all fresh ,15.8,50.9,0,629,4/6/2026 20:47
all fresh ,15.8,50.9,0,629,4/6/2026 20:48
all fresh ,15.7,50.9,0,624,4/6/2026 20:48
all fresh ,15.7,50.8,0,623,4/6/2026 20:49
all fresh ,15.6,51.2,0,627,4/6/2026 20:49
all fresh ,15.6,50.9,0,629,4/6/2026 20:50
all fresh ,15.6,50.6,0,603,4/6/2026 20:50
all fresh ,15.6,51,0,624,4/6/2026 20:51
all fresh ,15.5,51.1,0,624,4/6/2026 20:51
all fresh ,15.5,51.9,0,621,4/6/2026 20:52
all fresh ,15.5,52.6,0,624,4/6/2026 20:52
all fresh ,15.5,53.4,0,639,4/6/2026 20:53
all fresh ,15.4,55.4,0,627,4/6/2026 20:53
all fresh ,15.4,55.1,0,624,4/6/2026 20:54
all fresh ,15.4,57,0,646,4/6/2026 20:54
all fresh ,15.4,57.7,0,629,4/6/2026 20:55
all fresh ,15.4,58.4,0,643,4/6/2026 20:55
all fresh ,15.4,58.7,0,646,4/6/2026 20:56
all fresh ,15.4,59.4,0,655,4/6/2026 20:56
all fresh ,15.4,59.1,0,670,4/6/2026 20:57
all fresh ,15.4,60.3,0,659,4/6/2026 20:57
all fresh ,15.4,60.5,0,662,4/6/2026 20:58
all fresh ,15.4,61.8,0,686,4/6/2026 20:58
all fresh ,15.4,61,0,681,4/6/2026 20:59
all fresh ,15.4,61.5,0,713,4/6/2026 20:59
all fresh ,15.4,61.5,0,694,4/6/2026 21:00
all fresh ,15.5,62,0,713,4/6/2026 21:00
all fresh ,15.5,61.9,0,738,4/6/2026 21:01
all fresh ,15.5,62.5,0,750,4/6/2026 21:01
all fresh ,15.5,62.4,0,750,4/6/2026 21:02
all fresh ,15.5,63.1,0,771,4/6/2026 21:02
all fresh ,15.6,63,0,762,4/6/2026 21:03
all fresh ,15.6,62.6,0,735,4/6/2026 21:03
all fresh ,15.6,63.4,0,745,4/6/2026 21:04
all fresh ,15.6,63.6,0,749,4/6/2026 21:04
all fresh ,15.6,63.8,0,748,4/6/2026 21:05
all fresh ,15.6,63.8,0,737,4/6/2026 21:05
all fresh ,15.7,63.9,0,721,4/6/2026 21:06
all fresh ,15.7,64,0,705,4/6/2026 21:06
all fresh ,15.7,63.9,0,720,4/6/2026 21:07
all fresh ,15.7,63.9,0,688,4/6/2026 21:07
all fresh ,15.8,64.1,0,698,4/6/2026 21:08
all fresh ,15.8,64.5,0,682,4/6/2026 21:08
all fresh ,15.8,65,0,708,4/6/2026 21:09
all fresh ,15.8,64.3,0,678,4/6/2026 21:09
all fresh ,15.9,64.4,0,668,4/6/2026 21:10
all fresh ,15.9,64.6,0,688,4/6/2026 21:10
all fresh ,15.9,64.7,0,659,4/6/2026 21:11
all fresh ,15.9,64.4,0,646,4/6/2026 21:11
all fresh ,15.9,65.2,0,656,4/6/2026 21:12
all fresh ,15.9,65.4,0,676,4/6/2026 21:12
all fresh ,15.9,65.1,0,661,4/6/2026 21:13
all fresh ,16,65.4,0,672,4/6/2026 21:14
all fresh ,16,64.8,0,655,4/6/2026 21:14
all fresh ,16,65,0,665,4/6/2026 21:15
all fresh ,16,65.4,0,633,4/6/2026 21:15
all fresh ,16,64.4,0,643,4/6/2026 21:16
all fresh ,16,65.5,0,653,4/6/2026 21:16
all fresh ,16.1,65,0,640,4/6/2026 21:17
all fresh ,16,66,0,655,4/6/2026 21:17
all fresh ,16.1,65.3,0,649,4/6/2026 21:18
all fresh ,16.1,65.5,0,655,4/6/2026 21:18
all fresh ,16.1,65.3,0,635,4/6/2026 21:19
all fresh ,16.1,65.4,0,656,4/6/2026 21:19
all fresh ,16.2,65.3,0,646,4/6/2026 21:20
all fresh ,16.1,65.5,0,628,4/6/2026 21:20
all fresh ,16.1,65.3,0,640,4/6/2026 21:21
all fresh ,16.2,65.4,0,650,4/6/2026 21:21
all fresh ,16.2,64.7,0,622,4/6/2026 21:22
all fresh ,16.2,65,0,607,4/6/2026 21:22
all fresh ,16.2,65.7,0,625,4/6/2026 21:23
all fresh ,16.2,65.7,0,628,4/6/2026 21:23
all fresh ,16.2,65.5,0,630,4/6/2026 21:24
all fresh ,16.2,65.5,0,615,4/6/2026 21:24
all fresh ,16.2,66.4,0,631,4/6/2026 21:25
all fresh ,16.2,65.6,0,611,4/6/2026 21:25
all fresh ,16.2,66,0,615,4/6/2026 21:26
all fresh ,16.3,65.3,0,613,4/6/2026 21:26
all fresh ,16.2,67,0,630,4/6/2026 21:27
all fresh ,16.2,66.5,0,623,4/6/2026 21:27
all fresh ,16.2,65.9,0,620,4/6/2026 21:28
all fresh ,16.2,66.7,0,607,4/6/2026 21:28
all fresh ,16.2,66,0,601,4/6/2026 21:29
all fresh ,16.3,65.8,0,608,4/6/2026 21:29
all fresh ,16.2,66.1,0,615,4/6/2026 21:30
all fresh ,16.2,66.4,0,611,4/6/2026 21:30
all fresh ,16.3,66.8,0,641,4/6/2026 21:31
all fresh ,16.3,66.6,0,601,4/6/2026 21:31
all fresh ,16.3,66.4,0,624,4/6/2026 21:32
all fresh ,16.3,66,0,623,4/6/2026 21:32
all fresh ,16.3,66.7,0,635,4/6/2026 21:33
all fresh ,16.3,65.7,0,623,4/6/2026 21:33
all fresh ,16.3,66.4,0,624,4/6/2026 21:34
all fresh ,16.3,67.2,0,623,4/6/2026 21:34
all fresh ,16.3,66,0,605,4/6/2026 21:35
all fresh ,16.3,66.3,0,606,4/6/2026 21:35
all fresh ,16.3,66.8,0,603,4/6/2026 21:36
all fresh ,16.4,66.9,0,637,4/6/2026 21:36
all fresh ,16.4,66.8,0,630,4/6/2026 21:37
all fresh ,16.4,66.6,0,618,4/6/2026 21:37
all fresh ,16.3,66.9,0,631,4/6/2026 21:38
all fresh ,16.4,67.6,0,624,4/6/2026 21:38
all fresh ,16.4,67.6,0,609,4/6/2026 21:39
all fresh ,16.4,67.8,0,630,4/6/2026 21:39
all fresh ,16.4,68.4,0,630,4/6/2026 21:40
all fresh ,16.4,68.1,0,623,4/6/2026 21:40
all fresh ,16.4,68.8,0,622,4/6/2026 21:41
all fresh ,16.4,67.8,0,635,4/6/2026 21:41
all fresh ,16.4,68.6,0,627,4/6/2026 21:42
all fresh ,16.4,68.3,0,620,4/6/2026 21:42
all fresh ,16.4,69.1,0,640,4/6/2026 21:43
all fresh ,16.4,69.2,0,640,4/6/2026 21:43
all fresh ,23.6,99.9,0,1223,4/6/2026 22:25
all fresh ,23.7,99.9,0,809,4/6/2026 22:26
all fresh ,23.6,99.9,0,715,4/6/2026 22:26
all fresh ,23.4,99.9,0,634,4/6/2026 22:27
all fresh ,23.3,99.9,0,688,4/6/2026 22:27
all fresh ,23.1,99.9,0,616,4/6/2026 22:28
all fresh ,23.1,99.9,0,650,4/6/2026 22:28
all fresh ,23.1,99.9,0,634,4/6/2026 22:29
all fresh ,23.1,99.9,0,651,4/6/2026 22:29
all fresh ,23.1,99.9,0,643,4/6/2026 22:30
all fresh ,23.1,98.8,0,707,4/6/2026 22:30
all fresh ,23.2,96.2,0,714,4/6/2026 22:31
all fresh ,23.4,91.3,0,735,4/6/2026 22:31
all fresh ,23.5,86.6,0,686,4/6/2026 22:32
all fresh ,23.7,84.7,0,690,4/6/2026 22:32
all fresh ,23.8,83.2,0,736,4/6/2026 22:33
all fresh ,23.9,82.1,0,738,4/6/2026 22:33
all fresh ,24.1,81.2,0,779,4/6/2026 22:34
all fresh ,24.3,80.4,0,767,4/6/2026 22:34
all fresh ,24.4,79.6,0,757,4/6/2026 22:35
all fresh ,24.6,79.5,0,766,4/6/2026 22:35
all fresh ,24.7,78.8,0,811,4/6/2026 22:36
all fresh ,24.8,78.3,0,813,4/6/2026 22:36
all fresh ,25,78,0,805,4/6/2026 22:37
all fresh ,25,77.4,0,798,4/6/2026 22:37
all fresh ,25.1,77.2,0,816,4/6/2026 22:38
all fresh ,25.3,76.8,0,851,4/6/2026 22:38
all fresh ,25.3,76.4,0,879,4/6/2026 22:39
all fresh ,25.4,76,0,841,4/6/2026 22:39
all fresh ,25.5,75.7,0,891,4/6/2026 22:40
all fresh ,25.6,75.4,0,929,4/6/2026 22:40
all fresh ,25.7,75.1,0,901,4/6/2026 22:41
all fresh ,25.8,74.8,0,890,4/6/2026 22:41
all fresh ,25.8,74.7,5,912,4/6/2026 22:42
all fresh ,25.9,74.5,0,931,4/6/2026 22:42
all fresh ,26,74.2,0,968,4/6/2026 22:43
all fresh ,26.1,74.1,3,932,4/6/2026 22:43
all fresh ,26.2,74,0,958,4/6/2026 22:44
all fresh ,26.2,73.8,0,977,4/6/2026 22:44
all fresh ,26.2,73.7,0,971,4/6/2026 22:45
all fresh ,26.3,73.5,0,981,4/6/2026 22:45
all fresh ,26.4,73.4,0,979,4/6/2026 22:46
all fresh ,26.4,73.3,0,963,4/6/2026 22:46
spoiled and fresh,26.5,73.3,0,1018,4/6/2026 22:47
spoiled and fresh,26.5,73.2,0,979,4/6/2026 22:47
spoiled and fresh,26.5,73,0,1022,4/6/2026 22:48
spoiled and fresh,26.6,73,0,1045,4/6/2026 22:48
spoiled and fresh,26.7,72.8,0,1012,4/6/2026 22:49
spoiled and fresh,26.7,72.7,0,1073,4/6/2026 22:49
spoiled and fresh,26.7,72.6,0,1054,4/6/2026 22:50
spoiled and fresh,26.8,72.6,0,1039,4/6/2026 22:50
spoiled and fresh,26.8,72.3,0,1043,4/6/2026 22:51
spoiled and fresh,26.9,72.5,0,1078,4/6/2026 22:51
spoiled and fresh,26.9,72.4,0,1111,4/6/2026 22:52
spoiled and fresh,26.9,72.5,5,1072,4/6/2026 22:52
spoiled and fresh,27,72.3,0,1090,4/6/2026 22:53
spoiled and fresh,27,72.2,0,1124,4/6/2026 22:53
spoiled and fresh,27,72.1,0,1141,4/6/2026 22:54
spoiled and fresh,27.1,72.1,0,1115,4/6/2026 22:55
spoiled and fresh,27.1,72.2,0,1135,4/6/2026 22:55
spoiled and fresh,27.2,72.1,0,1151,4/6/2026 22:56
spoiled and fresh,27.2,71.9,0,1172,4/6/2026 22:56
spoiled and fresh,27.2,72,0,1181,4/6/2026 22:57
spoiled and fresh,27.3,72.1,2,1163,4/6/2026 22:57
spoiled and fresh,27.3,72.2,0,1222,4/6/2026 22:58
spoiled and fresh,27.4,72.3,0,1171,4/6/2026 22:58
spoiled and fresh,27.4,72.3,0,1233,4/6/2026 22:59
spoiled and fresh,27.5,72.2,0,1216,4/6/2026 22:59
spoiled and fresh,27.5,72,0,1248,4/6/2026 23:00
spoiled and fresh,27.5,72.1,0,1204,4/6/2026 23:00
spoiled and fresh,27.6,72.2,0,1214,4/6/2026 23:01
spoiled and fresh,27.6,72.1,16,1230,4/6/2026 23:01
spoiled and fresh,27.7,72.1,0,1232,4/6/2026 23:02
spoiled and fresh,27.7,72,0,1265,4/6/2026 23:02
spoiled and fresh,27.7,72.1,13,1284,4/6/2026 23:03
spoiled and fresh,27.7,71.9,0,1253,4/6/2026 23:03
spoiled and fresh,27.8,71.9,0,1251,4/6/2026 23:04
spoiled and fresh,27.8,71.8,0,1297,4/6/2026 23:04
spoiled and fresh,27.8,71.9,0,1316,4/6/2026 23:05
spoiled and fresh,27.8,71.8,0,1327,4/6/2026 23:05
spoiled and fresh,27.9,71.8,0,1291,4/6/2026 23:06
spoiled and fresh,27.9,71.7,0,1329,4/6/2026 23:06
spoiled and fresh,27.9,71.7,0,1360,4/6/2026 23:07
spoiled and fresh,27.9,71.6,0,1359,4/6/2026 23:07
spoiled and fresh,28,71.6,0,1309,4/6/2026 23:08
spoiled and fresh,28,71.6,14,1328,4/6/2026 23:08
spoiled and fresh,28,71.7,0,1267,4/6/2026 23:09
spoiled and fresh,28,71.8,0,1311,4/6/2026 23:09
spoiled and fresh,28,71.6,0,1276,4/6/2026 23:10
spoiled and fresh,28.1,71.8,7,1264,4/6/2026 23:10
spoiled and fresh,28.1,71.6,0,1238,4/6/2026 23:11
spoiled and fresh,28.1,71.7,0,1184,4/6/2026 23:11
spoiled and fresh,28.1,71.6,0,1186,4/6/2026 23:12
spoiled and fresh,28.1,71.5,0,1220,4/6/2026 23:12
spoiled and fresh,28.2,71.4,0,1214,4/6/2026 23:13
spoiled and fresh,28.2,71.6,0,1147,4/6/2026 23:13
spoiled and fresh,28.2,71.5,0,1202,4/6/2026 23:14
spoiled and fresh,28.2,71.5,0,1136,4/6/2026 23:14
spoiled and fresh,28.2,71.5,0,1155,4/6/2026 23:15
spoiled and fresh,28.3,71.3,0,1132,4/6/2026 23:15
spoiled and fresh,28.2,71.3,0,1136,4/6/2026 23:16
spoiled and fresh,28.2,71.4,0,1126,4/6/2026 23:16
spoiled and fresh,28.2,71.4,15,1104,4/6/2026 23:17
spoiled and fresh,28.3,71.3,0,1140,4/6/2026 23:18
spoiled and fresh,28.3,71.3,7,1103,4/6/2026 23:18
spoiled and fresh,28.3,71.3,0,1092,4/6/2026 23:19
spoiled and fresh,28.3,71.2,0,1146,4/6/2026 23:19
spoiled and fresh,28.3,71.4,0,1082,4/6/2026 23:20
spoiled and fresh,28.3,71.3,0,1136,4/6/2026 23:20
spoiled and fresh,28.4,71.3,0,1131,4/6/2026 23:21
spoiled and fresh,28.4,71.2,0,1111,4/6/2026 23:21
spoiled and fresh,28.4,71.3,0,1069,4/6/2026 23:22
spoiled and fresh,28.4,71.2,0,1102,4/6/2026 23:22
spoiled and fresh,28.4,71.3,0,1082,4/6/2026 23:23
spoiled and fresh,28.4,71.1,0,1105,4/6/2026 23:23
spoiled and fresh,28.4,71.3,0,1095,4/6/2026 23:24
spoiled and fresh,28.4,71.2,0,1086,4/6/2026 23:24
spoiled and fresh,28.4,71,0,1077,4/6/2026 23:25
spoiled and fresh,28.5,71.1,0,1103,4/6/2026 23:25
spoiled and fresh,28.5,71.2,0,1090,4/6/2026 23:26
spoiled and fresh,28.5,71.2,0,1055,4/6/2026 23:26
spoiled and fresh,28.5,71.1,0,1087,4/6/2026 23:27
spoiled and fresh,28.5,69.6,0,836,4/6/2026 23:27
spoiled and fresh,28.5,70.7,0,909,4/6/2026 23:28
spoiled and fresh,28.5,71,0,896,4/6/2026 23:28
spoiled and fresh,28.5,71,0,942,4/6/2026 23:29
spoiled and fresh,28.5,71,0,937,4/6/2026 23:29
spoiled and fresh,28.5,71,0,965,4/6/2026 23:30
spoiled and fresh,28.5,71,0,961,4/6/2026 23:30
spoiled and fresh,28.5,71.1,0,1021,4/6/2026 23:31
spoiled and fresh,28.5,71.1,0,1038,4/6/2026 23:31
spoiled and fresh,28.5,71,5,1001,4/6/2026 23:32
spoiled and fresh,28.5,71.2,16,1036,4/6/2026 23:33
spoiled and fresh,28.6,71.2,6,1038,4/6/2026 23:33
spoiled and fresh,28.5,71.2,17,982,4/6/2026 23:34
spoiled and fresh,28.5,71.3,0,1014,4/6/2026 23:34
spoiled and fresh,28.6,71.3,0,1031,4/6/2026 23:35
spoiled and fresh,28.5,71.3,0,991,4/6/2026 23:35
spoiled and fresh,28.5,71.2,0,998,4/6/2026 23:36
spoiled and fresh,28.6,71.2,4,1067,4/6/2026 23:36
spoiled and fresh,28.5,71.3,0,1007,4/6/2026 23:37
spoiled and fresh,28.5,71.5,0,1036,4/6/2026 23:37
spoiled and fresh,28.6,71.3,6,1010,4/6/2026 23:38
spoiled and fresh,28.6,71.4,0,1056,4/6/2026 23:38
spoiled and fresh,28.6,71.4,0,1023,4/6/2026 23:39
spoiled and fresh,28.6,71.5,0,1047,4/6/2026 23:39
spoiled and fresh,28.6,71.4,0,1007,4/6/2026 23:40
spoiled and fresh,28.6,71.5,19,1049,4/6/2026 23:40
spoiled and fresh,28.6,71.4,0,1040,4/6/2026 23:41
spoiled and fresh,28.6,71.5,0,1045,4/6/2026 23:41
spoiled and fresh,28.6,71.6,0,1002,4/6/2026 23:42
spoiled and fresh,28.6,71.6,0,1018,4/6/2026 23:42
spoiled and fresh,28.6,71.6,0,1033,4/6/2026 23:43
spoiled and fresh,28.6,71.6,0,999,4/6/2026 23:43
spoiled and fresh,28.6,71.6,2,1038,4/6/2026 23:44
spoiled and fresh,28.6,71.7,0,1071,4/6/2026 23:44
spoiled and fresh,28.6,71.5,11,1008,4/6/2026 23:45
spoiled and fresh,28.7,71.6,0,1068,4/6/2026 23:45
spoiled and fresh,28.7,71.6,0,1055,4/6/2026 23:46
spoiled and fresh,28.6,71.5,0,1050,4/6/2026 23:46
spoiled and fresh,28.7,71.7,0,1047,4/6/2026 23:47
spoiled and fresh,28.7,71.7,0,1056,4/6/2026 23:47
spoiled and fresh,28.7,71.6,0,1050,4/6/2026 23:48
spoiled and fresh,28.7,71.6,0,1059,4/6/2026 23:48
spoiled and fresh,28.7,71.7,0,1008,4/6/2026 23:49
spoiled and fresh,28.7,71.6,0,1065,4/6/2026 23:49
spoiled and fresh,28.7,71.6,0,1019,4/6/2026 23:50
spoiled and fresh,28.7,71.7,19,1008,4/6/2026 23:50
spoiled and fresh,28.7,71.7,0,1008,4/6/2026 23:51
spoiled and fresh,28.7,71.9,0,1054,4/6/2026 23:51
spoiled and fresh,28.7,71.7,0,1023,4/6/2026 23:52
spoiled and fresh,28.7,71.9,0,1047,4/6/2026 23:52
spoiled and fresh,28.7,71.8,0,1059,4/6/2026 23:53
spoiled and fresh,28.7,71.9,6,1015,4/6/2026 23:53
spoiled and fresh,28.7,71.8,0,1051,4/6/2026 23:54
spoiled and fresh,28.7,71.9,0,1040,4/6/2026 23:54
spoiled and fresh,28.7,71.9,0,1035,4/6/2026 23:55
spoiled and fresh,28.8,71.9,0,1079,4/6/2026 23:55
spoiled and fresh,28.7,72.1,0,1046,4/6/2026 23:56
spoiled and fresh,28.8,72.1,22,1060,4/6/2026 23:56
spoiled and fresh,28.7,72.1,13,1059,4/6/2026 23:57
spoiled and fresh,28.8,72,12,1076,4/6/2026 23:57
spoiled and fresh,28.8,72.3,0,1009,4/6/2026 23:58
spoiled and fresh,28.8,72.1,2,1056,4/6/2026 23:58
spoiled and fresh,28.8,71.9,0,1085,4/6/2026 23:59
spoiled and fresh,28.8,71.7,0,1023,4/6/2026 23:59
spoiled and fresh,28.8,71.9,0,1040,4/7/2026 0:00
spoiled and fresh,28.8,72.1,1,1023,4/7/2026 0:00
spoiled and fresh,28.9,71.9,0,1022,4/7/2026 0:01
spoiled and fresh,28.8,72,0,1041,4/7/2026 0:01
spoiled and fresh,28.8,71.9,16,1023,4/7/2026 0:02
spoiled and fresh,28.9,72.1,0,1076,4/7/2026 0:02
spoiled and fresh,28.8,72,23,1073,4/7/2026 0:03
spoiled and fresh,28.9,72,1,1073,4/7/2026 0:03
spoiled and fresh,28.8,71.9,0,1063,4/7/2026 0:04
spoiled and fresh,28.9,72.1,0,1036,4/7/2026 0:04
spoiled and fresh,28.9,72,0,1047,4/7/2026 0:05
spoiled and fresh,28.9,71.9,10,1055,4/7/2026 0:05
spoiled and fresh,28.9,72.1,7,1023,4/7/2026 0:06
spoiled and fresh,28.9,72.1,0,1067,4/7/2026 0:06
spoiled and fresh,28.9,72,0,1050,4/7/2026 0:07
spoiled and fresh,28.9,72.1,0,1046,4/7/2026 0:07
spoiled and fresh,28.9,72,0,1049,4/7/2026 0:08
spoiled and fresh,28.9,72,0,1064,4/7/2026 0:08
spoiled and fresh,28.9,72,0,1023,4/7/2026 0:09
spoiled and fresh,28.9,72.1,0,1040,4/7/2026 0:10
spoiled and fresh,28.9,72,11,1019,4/7/2026 0:10
spoiled and fresh,28.9,72,0,1042,4/7/2026 0:11
spoiled and fresh,28.9,72.3,0,1040,4/7/2026 0:11
spoiled and fresh,29,72.2,0,1061,4/7/2026 0:12
spoiled and fresh,28.9,72,0,1033,4/7/2026 0:12
spoiled and fresh,28.9,72.2,0,1023,4/7/2026 0:13
spoiled and fresh,29,72.4,0,1051,4/7/2026 0:13
spoiled and fresh,28.9,72.2,0,1034,4/7/2026 0:14
spoiled and fresh,29,72.3,0,1045,4/7/2026 0:14
spoiled and fresh,29,72.1,0,1034,4/7/2026 0:15
spoiled and fresh,29,72.3,15,1063,4/7/2026 0:15
spoiled and fresh,29,72.3,0,1071,4/7/2026 0:16
spoiled and fresh,29,72.2,0,1023,4/7/2026 0:16
spoiled and fresh,29,72.1,10,1045,4/7/2026 0:17
spoiled and fresh,29,72.2,0,1077,4/7/2026 0:17
spoiled and fresh,29,72.1,0,1052,4/7/2026 0:18
spoiled and fresh,29,72.2,1,1058,4/7/2026 0:18
spoiled and fresh,29,72,0,1044,4/7/2026 0:19
spoiled and fresh,29,72.2,0,1047,4/7/2026 0:19
spoiled and fresh,29,72.4,0,1040,4/7/2026 0:20
spoiled and fresh,29,72.7,0,1055,4/7/2026 0:20
spoiled and fresh,29,73,0,1072,4/7/2026 0:21
spoiled and fresh,29,73.1,9,1096,4/7/2026 0:21
spoiled and fresh,29.1,73.5,16,1078,4/7/2026 0:22
spoiled and fresh,29.1,73.5,0,1070,4/7/2026 0:22
spoiled and fresh,29.2,73.7,0,1119,4/7/2026 0:23
spoiled and fresh,29.2,73.7,0,1071,4/7/2026 0:23
spoiled and fresh,29.2,73.7,18,1107,4/7/2026 0:24
spoiled and fresh,29.3,73.7,1,1139,4/7/2026 0:24
spoiled and fresh,29.3,73.7,0,1136,4/7/2026 0:25
spoiled and fresh,29.4,73.6,8,1108,4/7/2026 0:25
spoiled and fresh,29.4,73.6,0,1125,4/7/2026 0:26
spoiled and fresh,29.4,73.7,0,1101,4/7/2026 0:26
spoiled and fresh,29.5,73.7,0,1161,4/7/2026 0:27
spoiled and fresh,29.5,73.7,16,1153,4/7/2026 0:27
spoiled and fresh,29.5,73.7,9,1168,4/7/2026 0:28
spoiled and fresh,29.5,73.7,0,1104,4/7/2026 0:28
spoiled and fresh,29.5,73.6,2,1153,4/7/2026 0:29
spoiled and fresh,29.6,73.6,0,1166,4/7/2026 0:29
spoiled and fresh,29.6,73.5,0,1137,4/7/2026 0:30
spoiled and fresh,29.6,73.5,0,1168,4/7/2026 0:30
spoiled and fresh,29.7,73.6,0,1163,4/7/2026 0:31
spoiled and fresh,29.7,73.6,15,1155,4/7/2026 0:31
spoiled and fresh,29.7,73.6,0,1193,4/7/2026 0:32
spoiled and fresh,29.8,73.5,0,1174,4/7/2026 0:32
spoiled and fresh,29.8,73.4,0,1169,4/7/2026 0:33
spoiled and fresh,29.8,73.4,0,1179,4/7/2026 0:33
spoiled and fresh,29.8,73.4,25,1222,4/7/2026 0:34
spoiled and fresh,29.8,73.6,0,1200,4/7/2026 0:34
spoiled and fresh,29.8,73.5,0,1148,4/7/2026 0:35
spoiled and fresh,29.9,73.5,0,1198,4/7/2026 0:35
spoiled and fresh,29.9,73.5,0,1212,4/7/2026 0:36
spoiled and fresh,29.9,73.5,16,1201,4/7/2026 0:36
spoiled and fresh,29.9,73.3,0,1222,4/7/2026 0:37
spoiled and fresh,29.9,73.5,0,1220,4/7/2026 0:37
spoiled and fresh,30,73.5,10,1235,4/7/2026 0:38
spoiled and fresh,30,73.5,0,1216,4/7/2026 0:38
spoiled and fresh,30,73.5,1,1214,4/7/2026 0:39
spoiled and fresh,30,73.5,0,1196,4/7/2026 0:39
spoiled and fresh,30,73.5,0,1216,4/7/2026 0:40
spoiled and fresh,30,73.5,0,1228,4/7/2026 0:40
spoiled and fresh,30.1,74,0,1197,4/7/2026 0:41
spoiled and fresh,30.1,73.9,0,1222,4/7/2026 0:41
spoiled and fresh,30.1,73.8,0,1223,4/7/2026 0:42
spoiled and fresh,30.1,73.8,0,1247,4/7/2026 0:42
spoiled and fresh,30.2,73.9,0,1264,4/7/2026 0:43
spoiled and fresh,30.2,73.9,0,1216,4/7/2026 0:43
spoiled and fresh,30.2,73.8,21,1225,4/7/2026 0:44
spoiled and fresh,30.2,74,0,1218,4/7/2026 0:44
spoiled and fresh,30.2,74,0,1211,4/7/2026 0:45
spoiled and fresh,30.3,73.9,21,1247,4/7/2026 0:46
spoiled and fresh,30.3,73.8,0,1263,4/7/2026 0:46
spoiled and fresh,30.3,74,0,1271,4/7/2026 0:47
spoiled and fresh,30.3,74,15,1280,4/7/2026 0:47
spoiled and fresh,30.3,73.9,0,1279,4/7/2026 0:48
spoiled and fresh,30.3,73.9,14,1261,4/7/2026 0:48
spoiled and fresh,30.4,73.8,0,1279,4/7/2026 0:49
spoiled and fresh,30.4,73.9,0,1261,4/7/2026 0:49
spoiled and fresh,30.4,73.9,0,1258,4/7/2026 0:50
spoiled and fresh,30.4,73.9,0,1232,4/7/2026 0:50
spoiled and fresh,30.4,73.9,0,1253,4/7/2026 0:51
spoiled and fresh,30.5,74.1,0,1271,4/7/2026 0:51
spoiled and fresh,30.5,73.9,20,1296,4/7/2026 0:52
spoiled and fresh,30.5,73.9,9,1255,4/7/2026 0:52
spoiled and fresh,30.5,73.9,0,1227,4/7/2026 0:53
spoiled and fresh,30.6,74,0,1274,4/7/2026 0:53
spoiled and fresh,30.5,74.1,0,1275,4/7/2026 0:54
spoiled and fresh,30.6,74.1,5,1253,4/7/2026 0:54
spoiled and fresh,30.6,74.1,11,1279,4/7/2026 0:55
spoiled and fresh,30.6,74,0,1266,4/7/2026 0:55
spoiled and fresh,30.6,73.9,4,1274,4/7/2026 0:56
spoiled and fresh,30.7,74.1,0,1264,4/7/2026 0:56
spoiled and fresh,30.7,73.9,0,1264,4/7/2026 0:57
spoiled and fresh,30.7,74.1,0,1330,4/7/2026 0:57
spoiled and fresh,30.7,74,9,1308,4/7/2026 0:58
spoiled and fresh,30.7,74,0,1275,4/7/2026 0:58
spoiled and fresh,30.8,74,15,1323,4/7/2026 0:59
spoiled and fresh,30.8,74.1,1,1311,4/7/2026 0:59
spoiled and fresh,30.8,74.1,0,1280,4/7/2026 1:00
spoiled and fresh,30.8,74,4,1287,4/7/2026 1:00
spoiled and fresh,30.8,74.1,0,1300,4/7/2026 1:01
spoiled and fresh,30.8,74,0,1274,4/7/2026 1:01
spoiled and fresh,30.8,74.1,16,1310,4/7/2026 1:02
spoiled and fresh,30.8,74.1,0,1270,4/7/2026 1:02
spoiled and fresh,30.9,74,0,1307,4/7/2026 1:03
spoiled and fresh,30.9,74.1,20,1328,4/7/2026 1:03
spoiled and fresh,30.9,74.1,0,1295,4/7/2026 1:04
spoiled and fresh,30.9,74.2,16,1328,4/7/2026 1:04
spoiled and fresh,30.9,74.2,14,1323,4/7/2026 1:05
spoiled and fresh,30.9,74,18,1290,4/7/2026 1:05
spoiled and fresh,30.9,74.2,12,1345,4/7/2026 1:06
spoiled and fresh,30.9,74.1,0,1296,4/7/2026 1:06
spoiled and fresh,30.9,74.1,0,1296,4/7/2026 1:07
spoiled and fresh,30.9,74.3,3,1338,4/7/2026 1:07
spoiled and fresh,31,74.2,0,1301,4/7/2026 1:08
spoiled and fresh,31,74.2,0,1302,4/7/2026 1:08
spoiled and fresh,31,74.2,0,1299,4/7/2026 1:09
spoiled and fresh,31,74.3,32,1356,4/7/2026 1:09
spoiled and fresh,31,74.2,0,1319,4/7/2026 1:10
spoiled and fresh,31,74.4,0,1298,4/7/2026 1:10
spoiled and fresh,31,74.3,13,1333,4/7/2026 1:11
spoiled and fresh,31.1,74.2,0,1323,4/7/2026 1:11
spoiled and fresh,31.1,74.2,0,1334,4/7/2026 1:12
spoiled and fresh,31.1,74.4,0,1287,4/7/2026 1:12
spoiled and fresh,31.1,74.3,16,1324,4/7/2026 1:13
spoiled and fresh,31.1,74.4,5,1312,4/7/2026 1:13
spoiled and fresh,31.1,74.4,3,1312,4/7/2026 1:14
spoiled and fresh,31.1,74.4,2,1323,4/7/2026 1:14
spoiled and fresh,31.1,74.4,9,1318,4/7/2026 1:15
spoiled and fresh,31.2,74.4,0,1314,4/7/2026 1:15
spoiled and fresh,31.2,74.4,25,1360,4/7/2026 1:16
spoiled and fresh,31.2,74.4,0,1315,4/7/2026 1:16
spoiled and fresh,31.2,74.4,0,1320,4/7/2026 1:17
spoiled and fresh,31.2,74.5,5,1328,4/7/2026 1:17
spoiled and fresh,31.2,74.5,6,1339,4/7/2026 1:18
spoiled and fresh,31.2,74.4,29,1299,4/7/2026 1:19
spoiled and fresh,31.2,74.4,0,1323,4/7/2026 1:19
spoiled and fresh,31.2,74.5,29,1343,4/7/2026 1:20
spoiled and fresh,31.3,74.4,6,1379,4/7/2026 1:20
spoiled and fresh,31.3,74.5,7,1382,4/7/2026 1:21
spoiled and fresh,31.3,74.4,16,1374,4/7/2026 1:21
spoiled and fresh,31.3,74.6,8,1379,4/7/2026 1:22
spoiled and fresh,31.3,74.5,0,1388,4/7/2026 1:22
spoiled and fresh,31.3,74.6,0,1365,4/7/2026 1:23
spoiled and fresh,31.3,74.6,29,1356,4/7/2026 1:23
spoiled and fresh,31.3,74.5,0,1370,4/7/2026 1:24
spoiled and fresh,31.3,74.5,0,1371,4/7/2026 1:24
spoiled and fresh,31.3,74.6,0,1379,4/7/2026 1:25
spoiled and fresh,31.3,74.6,31,1351,4/7/2026 1:25
spoiled and fresh,31.3,74.7,20,1347,4/7/2026 1:26
spoiled and fresh,31.4,74.6,0,1323,4/7/2026 1:26
spoiled and fresh,31.4,74.7,0,1351,4/7/2026 1:27
spoiled and fresh,31.4,74.6,7,1375,4/7/2026 1:27
spoiled and fresh,31.4,74.6,0,1334,4/7/2026 1:28
spoiled and fresh,31.4,74.8,15,1367,4/7/2026 1:28
spoiled and fresh,31.4,74.7,0,1362,4/7/2026 1:29
spoiled and fresh,31.4,74.7,27,1362,4/7/2026 1:29
spoiled and fresh,31.4,74.7,0,1396,4/7/2026 1:30
spoiled and fresh,31.4,74.6,0,1409,4/7/2026 1:30
spoiled and fresh,31.4,74.8,4,1402,4/7/2026 1:31
spoiled and fresh,31.5,74.8,22,1406,4/7/2026 1:31
spoiled and fresh,31.5,74.7,9,1393,4/7/2026 1:32
spoiled and fresh,31.5,74.8,0,1421,4/7/2026 1:32
spoiled and fresh,31.5,74.7,34,1345,4/7/2026 1:33
spoiled and fresh,31.5,74.8,16,1382,4/7/2026 1:33
spoiled and fresh,31.5,74.8,16,1402,4/7/2026 1:34
spoiled and fresh,31.5,74.9,0,1404,4/7/2026 1:34
spoiled and fresh,31.5,74.8,41,1381,4/7/2026 1:35
spoiled and fresh,31.5,75,0,1392,4/7/2026 1:35
spoiled and fresh,31.5,74.9,0,1392,4/7/2026 1:36
spoiled and fresh,31.5,74.8,16,1424,4/7/2026 1:36
spoiled and fresh,31.5,74.9,3,1444,4/7/2026 1:37
spoiled and fresh,31.6,75,0,1391,4/7/2026 1:37
spoiled and fresh,31.6,74.9,17,1415,4/7/2026 1:38
spoiled and fresh,31.6,75.1,1,1423,4/7/2026 1:38
spoiled and fresh,31.6,74.9,25,1389,4/7/2026 1:39
spoiled and fresh,31.6,74.9,18,1392,4/7/2026 1:39
spoiled and fresh,31.6,75.1,16,1392,4/7/2026 1:40
spoiled and fresh,31.6,75,0,1440,4/7/2026 1:40
spoiled and fresh,31.6,74.9,0,1392,4/7/2026 1:41
spoiled and fresh,31.6,75,0,1414,4/7/2026 1:41
spoiled and fresh,31.6,75,0,1390,4/7/2026 1:42
spoiled and fresh,31.6,75,0,1399,4/7/2026 1:42
spoiled and fresh,31.6,75.1,13,1382,4/7/2026 1:43
spoiled and fresh,31.7,75,0,1399,4/7/2026 1:43
spoiled and fresh,31.6,75.2,29,1410,4/7/2026 1:44
spoiled and fresh,31.7,75.1,0,1426,4/7/2026 1:44
spoiled and fresh,31.7,75.1,0,1387,4/7/2026 1:45
spoiled and fresh,31.7,75.2,19,1408,4/7/2026 1:45
spoiled and fresh,31.7,75.1,22,1458,4/7/2026 1:46
spoiled and fresh,31.7,75.2,21,1419,4/7/2026 1:46
spoiled and fresh,31.8,75.1,30,1429,4/7/2026 1:47
spoiled and fresh,31.8,75.3,0,1453,4/7/2026 1:47
spoiled and fresh,31.7,75.2,36,1445,4/7/2026 1:48
spoiled and fresh,31.7,75.3,0,1450,4/7/2026 1:48
spoiled and fresh,31.8,75.2,0,1422,4/7/2026 1:49
spoiled and fresh,31.7,75.2,21,1444,4/7/2026 1:49
spoiled and fresh,31.7,75.2,0,1417,4/7/2026 1:50
spoiled and fresh,31.8,75.2,0,1467,4/7/2026 1:51
spoiled and fresh,31.8,75.3,31,1424,4/7/2026 1:51
spoiled and fresh,31.8,75.3,17,1421,4/7/2026 1:52
spoiled and fresh,31.8,75.1,7,1440,4/7/2026 1:52
spoiled and fresh,31.8,75.3,13,1453,4/7/2026 1:53
spoiled and fresh,31.8,75.3,0,1459,4/7/2026 1:53
spoiled and fresh,31.8,75.3,0,1438,4/7/2026 1:54
spoiled and fresh,31.9,75.3,0,1452,4/7/2026 1:54
spoiled and fresh,31.9,75.4,0,1435,4/7/2026 1:55
spoiled and fresh,31.9,75.3,0,1469,4/7/2026 1:55
spoiled and fresh,31.9,75.4,3,1463,4/7/2026 1:56
spoiled and fresh,31.9,75.4,3,1440,4/7/2026 1:56
spoiled and fresh,31.9,75.4,0,1458,4/7/2026 1:57
spoiled and fresh,31.9,75.3,1,1430,4/7/2026 1:57
spoiled and fresh,31.9,75.5,18,1487,4/7/2026 1:58
spoiled and fresh,31.9,75.5,7,1424,4/7/2026 1:58
spoiled and fresh,31.9,75.4,0,1435,4/7/2026 1:59
spoiled and fresh,31.9,75.5,10,1440,4/7/2026 1:59
spoiled and fresh,31.9,75.4,0,1473,4/7/2026 2:00
spoiled and fresh,31.9,75.7,0,1455,4/7/2026 2:00
spoiled and fresh,31.9,75.5,13,1474,4/7/2026 2:01
spoiled and fresh,31.9,75.6,5,1477,4/7/2026 2:01
spoiled and fresh,31.9,75.6,0,1425,4/7/2026 2:02
spoiled and fresh,32,75.5,38,1477,4/7/2026 2:02
spoiled and fresh,31.9,75.5,0,1437,4/7/2026 2:03
spoiled and fresh,32,75.5,0,1489,4/7/2026 2:03
spoiled and fresh,32,75.6,37,1456,4/7/2026 2:04
spoiled and fresh,32,75.6,0,1509,4/7/2026 2:04
spoiled and fresh,32,75.6,3,1462,4/7/2026 2:05
spoiled and fresh,32,75.6,10,1460,4/7/2026 2:05
spoiled and fresh,32,75.7,0,1505,4/7/2026 2:06
spoiled and fresh,32,75.7,1,1507,4/7/2026 2:06
spoiled and fresh,32,75.6,11,1449,4/7/2026 2:07
spoiled and fresh,32,75.5,0,1501,4/7/2026 2:07
spoiled and fresh,32.1,75.7,0,1518,4/7/2026 2:08
spoiled and fresh,32,75.7,26,1475,4/7/2026 2:08
spoiled and fresh,32,75.8,34,1514,4/7/2026 2:09
spoiled and fresh,32,75.8,0,1463,4/7/2026 2:09
spoiled and fresh,32.1,75.9,0,1491,4/7/2026 2:10
spoiled and fresh,32.1,75.9,24,1499,4/7/2026 2:10
spoiled and fresh,32.1,75.7,17,1478,4/7/2026 2:11
spoiled and fresh,32.1,75.8,5,1518,4/7/2026 2:11
spoiled and fresh,32.1,75.8,11,1488,4/7/2026 2:12
spoiled and fresh,32.1,75.8,0,1478,4/7/2026 2:12
spoiled and fresh,32.1,76,13,1517,4/7/2026 2:13
spoiled and fresh,32.1,75.8,0,1470,4/7/2026 2:13
spoiled and fresh,32.1,75.8,7,1491,4/7/2026 2:14
spoiled and fresh,32.1,75.8,0,1535,4/7/2026 2:14
spoiled and fresh,32.1,75.9,0,1533,4/7/2026 2:15
spoiled and fresh,32.1,75.8,20,1534,4/7/2026 2:15
spoiled and fresh,32.1,75.9,0,1517,4/7/2026 2:16
spoiled and fresh,32.1,75.9,0,1490,4/7/2026 2:16
spoiled and fresh,32.1,75.9,10,1499,4/7/2026 2:17
spoiled and fresh,32.2,76,0,1525,4/7/2026 2:17
spoiled and fresh,32.2,75.9,16,1522,4/7/2026 2:18
spoiled and fresh,32.2,76,0,1532,4/7/2026 2:18
spoiled and fresh,32.2,76,37,1505,4/7/2026 2:19
spoiled and fresh,32.2,76.1,35,1535,4/7/2026 2:19
spoiled and fresh,32.2,76.1,0,1501,4/7/2026 2:20
spoiled and fresh,32.2,76.2,0,1562,4/7/2026 2:20
spoiled and fresh,32.2,75.8,0,1494,4/7/2026 2:21
spoiled and fresh,32.2,76,43,1515,4/7/2026 2:21
spoiled and fresh,32.2,76.2,16,1499,4/7/2026 2:22
spoiled and fresh,32.2,76.1,37,1535,4/7/2026 2:22
spoiled and fresh,32.2,76,14,1517,4/7/2026 2:23
spoiled and fresh,32.2,76.1,45,1533,4/7/2026 2:23
spoiled and fresh,32.2,76.1,0,1520,4/7/2026 2:24
spoiled and fresh,32.2,76,0,1535,4/7/2026 2:24
spoiled and fresh,32.2,76.1,1,1494,4/7/2026 2:25
spoiled and fresh,32.3,76.1,0,1535,4/7/2026 2:26
spoiled and fresh,32.3,76.2,32,1518,4/7/2026 2:26
spoiled and fresh,32.2,76.1,16,1533,4/7/2026 2:27
spoiled and fresh,32.3,76.2,0,1501,4/7/2026 2:27
spoiled and fresh,32.3,76.2,20,1581,4/7/2026 2:28
spoiled and fresh,32.3,76.3,0,1566,4/7/2026 2:28
spoiled and fresh,32.3,76.4,29,1564,4/7/2026 2:29
spoiled and fresh,32.3,76.3,33,1510,4/7/2026 2:29
spoiled and fresh,32.3,76.2,0,1521,4/7/2026 2:30
spoiled and fresh,32.3,76.2,16,1579,4/7/2026 2:30
spoiled and fresh,32.3,76.2,34,1535,4/7/2026 2:31
spoiled and fresh,32.3,76.2,0,1574,4/7/2026 2:31
spoiled and fresh,32.3,76.3,0,1529,4/7/2026 2:32
spoiled and fresh,32.3,76.3,0,1562,4/7/2026 2:32
spoiled and fresh,32.3,76.4,9,1584,4/7/2026 2:33
spoiled and fresh,32.4,76.1,12,1535,4/7/2026 2:33
spoiled and fresh,32.4,76.3,29,1557,4/7/2026 2:34
spoiled and fresh,32.4,76.4,25,1594,4/7/2026 2:34
spoiled and fresh,32.4,76.4,0,1555,4/7/2026 2:35
spoiled and fresh,32.4,76.4,0,1535,4/7/2026 2:35
spoiled and fresh,32.4,76.4,0,1535,4/7/2026 2:36
spoiled and fresh,32.4,76.4,0,1597,4/7/2026 2:36
spoiled and fresh,32.4,76.4,1,1570,4/7/2026 2:37
spoiled and fresh,32.4,76.5,16,1559,4/7/2026 2:37
spoiled and fresh,32.4,76.5,37,1535,4/7/2026 2:38
spoiled and fresh,32.4,76.6,0,1569,4/7/2026 2:38
spoiled and fresh,32.4,76.6,0,1535,4/7/2026 2:39
spoiled and fresh,32.4,76.6,30,1583,4/7/2026 2:39
spoiled and fresh,32.5,76.6,16,1603,4/7/2026 2:40
spoiled and fresh,32.4,76.6,2,1598,4/7/2026 2:40
spoiled and fresh,32.5,76.5,7,1582,4/7/2026 2:41
spoiled and fresh,32.4,76.6,16,1577,4/7/2026 2:41
spoiled and fresh,32.5,76.7,0,1614,4/7/2026 2:42
spoiled and fresh,32.4,76.5,26,1614,4/7/2026 2:42
spoiled and fresh,32.5,76.8,0,1617,4/7/2026 2:43
spoiled and fresh,32.5,76.6,22,1568,4/7/2026 2:43
spoiled and fresh,32.5,76.4,0,1586,4/7/2026 2:44
spoiled and fresh,32.5,76.7,0,1614,4/7/2026 2:44
spoiled and fresh,32.5,76.7,16,1579,4/7/2026 2:45
spoiled and fresh,32.5,76.7,31,1602,4/7/2026 2:45
spoiled and fresh,32.5,76.8,0,1610,4/7/2026 2:46
spoiled and fresh,32.5,76.8,27,1616,4/7/2026 2:46
spoiled and fresh,32.5,76.7,0,1579,4/7/2026 2:47
spoiled and fresh,32.5,76.6,0,1535,4/7/2026 2:47
spoiled and fresh,32.5,76.7,0,1622,4/7/2026 2:48
spoiled and fresh,32.5,76.9,0,1617,4/7/2026 2:48
spoiled and fresh,32.5,76.8,0,1577,4/7/2026 2:49
spoiled and fresh,32.5,76.7,1,1611,4/7/2026 2:49
spoiled and fresh,32.6,76.9,0,1584,4/7/2026 2:50
spoiled and fresh,32.5,76.8,0,1571,4/7/2026 2:50
spoiled and fresh,32.5,76.9,0,1593,4/7/2026 2:51
spoiled and fresh,32.6,76.9,2,1615,4/7/2026 2:51
spoiled and fresh,32.6,77,1,1580,4/7/2026 2:52
spoiled and fresh,32.5,77,9,1574,4/7/2026 2:52
spoiled and fresh,32.6,76.9,0,1584,4/7/2026 2:53
spoiled and fresh,32.6,76.8,0,1595,4/7/2026 2:53
spoiled and fresh,32.6,76.8,0,1621,4/7/2026 2:54
spoiled and fresh,32.6,76.7,16,1616,4/7/2026 2:54
spoiled and fresh,32.6,76.9,15,1578,4/7/2026 2:55
spoiled and fresh,32.6,77,16,1625,4/7/2026 2:55
spoiled and fresh,32.6,76.9,8,1586,4/7/2026 2:56
spoiled and fresh,32.6,76.9,22,1643,4/7/2026 2:56
spoiled and fresh,32.6,76.9,9,1616,4/7/2026 2:57
spoiled and fresh,32.6,77,22,1648,4/7/2026 2:57
spoiled and fresh,32.6,76.7,0,1635,4/7/2026 2:58
spoiled and fresh,32.6,77,33,1644,4/7/2026 2:58
spoiled and fresh,32.6,77,22,1642,4/7/2026 2:59
spoiled and fresh,32.6,77,0,1624,4/7/2026 3:00
spoiled and fresh,32.6,77,0,1591,4/7/2026 3:00
spoiled and fresh,32.7,77,0,1606,4/7/2026 3:01
spoiled and fresh,32.6,77,18,1648,4/7/2026 3:01
spoiled and fresh,32.7,77.1,20,1647,4/7/2026 3:02
spoiled and fresh,32.7,77.3,16,1591,4/7/2026 3:02
spoiled and fresh,32.7,77.4,0,1607,4/7/2026 3:03
spoiled and fresh,32.7,77.1,16,1601,4/7/2026 3:03
spoiled and fresh,32.6,77.3,0,1595,4/7/2026 3:04
spoiled and fresh,32.7,77,4,1616,4/7/2026 3:04
spoiled and fresh,32.7,77,17,1619,4/7/2026 3:05
spoiled and fresh,32.7,77,0,1600,4/7/2026 3:05
spoiled and fresh,32.7,76.9,16,1622,4/7/2026 3:06
spoiled and fresh,32.7,76.9,0,1599,4/7/2026 3:06
spoiled and fresh,29.6,93.5,6,2399,4/9/2026 6:50
spoiled and fresh,29.7,94.2,0,2103,4/9/2026 6:50
spoiled and fresh,29.7,94.2,0,2022,4/9/2026 6:50
spoiled and fresh,29.8,94.6,5,1831,4/9/2026 6:50
spoiled and fresh,29.8,94.6,0,1770,4/9/2026 6:51
spoiled and fresh,29.9,94.6,0,1648,4/9/2026 6:51
spoiled and fresh,29.9,94.5,0,1631,4/9/2026 6:51
spoiled and fresh,29.9,94.6,16,1535,4/9/2026 6:52
spoiled and fresh,30,94.6,0,1567,4/9/2026 6:52
spoiled and fresh,30,88.6,0,1328,4/9/2026 6:52
spoiled and fresh,30,90.2,0,1296,4/9/2026 6:52
spoiled and fresh,30.1,93,0,1323,4/9/2026 6:53
spoiled and fresh,30.2,93.3,0,1291,4/9/2026 6:53
spoiled and fresh,30.3,94,0,1347,4/9/2026 6:53
spoiled and fresh,30.2,94,0,1356,4/9/2026 6:53
spoiled and fresh,30.4,94,6,1349,4/9/2026 6:54
spoiled and fresh,30.4,94.2,12,1340,4/9/2026 6:54
spoiled and fresh,30.5,94.2,0,1344,4/9/2026 6:54
spoiled and fresh,30.5,94,2,1346,4/9/2026 6:54
spoiled and fresh,30.6,93.9,0,1355,4/9/2026 6:55
spoiled and fresh,30.6,93.9,0,1388,4/9/2026 6:55
spoiled and fresh,30.8,93.7,2,1385,4/9/2026 6:55
spoiled and fresh,30.7,93.7,0,1373,4/9/2026 6:55
spoiled and fresh,30.8,93.5,0,1376,4/9/2026 6:56
spoiled and fresh,30.8,93.5,0,1377,4/9/2026 6:56
spoiled and fresh,30.9,93.4,0,1367,4/9/2026 6:56
spoiled and fresh,30.9,93.3,0,1390,4/9/2026 6:56
spoiled and fresh,30.9,93.2,5,1407,4/9/2026 6:57
spoiled and fresh,31,93.1,0,1419,4/9/2026 6:57
spoiled and fresh,31,92.8,0,1425,4/9/2026 6:57
spoiled and fresh,31,93,0,1386,4/9/2026 6:57
spoiled and fresh,31.1,92.7,0,1414,4/9/2026 6:58
spoiled and fresh,31.1,92.7,0,1442,4/9/2026 6:58
spoiled and fresh,31.2,92.5,0,1422,4/9/2026 6:58
spoiled and fresh,31.2,92.5,10,1452,4/9/2026 6:58
spoiled and fresh,31.2,92.1,0,1439,4/9/2026 6:59
spoiled and fresh,31.2,92.2,0,1468,4/9/2026 6:59
spoiled and fresh,31.3,92,0,1456,4/9/2026 6:59
spoiled and fresh,31.3,92,0,1457,4/9/2026 6:59
spoiled and fresh,31.3,91.9,0,1474,4/9/2026 7:00
spoiled and fresh,31.3,91.8,0,1458,4/9/2026 7:00
spoiled and fresh,31.4,91.7,1,1484,4/9/2026 7:00
spoiled and fresh,31.4,91.8,0,1486,4/9/2026 7:00
spoiled and fresh,31.4,81.8,0,1150,4/9/2026 7:01
spoiled and fresh,31.4,81.8,0,1064,4/9/2026 7:01
spoiled and fresh,31.4,86.8,0,1009,4/9/2026 7:01
spoiled and fresh,31.4,86.9,0,1042,4/9/2026 7:01
spoiled and fresh,31.4,88.4,0,1091,4/9/2026 7:02
spoiled and fresh,31.4,88.4,0,1060,4/9/2026 7:02
spoiled and fresh,31.4,89.4,0,1081,4/9/2026 7:02
spoiled and fresh,31.4,89.2,0,1101,4/9/2026 7:02
spoiled and fresh,31.5,89.7,0,1136,4/9/2026 7:03
spoiled and fresh,31.5,89.6,0,1131,4/9/2026 7:03
spoiled and fresh,31.4,89.7,0,1168,4/9/2026 7:03
spoiled and fresh,31.4,89.7,0,1169,4/9/2026 7:03
spoiled and fresh,31.5,89.8,1,1138,4/9/2026 7:04
spoiled and fresh,31.5,89.8,0,1173,4/9/2026 7:04
spoiled and fresh,31.5,89.7,0,1187,4/9/2026 7:05
spoiled and fresh,31.5,89.7,0,1168,4/9/2026 7:05
spoiled and fresh,31.5,89.4,0,1235,4/9/2026 7:05
spoiled and fresh,31.5,89.4,0,1243,4/9/2026 7:05
spoiled and fresh,31.6,89.5,0,1218,4/9/2026 7:06
spoiled and fresh,31.6,89.5,0,1225,4/9/2026 7:06
spoiled and fresh,31.6,89.3,0,1233,4/9/2026 7:06
spoiled and fresh,31.6,89.3,0,1237,4/9/2026 7:06
spoiled and fresh,31.6,89.5,0,1200,4/9/2026 7:07
spoiled and fresh,31.6,89.5,3,1191,4/9/2026 7:07
spoiled and fresh,31.7,89.4,0,1195,4/9/2026 7:07
spoiled and fresh,31.7,89.4,0,1193,4/9/2026 7:07
spoiled and fresh,31.7,89.1,4,1228,4/9/2026 7:08
spoiled and fresh,31.7,89.1,0,1186,4/9/2026 7:08
spoiled and fresh,31.7,88.8,0,1232,4/9/2026 7:08
spoiled and fresh,31.7,88.8,0,1210,4/9/2026 7:08
spoiled and fresh,31.7,89,0,1241,4/9/2026 7:09
spoiled and fresh,31.7,89,0,1225,4/9/2026 7:09
spoiled and fresh,31.8,89.1,0,1199,4/9/2026 7:09
spoiled and fresh,31.8,89.1,0,1191,4/9/2026 7:09
spoiled and fresh,31.8,88.8,0,1293,4/9/2026 7:10
spoiled and fresh,31.8,88.8,0,1271,4/9/2026 7:10
spoiled and fresh,31.8,88.8,0,1289,4/9/2026 7:10
spoiled and fresh,31.8,88.8,0,1249,4/9/2026 7:10
spoiled and fresh,31.8,88.5,0,1285,4/9/2026 7:11
spoiled and fresh,31.8,88.5,0,1268,4/9/2026 7:11
spoiled and fresh,31.9,88.6,0,1258,4/9/2026 7:11
spoiled and fresh,31.9,88.6,0,1280,4/9/2026 7:11
spoiled and fresh,31.8,88.8,0,1232,4/9/2026 7:12
spoiled and fresh,31.8,88.8,0,1264,4/9/2026 7:12
spoiled and fresh,31.9,88.5,0,1246,4/9/2026 7:12
spoiled and fresh,31.9,88.5,0,1229,4/9/2026 7:12
spoiled and fresh,31.9,88.6,0,1253,4/9/2026 7:13
spoiled and fresh,31.9,88.6,0,1278,4/9/2026 7:13
spoiled and fresh,31.9,88.7,0,1282,4/9/2026 7:13
spoiled and fresh,31.9,88.7,0,1264,4/9/2026 7:13
spoiled and fresh,31.9,88.7,0,1264,4/9/2026 7:14
spoiled and fresh,31.9,88.7,0,1264,4/9/2026 7:14
spoiled and fresh,31.9,88.4,0,1296,4/9/2026 7:14
spoiled and fresh,31.9,88.4,0,1283,4/9/2026 7:14
spoiled and fresh,32,89.4,0,1243,4/9/2026 7:15
spoiled and fresh,32,89.4,0,1269,4/9/2026 7:15
spoiled and fresh,32,89.4,0,1343,4/9/2026 7:15
spoiled and fresh,32,89.4,0,1341,4/9/2026 7:15
spoiled and fresh,32.1,89.6,0,1344,4/9/2026 7:16
spoiled and fresh,32.1,89.6,0,1328,4/9/2026 7:16
spoiled and fresh,32.1,89.5,0,1358,4/9/2026 7:16
spoiled and fresh,32.1,89.5,0,1408,4/9/2026 7:16
spoiled and fresh,32.1,89.5,0,1424,4/9/2026 7:17
spoiled and fresh,32.2,89.3,0,1408,4/9/2026 7:17
spoiled and fresh,32.2,89.5,0,1431,4/9/2026 7:18
spoiled and fresh,32.2,89.5,11,1425,4/9/2026 7:18
spoiled and fresh,32.2,89.3,0,1441,4/9/2026 7:18
spoiled and fresh,32.2,89.3,0,1403,4/9/2026 7:18
spoiled and fresh,32.2,89,13,1477,4/9/2026 7:19
spoiled and fresh,32.2,89,11,1474,4/9/2026 7:19
spoiled and fresh,32.3,89,0,1457,4/9/2026 7:19
spoiled and fresh,32.3,89,9,1455,4/9/2026 7:19
spoiled and fresh,32.3,88.9,18,1462,4/9/2026 7:20
spoiled and fresh,32.3,88.9,5,1467,4/9/2026 7:20
spoiled and fresh,32.3,88.9,0,1477,4/9/2026 7:20
spoiled and fresh,32.3,88.9,6,1475,4/9/2026 7:20
spoiled and fresh,32.4,89,14,1525,4/9/2026 7:21
spoiled and fresh,32.4,89,0,1488,4/9/2026 7:21
spoiled and fresh,32.4,88.9,0,1503,4/9/2026 7:21
spoiled and fresh,32.4,88.9,16,1487,4/9/2026 7:21
spoiled and fresh,32.4,88.8,0,1528,4/9/2026 7:22
spoiled and fresh,32.4,88.8,1,1530,4/9/2026 7:22
spoiled and fresh,32.4,88.7,6,1523,4/9/2026 7:22
spoiled and fresh,32.4,88.7,16,1520,4/9/2026 7:22
spoiled and fresh,32.5,88.6,13,1516,4/9/2026 7:23
spoiled and fresh,32.5,88.6,11,1520,4/9/2026 7:23
spoiled and fresh,32.5,88.6,0,1522,4/9/2026 7:23
spoiled and fresh,32.5,88.6,0,1535,4/9/2026 7:23
spoiled and fresh,32.5,88.6,27,1575,4/9/2026 7:24
spoiled and fresh,32.5,88.6,14,1573,4/9/2026 7:24
spoiled and fresh,32.6,88.5,16,1567,4/9/2026 7:24
spoiled and fresh,32.6,88.5,17,1579,4/9/2026 7:24
spoiled and fresh,32.5,88.5,3,1572,4/9/2026 7:25
spoiled and fresh,32.5,88.5,0,1589,4/9/2026 7:25
spoiled and fresh,32.6,88.3,6,1571,4/9/2026 7:25
spoiled and fresh,32.6,88.3,0,1591,4/9/2026 7:25
spoiled and fresh,32.6,88.4,14,1607,4/9/2026 7:26
spoiled and fresh,32.6,88.4,0,1581,4/9/2026 7:26
spoiled and fresh,32.6,88.5,1,1588,4/9/2026 7:26
spoiled and fresh,32.6,88.5,20,1629,4/9/2026 7:26
spoiled and fresh,32.6,88.4,0,1625,4/9/2026 7:27
spoiled and fresh,32.6,88.4,17,1617,4/9/2026 7:27
spoiled and fresh,32.6,88.4,7,1633,4/9/2026 7:27
spoiled and fresh,32.6,88.4,19,1632,4/9/2026 7:27
spoiled and fresh,32.6,88.2,0,1626,4/9/2026 7:28
spoiled and fresh,32.6,88.2,24,1634,4/9/2026 7:28
spoiled and fresh,32.7,88.2,16,1635,4/9/2026 7:28
spoiled and fresh,32.7,88.2,0,1617,4/9/2026 7:28
spoiled and fresh,32.7,88.2,17,1633,4/9/2026 7:29
spoiled and fresh,32.7,88.2,16,1645,4/9/2026 7:29
spoiled and fresh,32.7,88.3,0,1637,4/9/2026 7:29
spoiled and fresh,32.7,88.3,11,1627,4/9/2026 7:29
spoiled and fresh,32.7,88.2,14,1659,4/9/2026 7:30
spoiled and fresh,32.7,88.2,0,1628,4/9/2026 7:30
spoiled and fresh,32.7,88.2,29,1666,4/9/2026 7:30
spoiled and fresh,32.7,88.2,0,1655,4/9/2026 7:30
spoiled and fresh,32.7,88.1,0,1655,4/9/2026 7:31
spoiled and fresh,32.7,88.1,0,1654,4/9/2026 7:31
spoiled and fresh,32.7,88.1,10,1658,4/9/2026 7:31
spoiled and fresh,32.7,88.1,23,1648,4/9/2026 7:31
spoiled and fresh,32.8,88.7,13,1691,4/9/2026 7:32
spoiled and fresh,32.8,88.7,0,1679,4/9/2026 7:32
spoiled and fresh,32.8,88.1,7,1675,4/9/2026 7:32
spoiled and fresh,32.8,88.1,12,1665,4/9/2026 7:32
spoiled and fresh,32.8,88.5,3,1698,4/9/2026 7:33
spoiled and fresh,32.8,88.5,0,1694,4/9/2026 7:33
spoiled and fresh,32.8,88.5,15,1707,4/9/2026 7:33
spoiled and fresh,32.8,88.6,20,1710,4/9/2026 7:33
spoiled and fresh,32.8,88.5,0,1705,4/9/2026 7:34
spoiled and fresh,32.8,88.5,22,1707,4/9/2026 7:34
spoiled and fresh,32.8,88.7,3,1738,4/9/2026 7:34
spoiled and fresh,32.8,88.7,11,1717,4/9/2026 7:34
spoiled and fresh,32.8,88.5,15,1706,4/9/2026 7:35
spoiled and fresh,32.8,88.5,22,1721,4/9/2026 7:35
spoiled and fresh,32.8,88.5,14,1759,4/9/2026 7:35
spoiled and fresh,32.8,88.5,16,1714,4/9/2026 7:35
spoiled and fresh,32.8,88.5,23,1744,4/9/2026 7:36
spoiled and fresh,32.8,88.5,0,1715,4/9/2026 7:36
spoiled and fresh,32.8,88.5,27,1718,4/9/2026 7:36
spoiled and fresh,32.8,88.5,5,1734,4/9/2026 7:36
spoiled and fresh,32.9,88.4,0,1744,4/9/2026 7:37
spoiled and fresh,32.9,88.4,14,1754,4/9/2026 7:37
spoiled and fresh,32.9,88.5,9,1744,4/9/2026 7:37
spoiled and fresh,32.9,88.5,2,1745,4/9/2026 7:37
spoiled and fresh,32.9,88.5,19,1760,4/9/2026 7:38
spoiled and fresh,32.9,88.5,37,1760,4/9/2026 7:38
spoiled and fresh,32.9,88.5,31,1750,4/9/2026 7:38
spoiled and fresh,32.9,88.5,0,1761,4/9/2026 7:38
spoiled and fresh,32.9,88.5,27,1767,4/9/2026 7:39
spoiled and fresh,32.9,88.5,30,1758,4/9/2026 7:39
spoiled and fresh,32.9,88.5,0,1744,4/9/2026 7:39
spoiled and fresh,32.9,88.5,11,1734,4/9/2026 7:39
spoiled and fresh,32.9,88.3,0,1763,4/9/2026 7:40
spoiled and fresh,32.9,88.3,0,1762,4/9/2026 7:40
spoiled and fresh,33,88.4,15,1778,4/9/2026 7:40
spoiled and fresh,33,88.4,12,1769,4/9/2026 7:40
spoiled and fresh,33,88.4,3,1776,4/9/2026 7:41
spoiled and fresh,33,88.4,10,1788,4/9/2026 7:41
spoiled and fresh,33,88.3,9,1794,4/9/2026 7:41
spoiled and fresh,33,88.3,27,1770,4/9/2026 7:41
spoiled and fresh,32.9,88.4,29,1805,4/9/2026 7:42
spoiled and fresh,33,88.5,43,1817,4/9/2026 7:42
spoiled and fresh,33,88.6,3,1807,4/9/2026 7:42
spoiled and fresh,33,88.4,26,1821,4/9/2026 7:43
spoiled and fresh,33,88.4,33,1809,4/9/2026 7:43
spoiled and fresh,33,88.4,7,1831,4/9/2026 7:43
spoiled and fresh,33,88.5,18,1851,4/9/2026 7:43
spoiled and fresh,33,88.5,11,1875,4/9/2026 7:44
spoiled and fresh,33,88.6,32,1872,4/9/2026 7:44
spoiled and fresh,33,88.6,42,1877,4/9/2026 7:44
spoiled and fresh,33,88.6,28,1885,4/9/2026 7:45
spoiled and fresh,33.1,88.5,0,1875,4/9/2026 7:45
spoiled and fresh,33.1,88.6,27,1866,4/9/2026 7:45
spoiled and fresh,33.1,88.6,45,1917,4/9/2026 7:45
spoiled and fresh,33.1,88.6,17,1883,4/9/2026 7:46
spoiled and fresh,33.1,88.6,19,1873,4/9/2026 7:46
spoiled and fresh,33.1,88.4,17,1892,4/9/2026 7:46
spoiled and fresh,33.1,88.5,48,1892,4/9/2026 7:46
spoiled and fresh,33.1,88.5,11,1915,4/9/2026 7:47
spoiled and fresh,33.1,88.5,0,1893,4/9/2026 7:47
spoiled and fresh,33.1,88.4,0,1896,4/9/2026 7:47
spoiled and fresh,33.1,88.4,15,1872,4/9/2026 7:47
spoiled and fresh,33.1,88.4,32,1890,4/9/2026 7:48
spoiled and fresh,33.1,88.4,29,1893,4/9/2026 7:48
spoiled and fresh,33.1,88.3,42,1898,4/9/2026 7:48
spoiled and fresh,33.2,88.3,47,1911,4/9/2026 7:48
spoiled and fresh,33.1,88.4,7,1861,4/9/2026 7:49
spoiled and fresh,33.1,88.3,21,1904,4/9/2026 7:49
spoiled and fresh,33.2,88.3,29,1879,4/9/2026 7:49
spoiled and fresh,33.1,88.2,0,1874,4/9/2026 7:49
spoiled and fresh,33.1,88.2,5,1914,4/9/2026 7:50
spoiled and fresh,33.2,88.3,32,1912,4/9/2026 7:50
spoiled and fresh,33.2,88.3,11,1903,4/9/2026 7:50
spoiled and fresh,33.2,88.2,23,1895,4/9/2026 7:50
spoiled and fresh,33.2,88.2,0,1904,4/9/2026 7:51
spoiled and fresh,33.2,88.3,13,1886,4/9/2026 7:51
spoiled and fresh,33.2,88.2,30,1924,4/9/2026 7:51
spoiled and fresh,33.2,88.3,47,1910,4/9/2026 7:52
spoiled and fresh,33.2,88.2,31,1913,4/9/2026 7:52
spoiled and fresh,33.2,88.3,24,1907,4/9/2026 7:52
spoiled and fresh,33.2,88.3,3,1876,4/9/2026 7:52
spoiled and fresh,33.2,88.3,21,1914,4/9/2026 7:53
spoiled and fresh,33.1,88.3,6,1901,4/9/2026 7:53
spoiled and fresh,33.2,88.3,37,1917,4/9/2026 7:53
spoiled and fresh,33.2,88.2,22,1921,4/9/2026 7:53
spoiled and fresh,33.2,88.2,9,1930,4/9/2026 7:54
spoiled and fresh,33.2,88.3,9,1931,4/9/2026 7:54
spoiled and fresh,33.2,88.3,14,1954,4/9/2026 7:54
spoiled and fresh,33.2,88.2,0,1940,4/9/2026 7:54
spoiled and fresh,33.2,88.2,33,1923,4/9/2026 7:55
spoiled and fresh,33.2,88.3,9,1915,4/9/2026 7:55
spoiled and fresh,33.2,88.4,3,1937,4/9/2026 7:55
spoiled and fresh,33.2,88.2,49,1939,4/9/2026 7:55
spoiled and fresh,33.2,88.3,3,1968,4/9/2026 7:56
spoiled and fresh,33.2,88.2,43,1963,4/9/2026 7:56
spoiled and fresh,33.2,88.2,2,1954,4/9/2026 7:56
spoiled and fresh,33.3,88.2,2,1939,4/9/2026 7:56
spoiled and fresh,33.3,88.3,22,1954,4/9/2026 7:57
spoiled and fresh,33.2,88.3,32,1961,4/9/2026 7:57
spoiled and fresh,33.2,88.3,42,1980,4/9/2026 7:57
spoiled and fresh,33.2,88.3,48,1978,4/9/2026 7:57
spoiled and fresh,33.3,88.4,35,1955,4/9/2026 7:58
spoiled and fresh,33.3,88.3,44,1942,4/9/2026 7:58
spoiled and fresh,33.2,88.3,26,1956,4/9/2026 7:58
spoiled and fresh,33.2,88.3,14,1983,4/9/2026 7:58
spoiled and fresh,33.3,88.2,49,1986,4/9/2026 7:59
spoiled and fresh,33.3,88.3,21,1951,4/9/2026 7:59
spoiled and fresh,33.2,88.3,25,1994,4/9/2026 7:59
spoiled and fresh,33.3,88.3,41,1962,4/9/2026 7:59
spoiled and fresh,33.3,88.3,32,1985,4/9/2026 8:00
spoiled and fresh,33.3,88.2,16,1968,4/9/2026 8:00
spoiled and fresh,33.3,88.3,37,1996,4/9/2026 8:00
spoiled and fresh,33.2,88.3,19,1985,4/9/2026 8:00
spoiled and fresh,33.3,88.4,32,1968,4/9/2026 8:01
spoiled and fresh,33.3,88.3,31,1983,4/9/2026 8:01
spoiled and fresh,33.3,88.5,14,1983,4/9/2026 8:01
spoiled and fresh,33.3,88.3,43,2000,4/9/2026 8:01
spoiled and fresh,33.3,88.3,27,1991,4/9/2026 8:02
spoiled and fresh,33.3,88.3,3,1999,4/9/2026 8:02
spoiled and fresh,33.3,88.3,48,1973,4/9/2026 8:02
spoiled and fresh,33.3,88.3,38,1957,4/9/2026 8:02
spoiled and fresh,33.3,88.3,13,1993,4/9/2026 8:03
spoiled and fresh,33.3,88.3,46,1963,4/9/2026 8:03
spoiled and fresh,33.3,88.3,16,1970,4/9/2026 8:03
spoiled and fresh,33.4,88.3,48,2009,4/9/2026 8:03
spoiled and fresh,33.3,88.3,21,1983,4/9/2026 8:04
spoiled and fresh,33.3,88.4,8,2000,4/9/2026 8:04
spoiled and fresh,33.4,88.3,33,1983,4/9/2026 8:04
spoiled and fresh,33.3,88.3,27,2014,4/9/2026 8:04
spoiled and fresh,33.3,88.3,16,1979,4/9/2026 8:05
spoiled and fresh,33.3,88.2,24,2005,4/9/2026 8:05
spoiled and fresh,33.4,88.1,47,1997,4/9/2026 8:05
spoiled and fresh,33.4,88.3,44,2007,4/9/2026 8:05
spoiled and fresh,33.3,88.3,0,2013,4/9/2026 8:06
spoiled and fresh,33.3,88.5,41,2000,4/9/2026 8:06
spoiled and fresh,33.3,88.3,37,2023,4/9/2026 8:06
spoiled and fresh,33.4,88.3,25,2027,4/9/2026 8:06
spoiled and fresh,33.4,88.2,20,2035,4/9/2026 8:07
spoiled and fresh,33.4,88.3,50,2030,4/9/2026 8:07
spoiled and fresh,33.4,88.3,19,2047,4/9/2026 8:07
spoiled and fresh,33.4,88.3,45,2027,4/9/2026 8:07
spoiled and fresh,33.4,88.3,46,2022,4/9/2026 8:08
spoiled and fresh,33.4,88.3,31,2033,4/9/2026 8:08
spoiled and fresh,33.4,88.3,30,2002,4/9/2026 8:08
spoiled and fresh,33.4,88.4,26,2037,4/9/2026 8:08
spoiled and fresh,33.4,88.3,16,2054,4/9/2026 8:09
spoiled and fresh,33.4,88.3,32,2023,4/9/2026 8:09
spoiled and fresh,33.4,88.3,29,2034,4/9/2026 8:09
spoiled and fresh,33.4,88.3,48,2041,4/9/2026 8:09
spoiled and fresh,33.4,88.2,39,2083,4/9/2026 8:10
spoiled and fresh,33.4,88.3,15,2060,4/9/2026 8:10
spoiled and fresh,33.4,88.3,40,2063,4/9/2026 8:10
spoiled and fresh,33.4,88.2,48,2037,4/9/2026 8:10
spoiled and fresh,33.4,88.4,39,2032,4/9/2026 8:11
spoiled and fresh,33.4,88.2,14,2069,4/9/2026 8:11
spoiled and fresh,33.4,88.3,32,2064,4/9/2026 8:11
spoiled and fresh,33.4,88.4,46,2075,4/9/2026 8:12
spoiled and fresh,33.4,88.3,52,2029,4/9/2026 8:12
spoiled and fresh,33.4,88.4,16,2064,4/9/2026 8:12
spoiled and fresh,33.5,88.3,7,2040,4/9/2026 8:12
spoiled and fresh,33.4,88.3,34,2032,4/9/2026 8:13
spoiled and fresh,33.5,88.3,27,2032,4/9/2026 8:13
spoiled and fresh,33.5,88.3,16,2059,4/9/2026 8:13
spoiled and fresh,33.5,88.4,13,2042,4/9/2026 8:13
spoiled and fresh,33.4,88.3,19,2032,4/9/2026 8:14
spoiled and fresh,33.5,88.4,16,2046,4/9/2026 8:14
spoiled and fresh,33.5,88.3,45,2026,4/9/2026 8:14
spoiled and fresh,33.5,88.2,38,2057,4/9/2026 8:14
spoiled and fresh,33.5,88.3,22,2053,4/9/2026 8:15
spoiled and fresh,33.5,88.3,22,2032,4/9/2026 8:15
spoiled and fresh,33.5,88.4,48,2033,4/9/2026 8:15
spoiled and fresh,33.5,88.3,48,2064,4/9/2026 8:15
spoiled and fresh,33.5,88.3,21,2063,4/9/2026 8:16
spoiled and fresh,33.5,88.3,47,2039,4/9/2026 8:16
spoiled and fresh,33.5,88.4,32,2074,4/9/2026 8:16
spoiled and fresh,33.5,88.3,17,2073,4/9/2026 8:16
spoiled and fresh,33.5,88.3,39,2077,4/9/2026 8:17
spoiled and fresh,33.5,88.4,45,2035,4/9/2026 8:17
spoiled and fresh,33.5,88.3,52,2077,4/9/2026 8:17
spoiled and fresh,33.5,88.4,39,2061,4/9/2026 8:17
spoiled and fresh,33.5,88.3,23,2085,4/9/2026 8:18
spoiled and fresh,33.5,88.4,19,2090,4/9/2026 8:18
spoiled and fresh,33.5,88.5,22,2078,4/9/2026 8:18
spoiled and fresh,33.5,88.4,26,2090,4/9/2026 8:18
spoiled and fresh,33.5,88.3,19,2064,4/9/2026 8:19
spoiled and fresh,33.5,88.3,28,2097,4/9/2026 8:19
spoiled and fresh,33.5,88.3,18,2096,4/9/2026 8:19
spoiled and fresh,33.5,88.2,25,2073,4/9/2026 8:19
spoiled and fresh,33.5,88.4,11,2070,4/9/2026 8:20
spoiled and fresh,33.6,88.4,49,2078,4/9/2026 8:20
spoiled and fresh,33.6,88.3,34,2068,4/9/2026 8:20
spoiled and fresh,33.6,88.3,48,2066,4/9/2026 8:20
spoiled and fresh,33.5,88.4,23,2111,4/9/2026 8:21
spoiled and fresh,33.5,88.4,20,2107,4/9/2026 8:21
spoiled and fresh,33.6,88.3,34,2074,4/9/2026 8:21
spoiled and fresh,33.6,88.4,27,2094,4/9/2026 8:21
spoiled and fresh,33.6,88.4,46,2112,4/9/2026 8:22
spoiled and fresh,33.6,88.3,48,2076,4/9/2026 8:22
spoiled and fresh,33.6,88.4,38,2077,4/9/2026 8:22
spoiled and fresh,33.5,88.2,26,2094,4/9/2026 8:23
spoiled and fresh,33.6,88.4,43,2106,4/9/2026 8:23
spoiled and fresh,33.6,88.2,42,2102,4/9/2026 8:23
spoiled and fresh,33.6,88.4,31,2111,4/9/2026 8:23
spoiled and fresh,33.6,88.3,29,2128,4/9/2026 8:24
spoiled and fresh,33.6,88.4,32,2099,4/9/2026 8:24
spoiled and fresh,33.6,88.3,35,2112,4/9/2026 8:24
spoiled and fresh,33.6,88.4,48,2089,4/9/2026 8:24
spoiled and fresh,33.6,88.3,43,2128,4/9/2026 8:25
spoiled and fresh,33.6,88.3,48,2135,4/9/2026 8:25
spoiled and fresh,33.6,88.3,46,2138,4/9/2026 8:25
spoiled and fresh,33.6,88.2,55,2146,4/9/2026 8:25
spoiled and fresh,33.6,88.3,25,2148,4/9/2026 8:26
spoiled and fresh,33.6,88.3,30,2130,4/9/2026 8:26
spoiled and fresh,33.6,88.3,53,2145,4/9/2026 8:26
spoiled and fresh,33.6,88.3,29,2112,4/9/2026 8:26
spoiled and fresh,33.6,88.3,21,2143,4/9/2026 8:27
spoiled and fresh,33.6,88.3,54,2121,4/9/2026 8:27
spoiled and fresh,33.6,88.4,14,2113,4/9/2026 8:27
spoiled and fresh,33.6,88.2,25,2128,4/9/2026 8:27
spoiled and fresh,33.6,88.3,27,2138,4/9/2026 8:28
spoiled and fresh,33.6,88.4,21,2137,4/9/2026 8:28
spoiled and fresh,33.6,88.3,19,2128,4/9/2026 8:28
spoiled and fresh,33.7,88.4,30,2143,4/9/2026 8:28
spoiled and fresh,33.6,88.4,45,2153,4/9/2026 8:29
spoiled and fresh,33.6,88.4,48,2127,4/9/2026 8:29
spoiled and fresh,33.6,88.3,16,2121,4/9/2026 8:29
spoiled and fresh,33.6,88.3,29,2113,4/9/2026 8:29
spoiled and fresh,33.7,88.4,49,2157,4/9/2026 8:30
spoiled and fresh,33.7,88.4,50,2116,4/9/2026 8:30
spoiled and fresh,33.6,88.4,19,2162,4/9/2026 8:30
spoiled and fresh,33.6,88.4,45,2151,4/9/2026 8:30
spoiled and fresh,33.6,88.3,48,2139,4/9/2026 8:31
spoiled and fresh,33.6,88.3,50,2160,4/9/2026 8:31
spoiled and fresh,33.6,88.4,28,2128,4/9/2026 8:31
spoiled and fresh,33.7,88.4,48,2167,4/9/2026 8:31
spoiled and fresh,33.7,88.4,60,2174,4/9/2026 8:32
spoiled and fresh,33.6,88.4,62,2135,4/9/2026 8:32
spoiled and fresh,33.7,88.4,54,2142,4/9/2026 8:32
spoiled and fresh,33.7,88.4,26,2169,4/9/2026 8:32
spoiled and fresh,33.7,88.5,49,2154,4/9/2026 8:33
spoiled and fresh,33.6,88.3,48,2178,4/9/2026 8:33
spoiled and fresh,33.7,88.4,18,2141,4/9/2026 8:33
spoiled and fresh,33.7,88.4,36,2135,4/9/2026 8:33
spoiled and fresh,33.7,88.4,53,2183,4/9/2026 8:34
spoiled and fresh,33.7,88.4,49,2181,4/9/2026 8:34
spoiled and fresh,33.7,88.4,33,2160,4/9/2026 8:34
spoiled and fresh,33.7,88.4,41,2161,4/9/2026 8:34
spoiled and fresh,33.7,88.5,32,2151,4/9/2026 8:35
spoiled and fresh,33.6,78.2,17,1941,4/9/2026 8:35
spoiled and fresh,33.7,84.5,21,1702,4/9/2026 8:35
spoiled and fresh,33.7,85.7,37,1741,4/9/2026 8:35
spoiled and fresh,33.6,87.1,15,1795,4/9/2026 8:36
spoiled and fresh,33.6,87.4,44,1851,4/9/2026 8:36
spoiled and fresh,33.6,87.8,32,1872,4/9/2026 8:36
spoiled and fresh,33.6,87.9,47,1898,4/9/2026 8:36
spoiled and fresh,33.7,88.1,44,1922,4/9/2026 8:37
spoiled and fresh,33.6,88.2,41,1943,4/9/2026 8:37
spoiled and fresh,33.7,88.3,22,1935,4/9/2026 8:37
spoiled and fresh,33.7,88.4,38,1962,4/9/2026 8:37
spoiled and fresh,33.7,88.5,44,1968,4/9/2026 8:38
spoiled and fresh,33.7,88.5,42,1984,4/9/2026 8:38
spoiled and fresh,33.7,88.6,11,1981,4/9/2026 8:38
spoiled and fresh,33.7,88.5,45,1987,4/9/2026 8:38
spoiled and fresh,33.7,88.5,16,1995,4/9/2026 8:39
spoiled and fresh,33.7,88.5,46,1991,4/9/2026 8:39
spoiled and fresh,33.7,88.6,29,1970,4/9/2026 8:39
spoiled and fresh,33.7,88.5,20,1990,4/9/2026 8:39
spoiled and fresh,33.7,88.5,38,2013,4/9/2026 8:40
spoiled and fresh,33.7,88.6,33,1998,4/9/2026 8:40
spoiled and fresh,33.7,88.4,33,2030,4/9/2026 8:40
spoiled and fresh,33.7,88.5,44,2005,4/9/2026 8:40
spoiled and fresh,33.7,88.5,25,2019,4/9/2026 8:41
spoiled and fresh,33.7,88.5,38,2027,4/9/2026 8:41
spoiled and fresh,33.7,88.6,58,2026,4/9/2026 8:41
spoiled and fresh,33.7,88.6,35,2018,4/9/2026 8:41
spoiled and fresh,33.7,88.5,16,2063,4/9/2026 8:42
spoiled and fresh,33.7,88.5,43,2064,4/9/2026 8:42
spoiled and fresh,33.8,88.5,7,2032,4/9/2026 8:42
spoiled and fresh,33.8,88.5,26,2022,4/9/2026 8:42
spoiled and fresh,33.7,88.6,33,2030,4/9/2026 8:43
spoiled and fresh,33.7,88.6,48,2023,4/9/2026 8:43
spoiled and fresh,33.8,88.5,32,2064,4/9/2026 8:43
spoiled and fresh,33.8,88.5,27,2047,4/9/2026 8:43
spoiled and fresh,33.8,88.5,53,2026,4/9/2026 8:44
spoiled and fresh,33.8,88.5,18,2030,4/9/2026 8:44
spoiled and fresh,33.8,88.6,50,2042,4/9/2026 8:44
spoiled and fresh,33.8,88.6,44,2052,4/9/2026 8:44
spoiled and fresh,33.8,88.5,32,2057,4/9/2026 8:45
spoiled and fresh,33.8,88.5,19,2019,4/9/2026 8:45
spoiled and fresh,33.8,88.6,31,2053,4/9/2026 8:45
spoiled and fresh,33.8,88.6,50,2071,4/9/2026 8:45
spoiled and fresh,33.8,88.5,35,2045,4/9/2026 8:46
spoiled and fresh,33.8,88.5,39,2075,4/9/2026 8:46
spoiled and fresh,33.8,88.5,23,2069,4/9/2026 8:46
spoiled and fresh,33.8,88.5,21,2055,4/9/2026 8:46
spoiled and fresh,33.8,88.5,34,2047,4/9/2026 8:47
spoiled and fresh,33.8,88.5,48,2055,4/9/2026 8:47
spoiled and fresh,33.8,88.6,21,2091,4/9/2026 8:47
spoiled and fresh,33.8,88.6,25,2076,4/9/2026 8:47
spoiled and fresh,33.8,88.5,64,2089,4/9/2026 8:48
spoiled and fresh,33.8,88.5,22,2063,4/9/2026 8:48
spoiled and fresh,33.8,88.5,49,2055,4/9/2026 8:48
spoiled and fresh,33.8,88.5,32,2077,4/9/2026 8:48
spoiled and fresh,33.9,88.7,27,2106,4/9/2026 8:49
spoiled and fresh,33.9,88.7,65,2073,4/9/2026 8:49
spoiled and fresh,33.9,88.5,53,2067,4/9/2026 8:49
spoiled and fresh,33.9,88.5,27,2057,4/9/2026 8:49
spoiled and fresh,33.9,88.5,50,2094,4/9/2026 8:50
spoiled and fresh,33.9,88.5,24,2084,4/9/2026 8:50
spoiled and fresh,33.9,88.5,39,2069,4/9/2026 8:50
spoiled and fresh,33.9,88.5,65,2070,4/9/2026 8:50
spoiled and fresh,33.9,88.6,35,2083,4/9/2026 8:51
spoiled and fresh,33.9,88.6,33,2064,4/9/2026 8:51
spoiled and fresh,33.8,88.5,38,2075,4/9/2026 8:52
spoiled and fresh,33.8,88.5,48,2087,4/9/2026 8:52
spoiled and fresh,33.9,88.6,56,2106,4/9/2026 8:52
spoiled and fresh,33.9,88.6,32,2063,4/9/2026 8:52
spoiled and fresh,33.9,88.6,15,2089,4/9/2026 8:53
spoiled and fresh,33.9,88.6,46,2075,4/9/2026 8:53
all spoiled ,32.1,77,239,4095,4/18/2026 12:01
all spoiled ,31.9,78.4,233,3952,4/18/2026 12:01
all spoiled ,31.8,78.6,243,3115,4/18/2026 12:02
all spoiled ,31.7,79.6,232,2697,4/18/2026 12:02
all spoiled ,31.6,80.3,224,2443,4/18/2026 12:03
all spoiled ,31.5,79.6,214,2198,4/18/2026 12:03
all spoiled ,31.4,78.1,229,1953,4/18/2026 12:04
all spoiled ,31.3,71.8,205,1712,4/18/2026 12:04
all spoiled ,31.1,75.4,213,1595,4/18/2026 12:05
all spoiled ,31,71.4,208,1497,4/18/2026 12:05
all spoiled ,30.7,73,209,1392,4/18/2026 12:06
all spoiled ,30.5,74.4,183,1343,4/18/2026 12:06
all spoiled ,30.3,76.7,209,1242,4/18/2026 12:07
all spoiled ,30.1,76.6,211,1187,4/18/2026 12:07
all spoiled ,30,75.4,205,1167,4/18/2026 12:08
all spoiled ,29.9,77.2,226,1087,4/18/2026 12:08
all spoiled ,29.9,77.2,220,1082,4/18/2026 12:09
all spoiled ,29.8,77.5,224,1023,4/18/2026 12:09
all spoiled ,29.8,78.6,221,1039,4/18/2026 12:10
all spoiled ,29.7,78,238,1008,4/18/2026 12:10
all spoiled ,29.7,78.3,210,991,4/18/2026 12:11
all spoiled ,29.7,79.8,229,976,4/18/2026 12:11
all spoiled ,29.6,79.1,230,979,4/18/2026 12:12
all spoiled ,29.6,80.2,239,939,4/18/2026 12:12
all spoiled ,29.7,79.6,228,912,4/18/2026 12:13
all spoiled ,29.6,78.9,258,955,4/18/2026 12:13
all spoiled ,29.6,80,225,937,4/18/2026 12:14
all spoiled ,29.6,79.4,245,945,4/18/2026 12:14
all spoiled ,29.7,79.7,243,934,4/18/2026 12:15
all spoiled ,29.7,80.7,240,954,4/18/2026 12:15
all spoiled ,29.7,79.9,242,966,4/18/2026 12:16
all spoiled ,29.7,80.4,235,970,4/18/2026 12:16
all spoiled ,29.7,80.9,250,964,4/18/2026 12:17
all spoiled ,29.7,80.3,240,955,4/18/2026 12:17
all spoiled ,29.7,80.5,237,923,4/18/2026 12:18
all spoiled ,29.7,81,242,963,4/18/2026 12:18
all spoiled ,29.8,80.3,246,949,4/18/2026 12:19
all spoiled ,29.8,79.9,258,937,4/18/2026 12:19
all spoiled ,29.8,80.5,238,960,4/18/2026 12:20
all spoiled ,29.9,80.3,221,953,4/18/2026 12:20
all spoiled ,29.9,80.4,233,958,4/18/2026 12:21
all spoiled ,29.9,80.3,211,951,4/18/2026 12:21
all spoiled ,29.9,80.2,247,966,4/18/2026 12:22
all spoiled ,29.9,81,231,974,4/18/2026 12:23
all spoiled ,29.9,80.6,224,980,4/18/2026 12:23
all spoiled ,30,81.6,213,986,4/18/2026 12:24
all spoiled ,30,81.2,199,986,4/18/2026 12:24
all spoiled ,30,80.4,203,963,4/18/2026 12:25
all spoiled ,30.1,81,210,1012,4/18/2026 12:25
all spoiled ,30.1,81.6,206,976,4/18/2026 12:26
all spoiled ,30.1,80.8,223,967,4/18/2026 12:26
all spoiled ,30.2,81.5,218,941,4/18/2026 12:27
all spoiled ,30.2,81.5,182,991,4/18/2026 12:27
all spoiled ,30.3,81,189,992,4/18/2026 12:28
all spoiled ,30.3,81.5,205,960,4/18/2026 12:28
all spoiled ,30.3,80.6,208,986,4/18/2026 12:29
all spoiled ,30.4,80.7,205,990,4/18/2026 12:29
all spoiled ,30.4,80.9,211,975,4/18/2026 12:30
all spoiled ,30.5,80.9,208,983,4/18/2026 12:30
all spoiled ,30.4,81.1,222,976,4/18/2026 12:31
all spoiled ,30.6,80.5,212,972,4/18/2026 12:31
all spoiled ,30.6,80.7,210,1008,4/18/2026 12:32
all spoiled ,30.6,79.7,212,979,4/18/2026 12:32
all spoiled ,30.7,80.3,197,971,4/18/2026 12:33
all spoiled ,30.7,80,202,944,4/18/2026 12:33
all spoiled ,30.7,79.6,199,1002,4/18/2026 12:34
all spoiled ,30.8,80.8,166,871,4/18/2026 12:34
all spoiled ,30.9,79,114,853,4/18/2026 12:35
all spoiled ,31,77.6,95,848,4/18/2026 12:35
all spoiled ,30.9,78,113,859,4/18/2026 12:36
all spoiled ,30.9,77.8,97,873,4/18/2026 12:36
all spoiled ,30.9,80.6,106,895,4/18/2026 12:37
all spoiled ,30.8,78.5,102,898,4/18/2026 12:37
all spoiled ,30.9,79.3,121,886,4/18/2026 12:38
all spoiled ,30.9,80.4,103,879,4/18/2026 12:38
all spoiled ,30.9,80.7,93,834,4/18/2026 12:39
all spoiled ,30.8,79.7,90,850,4/18/2026 12:39
all spoiled ,30.9,79.7,105,867,4/18/2026 12:40
all spoiled ,30.9,79.3,96,911,4/18/2026 12:40
all spoiled ,30.9,79.4,107,848,4/18/2026 12:41
all spoiled ,30.9,79.8,92,877,4/18/2026 12:41
all spoiled ,30.9,80.9,85,868,4/18/2026 12:42
all spoiled ,31,80.8,99,834,4/18/2026 12:42
all spoiled ,30.9,79.8,91,854,4/18/2026 12:43
all spoiled ,31,80.8,103,839,4/18/2026 12:43
all spoiled ,31.1,80.8,125,852,4/18/2026 12:44
all spoiled ,31,80.6,87,892,4/18/2026 12:44
all spoiled ,31,79.7,129,874,4/18/2026 12:45
all spoiled ,31.1,80.4,100,840,4/18/2026 12:45
all spoiled ,31.1,80,83,899,4/18/2026 12:46
all spoiled ,31.1,79.8,88,847,4/18/2026 12:46
all spoiled ,31.2,81.2,81,879,4/18/2026 12:47
all spoiled ,31.2,80.7,106,912,4/18/2026 12:47
all spoiled ,31.2,80.8,97,933,4/18/2026 12:48
all spoiled ,31.2,80.7,97,909,4/18/2026 12:48
all spoiled ,31.3,81,101,929,4/18/2026 12:49
all spoiled ,31.3,80.2,113,919,4/18/2026 12:49
all spoiled ,31.3,80.8,101,919,4/18/2026 12:50
all spoiled ,31.4,81.1,107,936,4/18/2026 12:50
all spoiled ,31.4,80.4,111,960,4/18/2026 12:51
all spoiled ,31.4,80.8,106,930,4/18/2026 12:51
all spoiled ,31.4,80.8,105,939,4/18/2026 12:52
all spoiled ,31.5,80.5,105,923,4/18/2026 12:52
all spoiled ,31.5,80.7,108,998,4/18/2026 12:53
all spoiled ,31.5,80.7,92,978,4/18/2026 12:53
all spoiled ,31.6,82,110,949,4/18/2026 12:54
all spoiled ,31.6,81.3,89,979,4/18/2026 12:54
all spoiled ,31.6,82.1,104,960,4/18/2026 12:55
all spoiled ,31.6,81.2,102,950,4/18/2026 12:55
all spoiled ,31.7,81.5,115,931,4/18/2026 12:56
all spoiled ,31.7,80.9,110,947,4/18/2026 12:56
all spoiled ,31.8,82.6,109,958,4/18/2026 12:57
all spoiled ,31.8,80.9,126,962,4/18/2026 12:57
all spoiled ,31.8,80.9,100,1023,4/18/2026 12:58
all spoiled ,31.8,80.9,87,1035,4/18/2026 12:58
all spoiled ,31.9,80.6,101,1015,4/18/2026 12:59
all spoiled ,31.9,81.5,90,1023,4/18/2026 12:59
all spoiled ,31.9,80.9,90,1045,4/18/2026 13:00
all spoiled ,31.9,80.3,103,1056,4/18/2026 13:00
all spoiled ,31.9,81.1,108,1035,4/18/2026 13:01
all spoiled ,32,80.9,110,1040,4/18/2026 13:01
all spoiled ,32,80.1,112,1059,4/18/2026 13:02
all spoiled ,32,82.1,91,1017,4/18/2026 13:02
all spoiled ,32.1,80.5,110,1021,4/18/2026 13:03
all spoiled ,32.1,80.7,110,979,4/18/2026 13:03
all spoiled ,32.1,81.6,110,1009,4/18/2026 13:04
all spoiled ,32.2,80.8,121,975,4/18/2026 13:04
all spoiled ,32.2,80.1,107,1037,4/18/2026 13:05
all spoiled ,32.2,79.9,123,1033,4/18/2026 13:05
all spoiled ,32.2,80.2,125,1008,4/18/2026 13:06
all spoiled ,32.3,80.8,109,1059,4/18/2026 13:06
all spoiled ,32.3,80.8,95,1019,4/18/2026 13:07
all spoiled ,32.3,79.9,109,1061,4/18/2026 13:07
all spoiled ,32.3,80.2,98,1047,4/18/2026 13:08
all spoiled ,32.3,79.7,118,1040,4/18/2026 13:08
all spoiled ,32.4,79.8,97,1056,4/18/2026 13:09
all spoiled ,32.4,79.6,100,994,4/18/2026 13:09
all spoiled ,32.4,80.7,107,1039,4/18/2026 13:10
all spoiled ,32.4,79.4,101,1022,4/18/2026 13:10
all spoiled ,32.4,80.5,127,1045,4/18/2026 13:11
all spoiled ,32.5,80,110,1050,4/18/2026 13:11
all spoiled ,32.5,79.4,132,1137,4/18/2026 13:12
all spoiled ,32.5,79.8,107,1126,4/18/2026 13:12
all spoiled ,32.6,80,117,1074,4/18/2026 13:13
all spoiled ,32.6,79.4,109,1043,4/18/2026 13:13
all spoiled ,32.6,79.9,105,1073,4/18/2026 13:14
all spoiled ,32.6,79.4,115,999,4/18/2026 13:15
all spoiled ,32.7,80,112,959,4/18/2026 13:15
all spoiled ,32.7,79.1,95,1078,4/18/2026 13:16
all spoiled ,32.7,79.1,95,1016,4/18/2026 13:16
all spoiled ,32.7,80.2,119,1009,4/18/2026 13:17
all spoiled ,32.8,80.1,112,1008,4/18/2026 13:17
all spoiled ,32.7,79.1,105,1092,4/18/2026 13:18
all spoiled ,32.8,79.8,125,1115,4/18/2026 13:18
all spoiled ,32.8,80.2,134,1042,4/18/2026 13:19
all spoiled ,32.8,79.6,97,1043,4/18/2026 13:19
all spoiled ,32.8,79.6,128,1090,4/18/2026 13:20
all spoiled ,32.8,79.5,108,1072,4/18/2026 13:20
all spoiled ,32.8,79.7,111,1051,4/18/2026 13:21
all spoiled ,32.8,80.3,103,1059,4/18/2026 13:21
all spoiled ,32.9,79.4,112,1081,4/18/2026 13:22
all spoiled ,32.9,80.7,104,1061,4/18/2026 13:22
all spoiled ,32.9,79.5,114,1146,4/18/2026 13:23
all spoiled ,33,80.3,118,1060,4/18/2026 13:23
all spoiled ,33,80.2,112,987,4/18/2026 13:24
all spoiled ,33,79.5,116,961,4/18/2026 13:24
all spoiled ,33,79.7,130,978,4/18/2026 13:25
all spoiled ,33,80.1,87,999,4/18/2026 13:25
all spoiled ,33,79.9,112,983,4/18/2026 13:26
all spoiled ,33,79.7,139,1062,4/18/2026 13:26
all spoiled ,33,79.8,113,995,4/18/2026 13:27
all spoiled ,33,79.5,110,1141,4/18/2026 13:27
all spoiled ,33.1,80.1,109,1043,4/18/2026 13:28
all spoiled ,33,79.5,117,1003,4/18/2026 13:28
all spoiled ,33.1,80.9,112,1059,4/18/2026 13:29
all spoiled ,33.1,79.8,114,1000,4/18/2026 13:29
all spoiled ,33.1,79.8,110,1018,4/18/2026 13:30
all spoiled ,33.2,80.1,125,1015,4/18/2026 13:30
all spoiled ,33.2,79.8,110,1031,4/18/2026 13:31
all spoiled ,33.2,79.4,122,1138,4/18/2026 13:31
all spoiled ,33.2,80,112,1046,4/18/2026 13:32
all spoiled ,33.2,79.4,120,1139,4/18/2026 13:32
all spoiled ,33.2,79.7,112,1072,4/18/2026 13:33
all spoiled ,33.2,79.5,98,1124,4/18/2026 13:33
all spoiled ,33.3,80.3,97,1022,4/18/2026 13:34
all spoiled ,33.3,79.7,107,1135,4/18/2026 13:34
all spoiled ,33.3,79.7,132,1150,4/18/2026 13:35
all spoiled ,33.3,80.2,114,1063,4/18/2026 13:35
all spoiled ,33.3,80.2,96,1014,4/18/2026 13:36
all spoiled ,33.3,79.7,111,1008,4/18/2026 13:36
all spoiled ,33.4,79.8,112,1059,4/18/2026 13:37
all spoiled ,33.4,79.5,112,1131,4/18/2026 13:37
all spoiled ,33.4,79.4,150,1023,4/18/2026 13:38
all spoiled ,33.4,79.6,126,1199,4/18/2026 13:38
all spoiled ,33.4,79.6,127,1122,4/18/2026 13:39
all spoiled ,33.4,79.6,117,1084,4/18/2026 13:39
all spoiled ,33.5,79.8,128,1050,4/18/2026 13:40
all spoiled ,33.4,79.9,110,1072,4/18/2026 13:40
all spoiled ,33.5,79.9,100,1182,4/18/2026 13:41
all spoiled ,33.5,79.9,116,1072,4/18/2026 13:41
all spoiled ,33.5,80.2,115,1010,4/18/2026 13:42
all spoiled ,33.5,79.7,98,1200,4/18/2026 13:42
all spoiled ,33.5,80.1,113,1104,4/18/2026 13:43
all spoiled ,33.5,79.5,97,1168,4/18/2026 13:43
all spoiled ,33.6,79.3,101,1262,4/18/2026 13:44
all spoiled ,33.6,79.5,119,1226,4/18/2026 13:44
all spoiled ,33.6,79,106,1394,4/18/2026 13:45
all spoiled ,33.6,79.2,101,1350,4/18/2026 13:45
all spoiled ,33.6,79.8,89,1394,4/18/2026 13:46
all spoiled ,33.6,79.2,126,1391,4/18/2026 13:46
all spoiled ,33.6,79.5,95,1297,4/18/2026 13:47
all spoiled ,33.7,79.1,112,1291,4/18/2026 13:47
all spoiled ,33.7,79.7,106,1207,4/18/2026 13:48
all spoiled ,33.7,79.5,113,1126,4/18/2026 13:48
all spoiled ,33.7,79.4,112,1290,4/18/2026 13:49
all spoiled ,33.7,79.8,127,1186,4/18/2026 13:49
all spoiled ,33.7,80.1,117,1225,4/18/2026 13:50
all spoiled ,33.7,79.6,106,1221,4/18/2026 13:50
all spoiled ,33.7,79.3,118,1490,4/18/2026 13:51
all spoiled ,33.7,79.5,112,1308,4/18/2026 13:51
all spoiled ,33.8,79.3,113,1219,4/18/2026 13:52
all spoiled ,33.8,79.5,127,1280,4/18/2026 13:52
all spoiled ,33.8,79.5,114,1088,4/18/2026 13:53
all spoiled ,33.8,79.4,92,1239,4/18/2026 13:53
all spoiled ,33.8,79.4,117,1443,4/18/2026 13:54
all spoiled ,33.8,79.8,122,1134,4/18/2026 13:54
all spoiled ,33.8,79.6,100,1242,4/18/2026 13:55
all spoiled ,33.8,79.6,139,1230,4/18/2026 13:55
all spoiled ,33.8,79.8,125,1161,4/18/2026 13:56
all spoiled ,33.9,80.1,112,1156,4/18/2026 13:56
all spoiled ,33.9,80,126,1221,4/18/2026 13:57
all spoiled ,33.9,80.1,105,1125,4/18/2026 13:57
all spoiled ,33.9,79.9,124,1263,4/18/2026 13:58
all spoiled ,34,80.1,124,1123,4/18/2026 13:58
all spoiled ,34,80.3,96,1097,4/18/2026 13:59
all spoiled ,34,80.2,125,1136,4/18/2026 13:59
all spoiled ,34,80,119,1120,4/18/2026 14:00
all spoiled ,34,79.4,99,1382,4/18/2026 14:00
all spoiled ,34,79.8,115,1143,4/18/2026 14:01
all spoiled ,34,79.8,95,1411,4/18/2026 14:01
all spoiled ,34,79.8,105,1339,4/18/2026 14:02
all spoiled ,34,79.7,117,1191,4/18/2026 14:02
all spoiled ,34,80,102,1280,4/18/2026 14:03
all spoiled ,34,79.8,129,1186,4/18/2026 14:03
all spoiled ,34.1,80.1,113,1194,4/18/2026 14:04
all spoiled ,34.1,80,113,1136,4/18/2026 14:04
all spoiled ,34.1,80.1,99,1138,4/18/2026 14:05
all spoiled ,34.1,79.9,109,1156,4/18/2026 14:05
all spoiled ,34.1,79.6,111,1125,4/18/2026 14:06
all spoiled ,34.1,79.9,128,1103,4/18/2026 14:07
all spoiled ,34.1,79.8,82,1331,4/18/2026 14:07
all spoiled ,34.1,79.7,103,1394,4/18/2026 14:08
all spoiled ,34.1,79.5,139,1488,4/18/2026 14:08
all spoiled ,34.2,79.5,117,1531,4/18/2026 14:09
all spoiled ,34.2,79.6,112,1329,4/18/2026 14:09
all spoiled ,34.2,79.7,114,1213,4/18/2026 14:10
all spoiled ,34.2,79.9,113,1289,4/18/2026 14:10
all spoiled ,34.2,79.7,126,1196,4/18/2026 14:11
all spoiled ,34.2,79.6,112,1184,4/18/2026 14:11
all spoiled ,34.2,79.6,112,1234,4/18/2026 14:12
all spoiled ,34.2,79.7,113,1204,4/18/2026 14:12
all spoiled ,34.2,79.8,115,1200,4/18/2026 14:13
all spoiled ,34.2,79.8,85,1167,4/18/2026 14:13
all spoiled ,34.3,80,133,1190,4/18/2026 14:14
all spoiled ,34.2,79.9,139,1168,4/18/2026 14:14
all spoiled ,34.3,79.9,133,1231,4/18/2026 14:15
all spoiled ,34.3,79.9,113,1175,4/18/2026 14:15
all spoiled ,34.3,80.2,128,1215,4/18/2026 14:16
all spoiled ,34.3,79.9,114,1250,4/18/2026 14:16
all spoiled ,34.3,79.8,105,1242,4/18/2026 14:17
all spoiled ,34.3,80.2,101,1159,4/18/2026 14:17
all spoiled ,34.3,79.7,105,1298,4/18/2026 14:18
all spoiled ,34.3,79.6,133,1653,4/18/2026 14:18
all spoiled ,34.3,79.7,100,1572,4/18/2026 14:19
all spoiled ,34.3,79.7,123,1399,4/18/2026 14:19
all spoiled ,34.3,79.9,94,1354,4/18/2026 14:20
all spoiled ,34.4,79.7,100,1327,4/18/2026 14:20
all spoiled ,34.4,79.8,135,1268,4/18/2026 14:21
all spoiled ,34.4,80,117,1202,4/18/2026 14:21
all spoiled ,34.4,79.7,96,1226,4/18/2026 14:22
all spoiled ,34.4,79.9,105,1187,4/18/2026 14:22
all spoiled ,34.4,79.8,115,1331,4/18/2026 14:23
all spoiled ,34.5,79.8,110,1161,4/18/2026 14:23
all spoiled ,34.4,79.7,114,1164,4/18/2026 14:24
all spoiled ,34.5,80.1,90,1372,4/18/2026 14:24
all spoiled ,34.5,79.9,106,1249,4/18/2026 14:25
all spoiled ,34.5,79.8,101,1350,4/18/2026 14:25
all spoiled ,34.5,79.7,118,1534,4/18/2026 14:26
all spoiled ,34.5,79.6,135,1522,4/18/2026 14:26
all spoiled ,34.5,79.8,107,1391,4/18/2026 14:27
all spoiled ,34.5,80.1,103,1313,4/18/2026 14:27
all spoiled ,34.5,80.1,112,1249,4/18/2026 14:28
all spoiled ,34.5,79.8,101,1422,4/18/2026 14:28
all spoiled ,34.6,79.8,118,1265,4/18/2026 14:29
all spoiled ,34.5,79.8,119,1328,4/18/2026 14:29
all spoiled ,34.6,79.8,109,1229,4/18/2026 14:30
all spoiled ,34.6,80,115,1237,4/18/2026 14:30
all spoiled ,34.6,79.9,115,1274,4/18/2026 14:31
all spoiled ,34.6,79.9,112,1390,4/18/2026 14:31
all spoiled ,34.6,79.7,112,1261,4/18/2026 14:32
all spoiled ,34.6,79.6,110,1718,4/18/2026 14:32
all spoiled ,34.6,79.5,112,1440,4/18/2026 14:33
all spoiled ,34.6,79.7,112,1663,4/18/2026 14:33
all spoiled ,34.6,79.6,101,1474,4/18/2026 14:34
all spoiled ,34.6,79.8,93,1735,4/18/2026 14:34
all spoiled ,34.7,79.7,101,1345,4/18/2026 14:35
all spoiled ,34.7,79.9,94,1333,4/18/2026 14:35
all spoiled ,34.7,79.7,112,1381,4/18/2026 14:36
all spoiled ,34.7,79.8,128,1630,4/18/2026 14:36
all spoiled ,34.6,79.8,99,1395,4/18/2026 14:37
all spoiled ,34.7,79.8,126,1351,4/18/2026 14:37
all spoiled ,34.7,79.8,128,1671,4/18/2026 14:38
all spoiled ,34.7,79.9,128,1505,4/18/2026 14:38
all spoiled ,34.7,80,89,1621,4/18/2026 14:39
all spoiled ,34.7,79.8,119,1328,4/18/2026 14:39
all spoiled ,34.7,80.1,123,1340,4/18/2026 14:40
all spoiled ,34.8,80.1,134,1456,4/18/2026 14:40
all spoiled ,34.7,79.4,133,1278,4/18/2026 14:41
all spoiled ,34.7,79.8,128,1584,4/18/2026 14:41
all spoiled ,34.8,79.8,114,1572,4/18/2026 14:42
all spoiled ,34.8,79.9,114,1349,4/18/2026 14:42
all spoiled ,34.8,80.3,114,1462,4/18/2026 14:43
all spoiled ,34.8,80.3,117,1345,4/18/2026 14:43
all spoiled ,34.8,80.1,124,1435,4/18/2026 14:44
all spoiled ,34.8,79.6,132,1423,4/18/2026 14:44
all spoiled ,34.8,79.8,127,1429,4/18/2026 14:45
all spoiled ,34.8,79.5,139,1671,4/18/2026 14:45
all spoiled ,34.8,79.9,101,1560,4/18/2026 14:46
all spoiled ,34.8,79.8,112,1453,4/18/2026 14:47
all spoiled ,34.8,80.2,133,1362,4/18/2026 14:47
all spoiled ,34.9,80.2,110,1311,4/18/2026 14:48
all spoiled ,34.8,80,107,1376,4/18/2026 14:48
all spoiled ,34.8,80.3,119,1351,4/18/2026 14:49
all spoiled ,34.9,80.3,103,1337,4/18/2026 14:49
all spoiled ,34.8,80.4,125,1298,4/18/2026 14:50
all spoiled ,34.9,80.3,101,1506,4/18/2026 14:50
all spoiled ,34.8,79.9,110,1535,4/18/2026 14:51
all spoiled ,34.9,79.6,122,1670,4/18/2026 14:51
all spoiled ,34.9,80,112,1425,4/18/2026 14:52
all spoiled ,34.9,80.3,117,1403,4/18/2026 14:52
all spoiled ,34.9,79.8,112,1385,4/18/2026 14:53
all spoiled ,34.9,80.1,112,1351,4/18/2026 14:53
all spoiled ,34.9,80.1,119,1350,4/18/2026 14:54
all spoiled ,34.9,80.3,129,1363,4/18/2026 14:54
all spoiled ,34.9,79.9,125,1474,4/18/2026 14:55
all spoiled ,34.9,80.1,105,1454,4/18/2026 14:55
all spoiled ,34.9,80.3,128,1421,4/18/2026 14:56
all spoiled ,34.9,79.6,95,1687,4/18/2026 14:56
all spoiled ,34.9,80.2,96,1616,4/18/2026 14:57
all spoiled ,34.9,79.5,117,1488,4/18/2026 14:57
all spoiled ,35,79.7,129,1466,4/18/2026 14:58
all spoiled ,35,79.5,138,1386,4/18/2026 14:58
all spoiled ,34.9,79.5,123,1456,4/18/2026 14:59
all spoiled ,34.9,79.6,129,1370,4/18/2026 14:59
all spoiled ,35,79.7,123,1452,4/18/2026 15:00
all spoiled ,35,79.8,112,1466,4/18/2026 15:00
all spoiled ,35,79.6,130,1637,4/18/2026 15:01
all spoiled ,35,79.9,124,1483,4/18/2026 15:01
all spoiled ,34.9,80,138,1694,4/18/2026 15:02
all spoiled ,35,79.4,126,1535,4/18/2026 15:02
all spoiled ,35,80.2,129,1535,4/18/2026 15:03
all spoiled ,35,79.8,128,1430,4/18/2026 15:03
all spoiled ,35,79.9,125,1426,4/18/2026 15:04
all spoiled ,35,80.3,124,1680,4/18/2026 15:04
all spoiled ,35,80,107,1762,4/18/2026 15:05
all spoiled ,35.1,80,122,1534,4/18/2026 15:05
all spoiled ,35,79.9,139,1530,4/18/2026 15:06
all spoiled ,35.1,80.2,127,1604,4/18/2026 15:06
all spoiled ,35.1,79.3,122,2013,4/18/2026 15:07
all spoiled ,35.1,79.6,107,1926,4/18/2026 15:07
all spoiled ,35.1,79.3,128,1644,4/18/2026 15:08
all spoiled ,35.1,79,118,1795,4/18/2026 15:08
all spoiled ,35.1,79.6,126,1669,4/18/2026 15:09
all spoiled ,35.1,80.2,123,1657,4/18/2026 15:09
all spoiled ,35.1,80,124,1680,4/18/2026 15:10
all spoiled ,35.1,79.7,141,1535,4/18/2026 15:10
all spoiled ,35.1,79.7,131,1535,4/18/2026 15:11
all spoiled ,35.1,79.9,112,1648,4/18/2026 15:11
all spoiled ,35.1,80,115,1499,4/18/2026 15:12
all spoiled ,35.2,79.4,128,1594,4/18/2026 15:12
all spoiled ,35.1,80.2,117,1600,4/18/2026 15:13
all spoiled ,35.2,80.5,126,1732,4/18/2026 15:13
all spoiled ,35.1,80.2,110,1777,4/18/2026 15:14
all spoiled ,35.2,79.5,107,1601,4/18/2026 15:14
all spoiled ,35.2,79.4,129,1535,4/18/2026 15:15
all spoiled ,35.2,79.9,106,1811,4/18/2026 15:15
all spoiled ,35.2,79.5,130,1943,4/18/2026 15:16
all spoiled ,35.2,79.9,113,1839,4/18/2026 15:16
all spoiled ,35.2,79.7,106,1808,4/18/2026 15:17
all spoiled ,35.2,79.5,113,1939,4/18/2026 15:17
all spoiled ,35.2,79.7,99,2075,4/18/2026 15:18
all spoiled ,35.2,79.7,102,2096,4/18/2026 15:18
all spoiled ,35.2,79,101,1714,4/18/2026 15:19
all spoiled ,35.2,79.8,107,1587,4/18/2026 15:19
all spoiled ,35.3,79,99,1911,4/18/2026 15:20
all spoiled ,35.2,79.6,112,1674,4/18/2026 15:20
all spoiled ,35.2,79.8,99,1614,4/18/2026 15:21
all spoiled ,35.3,79.9,121,1535,4/18/2026 15:21
all spoiled ,35.3,79.5,135,1758,4/18/2026 15:22
all spoiled ,35.3,79.8,101,1669,4/18/2026 15:22
all spoiled ,35.3,79.6,112,1877,4/18/2026 15:23
all spoiled ,35.2,79.5,113,1847,4/18/2026 15:23
all spoiled ,35.3,79.3,111,1737,4/18/2026 15:24
all spoiled ,35.3,79.3,105,1854,4/18/2026 15:24
all spoiled ,35.3,79.3,108,1779,4/18/2026 15:25
all spoiled ,35.3,79.9,110,2019,4/18/2026 15:25
all spoiled ,35.2,79.7,117,1634,4/18/2026 15:26
all spoiled ,35.3,80.1,115,1600,4/18/2026 15:26
all spoiled ,35.3,79.7,114,1586,4/18/2026 15:27
all spoiled ,35.3,79.7,91,1575,4/18/2026 15:27
all spoiled ,35.3,79.7,128,1669,4/18/2026 15:28
all spoiled ,35.3,79.6,117,1604,4/18/2026 15:28
all spoiled ,35.3,79.9,114,1904,4/18/2026 15:29
all spoiled ,35.3,79.2,121,1735,4/18/2026 15:29
all spoiled ,35.3,79.7,130,1841,4/18/2026 15:30
all spoiled ,35.3,79.6,126,1681,4/18/2026 15:30
all spoiled ,35.3,79.5,108,1904,4/18/2026 15:31
all spoiled ,35.3,79.8,117,1783,4/18/2026 15:32
all spoiled ,35.4,79.6,128,1619,4/18/2026 15:32
all spoiled ,35.3,79.7,114,1610,4/18/2026 15:33
all spoiled ,35.3,79.6,114,1629,4/18/2026 15:33
all spoiled ,35.4,80.1,102,1854,4/18/2026 15:34
all spoiled ,35.4,79.2,121,1808,4/18/2026 15:34
all spoiled ,35.3,79.5,125,1648,4/18/2026 15:35
all spoiled ,35.3,79.5,130,1531,4/18/2026 15:35
all spoiled ,35.3,79.6,118,1530,4/18/2026 15:36
all spoiled ,35.3,79.6,112,1582,4/18/2026 15:36
all spoiled ,35.4,80.1,110,1616,4/18/2026 15:37
all spoiled ,35.4,80.3,109,1697,4/18/2026 15:37
all spoiled ,35.3,79.2,111,1516,4/18/2026 15:38
all spoiled ,35.3,80,112,1475,4/18/2026 15:38
all spoiled ,35.4,79.4,118,1488,4/18/2026 15:39
all spoiled ,35.4,80.2,107,1666,4/18/2026 15:39
all spoiled ,35.4,79.7,116,1823,4/18/2026 15:40
all spoiled ,35.4,79.9,118,1761,4/18/2026 15:40
all spoiled ,35.4,79.5,120,1535,4/18/2026 15:41
all spoiled ,35.4,79.5,115,1697,4/18/2026 15:41
all spoiled ,35.4,79.5,135,1535,4/18/2026 15:42
all spoiled ,35.4,79.9,123,1570,4/18/2026 15:42
all spoiled ,35.4,79.9,125,1587,4/18/2026 15:43
all spoiled ,35.4,79.5,137,1528,4/18/2026 15:43
all spoiled ,35.4,79.6,128,1460,4/18/2026 15:44
all spoiled ,35.4,79.8,102,1498,4/18/2026 15:44
all spoiled ,35.4,80.1,132,1535,4/18/2026 15:45
all spoiled ,35.4,80,107,1626,4/18/2026 15:45
all spoiled ,35.4,79.5,127,2054,4/18/2026 15:46
all spoiled ,35.4,80.3,109,1862,4/18/2026 15:46
all spoiled ,35.5,79.1,110,1689,4/18/2026 15:47
all spoiled ,35.4,79.4,119,1993,4/18/2026 15:47
all spoiled ,35.4,79.2,128,1729,4/18/2026 15:48
all spoiled ,35.5,79.5,128,1829,4/18/2026 15:48
all spoiled ,35.4,80,115,2146,4/18/2026 15:49
all spoiled ,35.4,79.3,144,2004,4/18/2026 15:49
all spoiled ,35.4,79.8,111,1824,4/18/2026 15:50
all spoiled ,35.4,80.1,101,1925,4/18/2026 15:50
all spoiled ,35.4,79.8,121,1808,4/18/2026 15:51
all spoiled ,35.4,79.8,125,1822,4/18/2026 15:51
all spoiled ,35.4,79,121,1933,4/18/2026 15:52
all spoiled ,35.4,79.5,111,1876,4/18/2026 15:52
all spoiled ,35.4,80,110,1775,4/18/2026 15:53
all spoiled ,35.4,79.9,128,1829,4/18/2026 15:53
all spoiled ,35.4,79.3,121,2046,4/18/2026 15:54
all spoiled ,35.4,79.9,118,1951,4/18/2026 15:54
all spoiled ,35.4,79.4,133,2085,4/18/2026 15:55
all spoiled ,35.5,79.4,115,1872,4/18/2026 15:55
all spoiled ,35.4,79.4,93,1808,4/18/2026 15:56
all spoiled ,35.5,79.2,134,1776,4/18/2026 15:56
all spoiled ,35.4,79.4,150,1643,4/18/2026 15:57
all spoiled ,35.5,80.2,139,1883,4/18/2026 15:57
all spoiled ,35.4,79.3,119,2007,4/18/2026 15:58
all spoiled ,35.4,79.8,112,1793,4/18/2026 15:58
all spoiled ,35.5,79.2,114,1643,4/18/2026 15:59
all spoiled ,35.5,79.2,147,1903,4/18/2026 15:59
all spoiled ,35.5,79,110,1808,4/18/2026 16:00
all spoiled ,35.5,80.1,115,1712,4/18/2026 16:00
all spoiled ,35.5,79.8,125,1778,4/18/2026 16:01
all spoiled ,35.5,79.2,134,1783,4/18/2026 16:01
all spoiled ,35.5,79.5,134,1921,4/18/2026 16:02
all spoiled ,35.5,80.1,109,1953,4/18/2026 16:02
all spoiled ,35.5,79.6,97,1770,4/18/2026 16:03
all spoiled ,35.5,79.5,103,1677,4/18/2026 16:03
all spoiled ,35.5,79.7,113,1646,4/18/2026 16:04
all spoiled ,35.5,79.9,122,1770,4/18/2026 16:04
all spoiled ,35.5,79.1,109,1616,4/18/2026 16:05
all spoiled ,35.5,80.2,127,1707,4/18/2026 16:05
all spoiled ,35.6,79.9,135,1591,4/18/2026 16:06
all spoiled ,35.5,80.6,146,1937,4/18/2026 16:06
all spoiled ,35.5,80,137,1686,4/18/2026 16:07
all spoiled ,35.6,79.8,101,1586,4/18/2026 16:08
all spoiled ,35.5,79.8,113,1708,4/18/2026 16:08
all spoiled ,35.6,80.1,132,1594,4/18/2026 16:09
all spoiled ,35.5,80.2,106,1618,4/18/2026 16:09
all spoiled ,35.6,80.6,129,1634,4/18/2026 16:10
all spoiled ,35.6,80,130,1648,4/18/2026 16:10
all spoiled ,35.6,80.2,141,1718,4/18/2026 16:11
all spoiled ,35.6,79.8,125,1645,4/18/2026 16:11
all spoiled ,35.6,80.2,141,1679,4/18/2026 16:12
all spoiled ,35.6,80.4,119,1808,4/18/2026 16:12
all spoiled ,35.6,79.8,131,1667,4/18/2026 16:13
all spoiled ,35.6,79.9,144,1648,4/18/2026 16:13
all spoiled ,35.6,80.3,123,1679,4/18/2026 16:14
all spoiled ,35.6,79.8,128,1680,4/18/2026 16:14
all spoiled ,35.6,80.2,125,1680,4/18/2026 16:15
all spoiled ,35.6,80,139,1600,4/18/2026 16:15
all spoiled ,35.6,80.7,125,1658,4/18/2026 16:16
all spoiled ,35.6,80.7,149,1741,4/18/2026 16:16
all spoiled ,35.7,80.2,117,1759,4/18/2026 16:17
all spoiled ,35.6,80,117,1719,4/18/2026 16:17
all spoiled ,35.6,80.1,127,1744,4/18/2026 16:18
all spoiled ,35.6,80.4,128,1978,4/18/2026 16:18
all spoiled ,35.7,80.2,114,1815,4/18/2026 16:19
all spoiled ,35.6,80.2,128,1784,4/18/2026 16:19
all spoiled ,35.7,80.5,112,1810,4/18/2026 16:20
all spoiled ,35.6,80.4,139,1772,4/18/2026 16:20
all spoiled ,35.7,79.9,122,1651,4/18/2026 16:21
all spoiled ,35.6,80.4,128,1769,4/18/2026 16:21
all spoiled ,35.7,80.3,128,1691,4/18/2026 16:22
all spoiled ,35.7,80.4,129,1753,4/18/2026 16:22
all spoiled ,35.7,80.5,131,1889,4/18/2026 16:23
all spoiled ,35.7,80.3,110,2111,4/18/2026 16:23
all spoiled ,35.7,80.2,121,1817,4/18/2026 16:24
all spoiled ,35.6,79.8,137,1750,4/18/2026 16:24
all spoiled ,35.6,80.1,126,1754,4/18/2026 16:25
all spoiled ,35.7,79.7,112,1754,4/18/2026 16:25
all spoiled ,35.6,80.2,129,1854,4/18/2026 16:26
all spoiled ,35.7,79.5,115,1791,4/18/2026 16:26
all spoiled ,35.7,81,117,1840,4/18/2026 16:27
all spoiled ,35.6,80,112,1797,4/18/2026 16:27
all spoiled ,35.7,81,122,2000,4/18/2026 16:28
all spoiled ,35.7,80,137,1761,4/18/2026 16:28
all spoiled ,35.7,79.4,112,1779,4/18/2026 16:29
all spoiled ,35.7,79.5,150,1749,4/18/2026 16:29
all spoiled ,35.7,80,117,1830,4/18/2026 16:30
all spoiled ,35.7,79.7,112,1837,4/18/2026 16:30
all spoiled ,35.7,79.8,108,1941,4/18/2026 16:31
all spoiled ,35.7,79.7,145,1846,4/18/2026 16:31
all spoiled ,35.6,79.9,124,1857,4/18/2026 16:32
all spoiled ,35.7,80.9,112,2030,4/18/2026 16:32
all spoiled ,35.7,79.7,110,1919,4/18/2026 16:33
all spoiled ,35.7,79.9,128,1875,4/18/2026 16:33
all spoiled ,35.7,80.9,129,2149,4/18/2026 16:34
all spoiled ,35.7,79.8,112,1907,4/18/2026 16:34
all spoiled ,35.7,80,133,1939,4/18/2026 16:35
all spoiled ,35.7,79.5,129,1897,4/18/2026 16:35
all spoiled ,35.7,80.6,111,1986,4/18/2026 16:36
all spoiled ,35.7,79.8,128,1851,4/18/2026 16:36
all spoiled ,35.7,80.2,139,1937,4/18/2026 16:37
all spoiled ,35.7,80.1,120,1920,4/18/2026 16:37
all spoiled ,35.7,80,115,1809,4/18/2026 16:38
all spoiled ,35.7,80.8,119,1815,4/18/2026 16:38
all spoiled ,35.7,79.8,111,1989,4/18/2026 16:39
all spoiled ,35.7,79.7,111,1760,4/18/2026 16:39
all spoiled ,35.7,80.7,102,1827,4/18/2026 16:40
all spoiled ,35.7,80.2,132,1936,4/18/2026 16:40
all spoiled ,35.7,80.4,112,2061,4/18/2026 16:41
all spoiled ,35.7,79.9,111,1997,4/18/2026 16:41
all spoiled ,35.7,81,118,2001,4/18/2026 16:42
all spoiled ,35.7,80,124,1933,4/18/2026 16:42
all spoiled ,35.7,79.5,123,1897,4/18/2026 16:43
all spoiled ,35.7,80,119,1854,4/18/2026 16:44
all spoiled ,35.7,80,105,1941,4/18/2026 16:44
all spoiled ,35.7,80.4,144,2032,4/18/2026 16:45
all spoiled ,35.7,80.3,114,2016,4/18/2026 16:45
all spoiled ,35.7,79.6,121,1841,4/18/2026 16:46
all spoiled ,35.7,80,126,1843,4/18/2026 16:46
all spoiled ,35.7,80,120,1890,4/18/2026 16:47
all spoiled ,35.7,81.4,115,2135,4/18/2026 16:47
all spoiled ,35.7,80.2,131,2064,4/18/2026 16:48
all spoiled ,35.7,80.3,114,2133,4/18/2026 16:48
all spoiled ,35.7,79.8,128,2002,4/18/2026 16:49
all spoiled ,29.2,58.3,99,843,4/18/2026 16:52
all spoiled ,28.4,60.5,66,1097,4/18/2026 16:52
all spoiled ,27.5,60.3,48,912,4/18/2026 16:53
all spoiled ,26.7,60.3,23,779,4/18/2026 16:53
all spoiled ,26,61.1,21,700,4/18/2026 16:54
all spoiled ,25.3,62.5,14,609,4/18/2026 16:54
all spoiled ,24.8,63,5,539,4/18/2026 16:55
all spoiled ,24.3,63.1,0,486,4/18/2026 16:55
all spoiled ,23.9,63.5,0,481,4/18/2026 16:56
all spoiled ,23.5,63.3,0,458,4/18/2026 16:56
all spoiled ,23.1,63.6,2,431,4/18/2026 16:57
all spoiled ,22.8,63.4,0,402,4/18/2026 16:57
all spoiled ,22.4,63.4,0,380,4/18/2026 16:58
all spoiled ,22.1,63.3,0,371,4/18/2026 16:58
all spoiled ,21.9,64,0,369,4/18/2026 16:59
all spoiled ,21.6,63.7,0,357,4/18/2026 16:59
all spoiled ,21.4,64.9,0,354,4/18/2026 17:00
all spoiled ,21.2,64.5,0,357,4/18/2026 17:00
all spoiled ,21,65.1,0,353,4/18/2026 17:01
all spoiled ,20.8,64.9,0,346,4/18/2026 17:01
all spoiled ,20.6,65.7,0,336,4/18/2026 17:02
all spoiled ,20.4,66,0,327,4/18/2026 17:02
all spoiled ,20.3,66.4,0,323,4/18/2026 17:03
all spoiled ,20.2,66.3,0,337,4/18/2026 17:03
all spoiled ,20.1,66.7,0,323,4/18/2026 17:04
all spoiled ,19.9,67.4,0,330,4/18/2026 17:04
all spoiled ,19.8,67,0,320,4/18/2026 17:05
all spoiled ,19.7,67.6,0,328,4/18/2026 17:05
all spoiled ,19.7,68.4,0,317,4/18/2026 17:06
all spoiled ,19.5,68.6,0,318,4/18/2026 17:06
all spoiled ,19.5,68.7,0,327,4/18/2026 17:07
all spoiled ,19.4,68.7,0,327,4/18/2026 17:07
all spoiled ,19.4,69.7,0,308,4/18/2026 17:08
all spoiled ,19.3,69.8,0,313,4/18/2026 17:08
all spoiled ,19.2,70.4,0,320,4/18/2026 17:09
all spoiled ,19.2,70,0,323,4/18/2026 17:09
all spoiled ,19.2,70.2,0,343,4/18/2026 17:10
all spoiled ,19.2,70.4,0,337,4/18/2026 17:10
all spoiled ,19.1,70.6,0,352,4/18/2026 17:11
all spoiled ,19.1,70.6,0,347,4/18/2026 17:11
all spoiled ,19.1,71.3,0,355,4/18/2026 17:12
all spoiled ,19.1,71.4,0,359,4/18/2026 17:12
all spoiled ,19.1,71.9,0,377,4/18/2026 17:13
all spoiled ,19.1,72.4,0,369,4/18/2026 17:13
all spoiled ,19.1,72,0,386,4/18/2026 17:14
all spoiled ,19.1,71.8,0,393,4/18/2026 17:14
all spoiled ,19.1,72.5,0,413,4/18/2026 17:15
all spoiled ,19.2,72.8,0,400,4/18/2026 17:15
all spoiled ,19.2,72.6,0,411,4/18/2026 17:16
all spoiled ,19.1,72.2,0,403,4/18/2026 17:16
all spoiled ,19.1,72.8,0,412,4/18/2026 17:17
all spoiled ,19.1,73.2,0,417,4/18/2026 17:18
all spoiled ,19.2,74,0,404,4/18/2026 17:18
all spoiled ,19.2,73.7,0,412,4/18/2026 17:19
all spoiled ,19.2,73.8,0,422,4/18/2026 17:19
all spoiled ,19.2,74.4,0,413,4/18/2026 17:20
all spoiled ,19.2,74.2,0,427,4/18/2026 17:20
all spoiled ,19.2,74.6,0,410,4/18/2026 17:21
all spoiled ,19.2,74.8,0,431,4/18/2026 17:21
all spoiled ,19.2,75.5,0,405,4/18/2026 17:22
all spoiled ,19.2,75.3,0,411,4/18/2026 17:22
all spoiled ,19.3,75.5,0,419,4/18/2026 17:23
all spoiled ,19.3,75.8,0,415,4/18/2026 17:23
all spoiled ,19.3,76.1,0,428,4/18/2026 17:24
all spoiled ,19.3,75.8,0,406,4/18/2026 17:24
all spoiled ,19.3,76.4,0,395,4/18/2026 17:25
all spoiled ,19.3,76.2,0,397,4/18/2026 17:25
all spoiled ,19.4,75.7,0,389,4/18/2026 17:26
all spoiled ,19.4,74.7,0,387,4/18/2026 17:26
all spoiled ,19.4,74.6,0,390,4/18/2026 17:27
all spoiled ,19.4,74.2,0,400,4/18/2026 17:27
all spoiled ,19.4,73.9,0,402,4/18/2026 17:28
all spoiled ,19.4,74.2,0,399,4/18/2026 17:28
all spoiled ,19.4,73.8,0,411,4/18/2026 17:29
all spoiled ,19.4,72.9,0,413,4/18/2026 17:29
all spoiled ,19.4,72.9,0,416,4/18/2026 17:30
all spoiled ,19.4,73.4,0,415,4/18/2026 17:30
all spoiled ,19.4,72.6,0,423,4/18/2026 17:31
all spoiled ,19.4,71.9,0,411,4/18/2026 17:31
all spoiled ,19.4,72.2,0,397,4/18/2026 17:32
all spoiled ,19.4,71.7,0,400,4/18/2026 17:32
all spoiled ,19.4,71.4,0,401,4/18/2026 17:33
all spoiled ,19.3,71.8,0,397,4/18/2026 17:33
all spoiled ,19.3,71.7,0,386,4/18/2026 17:34
all spoiled ,19.3,71.6,0,390,4/18/2026 17:34
all spoiled ,19.3,71.8,0,413,4/18/2026 17:35
all spoiled ,19.3,71.7,0,400,4/18/2026 17:35
all spoiled ,19.3,71.4,0,389,4/18/2026 17:36
all spoiled ,19.3,71,0,386,4/18/2026 17:36
all spoiled ,19.3,70.7,0,402,4/18/2026 17:37
all spoiled ,19.3,70.7,0,393,4/18/2026 17:37
all spoiled ,19.3,70.4,0,400,4/18/2026 17:38
all spoiled ,19.3,70.8,0,418,4/18/2026 17:38
all spoiled ,19.3,70.6,0,416,4/18/2026 17:39
all spoiled ,19.3,70.5,0,420,4/18/2026 17:39
all spoiled ,19.3,70.2,0,410,4/18/2026 17:40
all spoiled ,19.2,70,0,400,4/18/2026 17:40
all spoiled ,19.3,69.5,0,433,4/18/2026 17:41
all spoiled ,19.3,69.1,0,437,4/18/2026 17:41
all spoiled ,19.2,68.8,0,396,4/18/2026 17:42
all spoiled ,19.2,69.2,0,425,4/18/2026 17:42
all spoiled ,19.3,68.6,0,426,4/18/2026 17:43
all spoiled ,19.2,69,0,434,4/18/2026 17:43
all spoiled ,19.3,67.2,0,431,4/18/2026 17:44
all spoiled ,19.2,67.6,0,414,4/18/2026 17:44
all spoiled ,19.2,68,0,427,4/18/2026 17:45
all spoiled ,19.2,67.1,0,418,4/18/2026 17:45
all spoiled ,19.2,67.5,0,430,4/18/2026 17:46
all spoiled ,19.2,66.5,0,419,4/18/2026 17:46
all spoiled ,19.2,67.2,0,400,4/18/2026 17:47
all spoiled ,19.1,67,0,383,4/18/2026 17:47
all spoiled ,19.1,67.3,0,403,4/18/2026 17:48
all spoiled ,19.1,66.9,0,375,4/18/2026 17:48
all spoiled ,19.1,66.6,0,367,4/18/2026 17:49
all spoiled ,19.1,66.2,0,384,4/18/2026 17:49
all spoiled ,19.1,66.3,0,429,4/18/2026 17:50
all spoiled ,19,66.2,0,400,4/18/2026 17:50
all spoiled ,19.1,65.8,0,398,4/18/2026 17:51
all spoiled ,19,66.4,0,374,4/18/2026 17:51
all spoiled ,19.1,64.2,0,368,4/18/2026 17:52
all spoiled ,19,64.4,0,386,4/18/2026 17:52
all spoiled ,19.1,64.9,0,390,4/18/2026 17:53
all spoiled ,19,65.3,0,379,4/18/2026 17:53
all spoiled ,19,65.8,0,379,4/18/2026 17:54
all spoiled ,19,66.9,0,381,4/18/2026 17:54
all spoiled ,19,65.5,0,398,4/18/2026 17:55
all spoiled ,19,65.4,0,397,4/18/2026 17:55
all spoiled ,18.9,65.4,0,381,4/18/2026 17:56
all spoiled ,18.9,65.7,0,382,4/18/2026 17:56
all spoiled ,19,65.4,0,391,4/18/2026 17:57
all spoiled ,18.9,66.1,0,373,4/18/2026 17:57
all spoiled ,18.9,65.1,0,367,4/18/2026 17:58
all spoiled ,18.9,66.3,0,372,4/18/2026 17:58
all spoiled ,18.9,66.4,0,353,4/18/2026 17:59
all spoiled ,18.8,65.8,0,383,4/18/2026 18:00
all spoiled ,18.9,64.8,0,388,4/18/2026 18:00
all spoiled ,18.8,66.5,0,368,4/18/2026 18:01
all spoiled ,18.8,66.5,0,355,4/18/2026 18:01
all spoiled ,18.7,66.1,0,359,4/18/2026 18:02
all spoiled ,18.7,65.7,0,341,4/18/2026 18:02
all spoiled ,18.7,66.2,0,363,4/18/2026 18:03
all spoiled ,18.7,65.8,0,370,4/18/2026 18:03
all spoiled ,18.7,63.7,0,359,4/18/2026 18:04
all spoiled ,18.6,66.2,0,363,4/18/2026 18:04
all spoiled ,18.7,66.5,0,377,4/18/2026 18:05
all spoiled ,18.6,65.6,0,360,4/18/2026 18:05
all spoiled ,18.6,66,0,372,4/18/2026 18:06
all spoiled ,18.6,65.7,0,390,4/18/2026 18:06
all spoiled ,18.6,66.4,0,368,4/18/2026 18:07
all spoiled ,18.5,66.2,0,364,4/18/2026 18:07
all spoiled ,18.5,66,0,366,4/18/2026 18:08
all spoiled ,18.5,65.6,0,367,4/18/2026 18:08
all spoiled ,18.5,66.7,0,367,4/18/2026 18:09
all spoiled ,18.5,65.8,0,376,4/18/2026 18:09
all spoiled ,18.4,65.3,0,357,4/18/2026 18:10
all spoiled ,18.4,65.4,0,372,4/18/2026 18:10
all spoiled ,18.4,64.5,0,350,4/18/2026 18:11
all spoiled ,18.3,64.9,0,395,4/18/2026 18:11
all spoiled ,18.3,65.2,0,353,4/18/2026 18:12
all spoiled ,18.3,66.3,0,377,4/18/2026 18:12
all spoiled ,18.2,66.5,0,392,4/18/2026 18:13
all spoiled ,18.2,66.4,0,375,4/18/2026 18:13
all spoiled ,18.2,66.6,0,371,4/18/2026 18:14
all spoiled ,18.1,65.7,0,361,4/18/2026 18:14
all spoiled ,18.1,65.6,0,380,4/18/2026 18:15
all spoiled ,18.1,64.9,0,367,4/18/2026 18:15
all spoiled ,18.1,64.8,0,339,4/18/2026 18:16
all spoiled ,18,64.7,0,351,4/18/2026 18:16
all spoiled ,17.9,65.5,0,367,4/18/2026 18:17
all spoiled ,17.9,65.5,0,363,4/18/2026 18:17
all spoiled ,17.9,65.2,0,355,4/18/2026 18:18
all spoiled ,17.8,65.6,0,374,4/18/2026 18:18
all spoiled ,17.8,63.9,0,373,4/18/2026 18:19
all spoiled ,17.8,66.2,0,386,4/18/2026 18:19
all spoiled ,17.8,65.7,0,352,4/18/2026 18:20
all spoiled ,17.7,65.6,0,352,4/18/2026 18:20
all spoiled ,17.7,65.6,0,368,4/18/2026 18:21
all spoiled ,17.7,64.7,0,345,4/18/2026 18:21
all spoiled ,17.7,63.8,0,354,4/18/2026 18:22
all spoiled ,17.6,65.2,0,369,4/18/2026 18:22
all spoiled ,17.6,63.8,0,368,4/18/2026 18:23
all spoiled ,17.6,65.5,0,400,4/18/2026 18:23
all spoiled ,17.6,67.5,0,394,4/18/2026 18:24
all spoiled ,17.5,67.4,0,402,4/18/2026 18:24
all spoiled ,17.6,67,0,406,4/18/2026 18:25
all spoiled ,17.5,66.4,0,400,4/18/2026 18:25
all spoiled ,17.5,66.4,0,414,4/18/2026 18:26
all spoiled ,17.5,67.1,0,405,4/18/2026 18:26
all spoiled ,17.5,69.1,0,412,4/18/2026 18:27
all spoiled ,17.5,68.5,0,409,4/18/2026 18:27
all spoiled ,17.5,69.4,0,448,4/18/2026 18:28
all spoiled ,17.4,69.9,0,447,4/18/2026 18:28
all spoiled ,17.5,70.4,0,446,4/18/2026 18:29
all spoiled ,17.4,69.7,0,431,4/18/2026 18:29
all spoiled ,17.5,71.4,0,459,4/18/2026 18:30
all spoiled ,17.4,71.5,0,458,4/18/2026 18:30
all spoiled ,17.4,71.4,0,448,4/18/2026 18:31
all spoiled ,17.4,72,0,487,4/18/2026 18:31
all spoiled ,17.4,72.1,0,491,4/18/2026 18:32
all spoiled ,17.4,72.1,0,470,4/18/2026 18:32
all spoiled ,17.4,72.1,0,483,4/18/2026 18:33
all spoiled ,17.4,72.6,0,502,4/18/2026 18:33
all spoiled ,17.4,73.5,0,496,4/18/2026 18:34
all spoiled ,17.4,72.8,0,496,4/18/2026 18:34
all spoiled ,17.4,73.4,0,507,4/18/2026 18:35
all spoiled ,17.4,73.2,0,496,4/18/2026 18:35
all spoiled ,17.4,73,0,496,4/18/2026 18:36
all spoiled ,17.4,73.7,0,505,4/18/2026 18:36
all spoiled ,17.4,73.7,0,543,4/18/2026 18:37
all spoiled ,17.4,73.6,0,511,4/18/2026 18:37
all spoiled ,17.4,73.8,0,501,4/18/2026 18:38
all spoiled ,17.4,74,0,539,4/18/2026 18:38
all spoiled ,17.4,74.4,0,511,4/18/2026 18:39
all spoiled ,17.4,74.4,0,537,4/18/2026 18:39
all spoiled ,17.4,73.5,0,503,4/18/2026 18:40
all spoiled ,17.3,74.2,0,528,4/18/2026 18:40
all spoiled ,17.4,74.5,0,531,4/18/2026 18:41
all spoiled ,17.3,74.2,0,530,4/18/2026 18:41
all spoiled ,17.4,74.8,0,549,4/18/2026 18:42
all spoiled ,17.4,73.5,0,560,4/18/2026 18:42
all spoiled ,17.3,74.8,0,550,4/18/2026 18:43
all spoiled ,17.3,75,0,549,4/18/2026 18:43
all spoiled ,17.3,75.2,0,545,4/18/2026 18:44
all spoiled ,17.4,74.8,0,560,4/18/2026 18:44
all spoiled ,17.4,76.1,0,579,4/18/2026 18:45
all spoiled ,17.4,75.2,0,555,4/18/2026 18:46
all spoiled ,17.3,75.8,0,582,4/18/2026 18:46
all spoiled ,17.3,75.6,0,590,4/18/2026 18:47
all spoiled ,17.3,75.1,0,567,4/18/2026 18:47
all spoiled ,17.4,75.9,0,575,4/18/2026 18:48
all spoiled ,17.3,75.3,0,595,4/18/2026 18:48
all spoiled ,17.3,75,0,610,4/18/2026 18:49
all spoiled ,17.3,75.6,0,627,4/18/2026 18:49
all spoiled ,17.3,76.5,0,635,4/18/2026 18:50
all spoiled ,17.4,75.9,0,621,4/18/2026 18:50
all spoiled ,17.3,75.8,0,597,4/18/2026 18:51
all spoiled ,17.3,76.6,0,592,4/18/2026 18:51
all spoiled ,17.3,74.4,0,624,4/18/2026 18:52
all spoiled ,17.3,75,0,656,4/18/2026 18:52
all spoiled ,17.3,75.6,0,624,4/18/2026 18:53
all spoiled ,17.3,76.1,0,596,4/18/2026 18:53
all spoiled ,17.3,75.3,0,624,4/18/2026 18:54
all spoiled ,17.3,75.5,0,637,4/18/2026 18:54
all spoiled ,17.3,76.1,0,654,4/18/2026 18:55
all spoiled ,17.3,75.9,0,655,4/18/2026 18:55
all spoiled ,17.3,75.8,0,654,4/18/2026 18:56
all spoiled ,17.3,76.2,0,660,4/18/2026 18:56
all spoiled ,17.3,77.1,0,679,4/18/2026 18:57
all spoiled ,17.3,75.9,0,660,4/18/2026 18:57
all spoiled ,17.4,75.4,0,642,4/18/2026 18:58
all spoiled ,17.3,76.4,0,651,4/18/2026 18:58
all spoiled ,17.3,75.9,0,663,4/18/2026 18:59
all spoiled ,17.3,76.5,0,636,4/18/2026 18:59
all spoiled ,17.3,76.2,0,688,4/18/2026 19:00
all spoiled ,17.3,76.5,0,677,4/18/2026 19:00
all spoiled ,17.3,77.1,0,677,4/18/2026 19:01
all spoiled ,17.3,76.3,0,682,4/18/2026 19:01
all spoiled ,17.3,76.6,0,687,4/18/2026 19:02
all spoiled ,17.3,76.1,0,697,4/18/2026 19:02
all spoiled ,17.3,76.4,0,714,4/18/2026 19:03
all spoiled ,17.3,76.1,0,720,4/18/2026 19:03
all spoiled ,17.3,75.5,0,704,4/18/2026 19:04
all spoiled ,17.3,77.3,0,720,4/18/2026 19:04
all spoiled ,17.3,75.4,0,720,4/18/2026 19:05
all spoiled ,17.3,76,0,720,4/18/2026 19:05
all spoiled ,17.3,75.6,0,703,4/18/2026 19:06
all spoiled ,17.3,76.2,0,727,4/18/2026 19:06
all spoiled ,17.3,77.1,0,735,4/18/2026 19:07
all spoiled ,17.3,76.7,0,707,4/18/2026 19:07
all spoiled ,17.3,77,0,714,4/18/2026 19:08
all spoiled ,17.3,76.5,0,723,4/18/2026 19:08
all spoiled ,17.3,76.1,0,717,4/18/2026 19:09
all spoiled ,17.3,77.2,0,749,4/18/2026 19:09
all spoiled ,17.3,77.3,0,734,4/18/2026 19:10
all spoiled ,17.3,76.5,0,706,4/18/2026 19:10
all spoiled ,17.3,77,0,725,4/18/2026 19:11
all spoiled ,17.3,76.7,0,719,4/18/2026 19:11
all spoiled ,17.3,75.6,0,725,4/18/2026 19:12
all spoiled ,17.3,76.9,0,735,4/18/2026 19:12
all spoiled ,17.3,75.6,0,722,4/18/2026 19:13
all spoiled ,17.4,76.5,0,720,4/18/2026 19:13
all spoiled ,17.3,76.3,0,732,4/18/2026 19:14
all spoiled ,17.3,76.4,0,723,4/18/2026 19:14
all spoiled ,17.3,77.1,0,737,4/18/2026 19:15
all spoiled ,17.3,77.4,0,725,4/18/2026 19:15
all spoiled ,17.3,76.6,0,727,4/18/2026 19:16
all spoiled ,17.3,77.7,0,763,4/18/2026 19:16
all spoiled ,17.3,76.2,0,762,4/18/2026 19:17
all spoiled ,17.3,77.8,0,783,4/18/2026 19:17
all spoiled ,17.3,76.3,0,778,4/18/2026 19:18
all spoiled ,17.4,78,0,777,4/18/2026 19:18
all spoiled ,17.3,77.2,0,757,4/18/2026 19:19
all spoiled ,17.3,76.8,0,774,4/18/2026 19:19
all spoiled ,17.4,77.9,0,785,4/18/2026 19:20
all spoiled ,17.4,77.7,0,771,4/18/2026 19:20
all spoiled ,17.3,77.9,0,774,4/18/2026 19:21
all spoiled ,17.4,77.8,0,783,4/18/2026 19:21
all spoiled ,17.4,77.9,0,777,4/18/2026 19:22
all spoiled ,17.4,78.1,0,771,4/18/2026 19:22
all spoiled ,17.4,77.8,0,763,4/18/2026 19:23
all spoiled ,17.4,78.9,0,795,4/18/2026 19:23
all spoiled ,17.4,77.8,0,801,4/18/2026 19:24
all spoiled ,17.4,77.9,0,782,4/18/2026 19:25
all spoiled ,17.4,78,0,779,4/18/2026 19:25
all spoiled ,17.4,77.4,0,782,4/18/2026 19:26
all spoiled ,17.4,79.5,0,785,4/18/2026 19:26
all spoiled ,17.4,78.2,0,776,4/18/2026 19:27
all spoiled ,17.4,79.4,0,766,4/18/2026 19:27
all spoiled ,17.4,79.3,0,752,4/18/2026 19:28
all spoiled ,17.4,78.5,0,763,4/18/2026 19:28
all spoiled ,17.4,78.9,0,766,4/18/2026 19:29
all spoiled ,17.5,79.5,0,781,4/18/2026 19:29
all spoiled ,17.4,79.1,0,770,4/18/2026 19:30
all spoiled ,17.5,79.7,0,798,4/18/2026 19:30
all spoiled ,17.5,83,0,609,4/18/2026 19:31
all spoiled ,17.6,88.2,0,811,4/18/2026 19:31
all spoiled ,17.6,87.4,0,899,4/18/2026 19:32
all spoiled ,17.6,86.8,0,923,4/18/2026 19:32
all spoiled ,17.7,87.1,0,899,4/18/2026 19:33
all spoiled ,17.7,87.6,0,867,4/18/2026 19:33
all spoiled ,17.7,87.8,0,857,4/18/2026 19:34
all spoiled ,17.7,87.7,0,852,4/18/2026 19:34
all spoiled ,17.8,87.4,0,835,4/18/2026 19:35
all spoiled ,17.8,87.2,0,848,4/18/2026 19:35
all spoiled ,17.8,87.1,0,859,4/18/2026 19:36
all spoiled ,17.8,86.9,0,854,4/18/2026 19:36
all spoiled ,17.9,86.5,0,836,4/18/2026 19:37
all spoiled ,17.8,86.5,0,858,4/18/2026 19:37
all spoiled ,17.8,86.3,0,848,4/18/2026 19:38
all spoiled ,17.8,86,0,861,4/18/2026 19:38
all spoiled ,17.9,86,0,848,4/18/2026 19:39
all spoiled ,17.9,85.7,0,843,4/18/2026 19:39
all spoiled ,17.9,85.6,0,865,4/18/2026 19:40
all spoiled ,18,85.5,0,853,4/18/2026 19:40
all spoiled ,18,85.4,0,848,4/18/2026 19:41
all spoiled ,17.9,85.4,0,869,4/18/2026 19:41
all spoiled ,18,85.4,0,847,4/18/2026 19:42
all spoiled ,18,85.4,0,847,4/18/2026 19:42
all spoiled ,18,85.1,0,848,4/18/2026 19:43
all spoiled ,18,84.5,0,865,4/18/2026 19:43
all spoiled ,18,84,0,861,4/18/2026 19:44
all spoiled ,18.1,83.4,0,859,4/18/2026 19:44
all spoiled ,18.1,83.6,0,879,4/18/2026 19:45
all spoiled ,18.1,83.5,0,870,4/18/2026 19:45
all spoiled ,18.1,82.9,0,859,4/18/2026 19:46
all spoiled ,18.1,82.8,0,877,4/18/2026 19:46
all spoiled ,18.1,82.4,0,895,4/18/2026 19:47
all spoiled ,18.1,82.1,0,880,4/18/2026 19:47
all spoiled ,18.1,81.9,0,894,4/18/2026 19:48
all spoiled ,18,81.5,0,917,4/18/2026 19:48
all spoiled ,18,81,0,910,4/18/2026 19:49
all spoiled ,18,81.1,0,905,4/18/2026 19:49
all spoiled ,18,80.4,0,925,4/18/2026 19:50
all spoiled ,18,79.9,0,944,4/18/2026 19:50
all spoiled ,17.9,79.5,0,927,4/18/2026 19:51
all spoiled ,17.9,79.1,0,936,4/18/2026 19:51
all spoiled ,18,79.6,0,926,4/18/2026 19:52
all spoiled ,17.9,78.5,0,912,4/18/2026 19:52
all spoiled ,17.9,78.5,0,912,4/18/2026 19:53
all spoiled ,17.9,78.5,0,917,4/18/2026 19:53
all spoiled ,17.9,77.4,0,934,4/18/2026 19:54
all spoiled ,17.9,77.4,0,944,4/18/2026 19:54
all spoiled ,17.9,77.4,0,919,4/18/2026 19:55
all spoiled ,17.9,76.3,0,944,4/18/2026 19:55
all spoiled ,17.9,76.5,0,912,4/18/2026 19:56
all spoiled ,17.8,76.9,0,913,4/18/2026 19:56
all spoiled ,17.8,76.8,0,907,4/18/2026 19:57
all spoiled ,17.8,76.3,0,901,4/18/2026 19:57
all spoiled ,17.8,76.3,0,899,4/18/2026 19:58
all spoiled ,17.8,75.7,0,877,4/18/2026 19:58
all spoiled ,17.8,74,0,857,4/18/2026 19:59
all spoiled ,17.8,75.3,0,858,4/18/2026 19:59
all spoiled ,17.8,74.7,0,847,4/18/2026 20:00
all spoiled ,17.8,74.6,0,848,4/18/2026 20:00
all spoiled ,17.8,74.3,0,835,4/18/2026 20:01
all spoiled ,17.8,74.1,0,843,4/18/2026 20:01
all spoiled ,17.8,74.1,0,803,4/18/2026 20:02
all spoiled ,17.7,74.2,0,800,4/18/2026 20:02
all spoiled ,17.8,73.2,0,811,4/18/2026 20:03
all spoiled ,17.8,73.6,0,795,4/18/2026 20:03
all spoiled ,17.7,72.7,0,801,4/18/2026 20:04
all spoiled ,17.7,71.6,0,784,4/18/2026 20:04
all spoiled ,17.7,72.9,0,757,4/18/2026 20:05
all spoiled ,17.7,71.4,0,755,4/18/2026 20:05
all spoiled ,17.7,73.4,0,761,4/18/2026 20:06
all spoiled ,17.7,72.6,0,752,4/18/2026 20:06
all spoiled ,17.7,71.5,0,752,4/18/2026 20:07
all spoiled ,17.7,71.3,0,724,4/18/2026 20:08
all spoiled ,17.7,70.2,0,751,4/18/2026 20:08
all spoiled ,17.6,70.4,0,694,4/18/2026 20:09
all spoiled ,17.6,70.3,0,713,4/18/2026 20:09
all spoiled ,17.6,71.3,0,706,4/18/2026 20:10
all spoiled ,17.6,70.8,0,711,4/18/2026 20:10
all spoiled ,17.6,70.6,0,679,4/18/2026 20:11
all spoiled ,17.5,70.5,0,669,4/18/2026 20:11
all spoiled ,17.5,70,0,671,4/18/2026 20:12
all spoiled ,17.5,70.6,0,675,4/18/2026 20:12
all spoiled ,17.5,69.7,0,679,4/18/2026 20:13
all spoiled ,17.5,68.8,0,659,4/18/2026 20:13
all spoiled ,17.4,68.4,0,666,4/18/2026 20:14
all spoiled ,17.4,69.5,0,661,4/18/2026 20:14
all spoiled ,17.4,67.9,0,654,4/18/2026 20:15
all spoiled ,17.4,69.6,0,673,4/18/2026 20:15
all spoiled ,17.4,68.5,0,641,4/18/2026 20:16
all spoiled ,17.4,68,0,634,4/18/2026 20:16
all spoiled ,17.4,67.3,0,631,4/18/2026 20:17
all spoiled ,17.4,67.1,0,609,4/18/2026 20:17
all spoiled ,17.3,67.3,0,609,4/18/2026 20:18
all spoiled ,17.3,67.1,0,608,4/18/2026 20:18
all spoiled ,17.3,67,0,590,4/18/2026 20:19
all spoiled ,17.3,65.8,0,589,4/18/2026 20:19
all spoiled ,17.3,67.2,0,593,4/18/2026 20:20
all spoiled ,17.3,65.7,0,580,4/18/2026 20:20
all spoiled ,17.2,66.6,0,587,4/18/2026 20:21
all spoiled ,17.2,65.7,0,574,4/18/2026 20:21
all spoiled ,17.2,65.7,0,586,4/18/2026 20:22
all spoiled ,17.2,65.8,0,581,4/18/2026 20:22
all spoiled ,17.2,64.5,0,569,4/18/2026 20:23
all spoiled ,17.1,65.6,0,566,4/18/2026 20:23
all spoiled ,17.1,66.1,0,559,4/18/2026 20:24
all spoiled ,17.1,65.2,0,576,4/18/2026 20:24
all spoiled ,17.1,64.5,0,560,4/18/2026 20:25
all spoiled ,17,64.5,0,551,4/18/2026 20:25
all spoiled ,17,66,0,551,4/18/2026 20:26
all spoiled ,17,64.5,0,531,4/18/2026 20:26
all spoiled ,17,65.1,0,530,4/18/2026 20:27
all spoiled ,17,65.1,0,538,4/18/2026 20:27
all spoiled ,16.9,64.5,0,543,4/18/2026 20:28
all spoiled ,16.9,64.2,0,531,4/18/2026 20:28
all spoiled ,16.9,65,0,546,4/18/2026 20:29
all spoiled ,16.9,64.5,0,529,4/18/2026 20:29
all spoiled ,16.9,63.1,0,542,4/18/2026 20:30
all spoiled ,16.8,63.5,0,511,4/18/2026 20:30
all spoiled ,16.8,63.8,0,524,4/18/2026 20:31
all spoiled ,16.8,63.7,0,528,4/18/2026 20:31
all spoiled ,16.8,63.3,0,496,4/18/2026 20:32
all spoiled ,16.8,64,0,511,4/18/2026 20:32
all spoiled ,16.8,63.8,0,499,4/18/2026 20:33
all spoiled ,16.7,63.3,0,503,4/18/2026 20:33
all spoiled ,16.7,63.1,0,492,4/18/2026 20:34
all spoiled ,16.7,63.9,0,507,4/18/2026 20:34
all spoiled ,16.6,63.5,0,499,4/18/2026 20:35
all spoiled ,16.7,62.4,0,495,4/18/2026 20:35
all spoiled ,16.6,77.7,0,863,4/18/2026 20:36
all spoiled ,16.7,82.7,0,1193,4/18/2026 20:36
all spoiled ,16.7,82.8,0,1312,4/18/2026 20:37
all spoiled ,16.7,82.2,0,1345,4/18/2026 20:37
all spoiled ,16.6,82.5,0,1345,4/18/2026 20:38
all spoiled ,16.6,82.4,0,1315,4/18/2026 20:38
all spoiled ,16.6,82.2,0,1307,4/18/2026 20:39
all spoiled ,16.6,80.7,0,1328,4/18/2026 20:39
all spoiled ,16.6,79.5,0,1250,4/18/2026 20:40
all spoiled ,16.6,79.5,0,1215,4/18/2026 20:40
all spoiled ,16.6,78.2,0,1161,4/18/2026 20:41
all spoiled ,16.6,77.4,0,1152,4/18/2026 20:41
all spoiled ,16.6,75.9,0,1086,4/18/2026 20:42
all spoiled ,16.6,76.1,0,1078,4/18/2026 20:42
all spoiled ,16.6,75,0,1091,4/18/2026 20:43
all spoiled ,16.6,75.4,0,1071,4/18/2026 20:43
all spoiled ,16.6,73.5,0,1045,4/18/2026 20:44
all spoiled ,16.6,73,0,1018,4/18/2026 20:44
all spoiled ,16.6,73.6,0,1008,4/18/2026 20:45
all spoiled ,16.5,72,0,1016,4/18/2026 20:45
all spoiled ,16.5,72.2,0,995,4/18/2026 20:46
all spoiled ,16.5,71.3,0,976,4/18/2026 20:46
all spoiled ,16.5,70.9,0,977,4/18/2026 20:47
all spoiled ,16.5,70,0,951,4/18/2026 20:48
all spoiled ,16.5,70.3,0,984,4/18/2026 20:48
all spoiled ,16.4,69.6,0,945,4/18/2026 20:49
all spoiled ,16.4,70.1,0,971,4/18/2026 20:49
all spoiled ,16.4,70.5,0,946,4/18/2026 20:50
all spoiled ,16.4,69.8,0,936,4/18/2026 20:50
all spoiled ,16.4,69.7,0,962,4/18/2026 20:51
all spoiled ,16.4,68.9,0,931,4/18/2026 20:51
all spoiled ,16.4,68.6,0,947,4/18/2026 20:52
all spoiled ,16.3,68.2,0,935,4/18/2026 20:52
all spoiled ,16.3,69.2,0,950,4/18/2026 20:53
all spoiled ,16.3,68.6,0,932,4/18/2026 20:53
all spoiled ,16.3,67.8,0,926,4/18/2026 20:54
all spoiled ,16.3,68.6,0,942,4/18/2026 20:54
all spoiled ,16.3,67.8,0,929,4/18/2026 20:55
all spoiled ,16.2,67.1,0,909,4/18/2026 20:55
all spoiled ,16.2,67.1,0,907,4/18/2026 20:56
all spoiled ,16.2,67.1,0,918,4/18/2026 20:56
all spoiled ,16.2,66.9,0,914,4/18/2026 20:57
all spoiled ,16.2,67,0,898,4/18/2026 20:57
all spoiled ,16.1,67.3,0,912,4/18/2026 20:58
all spoiled ,16.1,67.8,0,912,4/18/2026 20:58
all spoiled ,16.1,67.3,0,891,4/18/2026 20:59
all spoiled ,16.1,66.3,0,882,4/18/2026 20:59
all spoiled ,16.1,66.4,0,883,4/18/2026 21:00
all spoiled ,16,66.9,0,855,4/18/2026 21:00
all spoiled ,16,67.1,0,881,4/18/2026 21:01
all spoiled ,16,67.2,0,910,4/18/2026 21:01
all spoiled ,16,67.7,0,909,4/18/2026 21:02
all spoiled ,16,68.4,0,912,4/18/2026 21:02
all spoiled ,16,68.2,0,919,4/18/2026 21:03
all spoiled ,15.9,69.4,0,914,4/18/2026 21:03
all spoiled ,16,69.9,0,929,4/18/2026 21:04
all spoiled ,15.9,70.4,0,943,4/18/2026 21:04
all spoiled ,15.9,70.3,0,946,4/18/2026 21:05
all spoiled ,16,71.1,0,943,4/18/2026 21:05
all spoiled ,15.9,70.5,0,950,4/18/2026 21:06
all spoiled ,15.9,71.5,0,931,4/18/2026 21:06
all spoiled ,15.9,72.3,0,971,4/18/2026 21:07
all spoiled ,15.9,72.4,0,954,4/18/2026 21:07
all spoiled ,15.9,73.1,0,986,4/18/2026 21:08
all spoiled ,15.9,73.3,0,970,4/18/2026 21:08
all spoiled ,15.9,74.3,0,989,4/18/2026 21:09
all spoiled ,15.9,74.6,0,1013,4/18/2026 21:09
all spoiled ,15.9,74.4,0,1034,4/18/2026 21:10
all spoiled ,15.9,74.4,0,1003,4/18/2026 21:10
all spoiled ,15.9,75,0,1008,4/18/2026 21:11
all spoiled ,15.9,74.9,0,1023,4/18/2026 21:11
all spoiled ,15.9,75.3,0,1023,4/18/2026 21:12
all spoiled ,15.9,75.7,0,1071,4/18/2026 21:12
all spoiled ,16,75.6,0,1072,4/18/2026 21:13
all spoiled ,16,75.9,0,1071,4/18/2026 21:13
all spoiled ,16,76.4,0,1095,4/18/2026 21:14
all spoiled ,15.9,76.1,0,1046,4/18/2026 21:14
all spoiled ,15.9,76.5,0,1072,4/18/2026 21:15
all spoiled ,16,76.7,0,1087,4/18/2026 21:16
all spoiled ,16,76.8,0,1080,4/18/2026 21:16
all spoiled ,16,76.6,0,1078,4/18/2026 21:17
all spoiled ,15.9,77.1,0,1088,4/18/2026 21:17
all spoiled ,16,77,0,1097,4/18/2026 21:18
all spoiled ,16,76.8,0,1103,4/18/2026 21:18
all spoiled ,16,77.1,0,1059,4/18/2026 21:19
all spoiled ,16,77.3,0,1083,4/18/2026 21:19
all spoiled ,16,77.3,0,1074,4/18/2026 21:20
all spoiled ,16,77.5,0,1088,4/18/2026 21:20
all spoiled ,16,77.3,0,1099,4/18/2026 21:21
all spoiled ,16,77.3,0,1095,4/18/2026 21:21
all spoiled ,16,77.4,0,1077,4/18/2026 21:22
all spoiled ,16,77.5,0,1099,4/18/2026 21:22
all spoiled ,16,77.6,0,1105,4/18/2026 21:23
all spoiled ,16,77.3,0,1088,4/18/2026 21:23
all spoiled ,16,77.9,0,1098,4/18/2026 21:24
all spoiled ,16,77.9,0,1118,4/18/2026 21:24
all spoiled ,16,78,0,1101,4/18/2026 21:25
all spoiled ,16,77.6,0,1094,4/18/2026 21:25
all spoiled ,16.1,77.7,0,1110,4/18/2026 21:26
all spoiled ,16.1,77.4,0,1109,4/18/2026 21:26
all spoiled ,16,77.6,0,1120,4/18/2026 21:27
all spoiled ,16.1,78.1,0,1125,4/18/2026 21:27
all spoiled ,16,78.6,0,1120,4/18/2026 21:28
all spoiled ,16.1,78.1,0,1135,4/18/2026 21:28
all spoiled ,16.1,78.1,0,1133,4/18/2026 21:29
all spoiled ,16.1,78.2,0,1122,4/18/2026 21:29
all spoiled ,16.1,78.2,0,1114,4/18/2026 21:30
all spoiled ,16.1,78,0,1116,4/18/2026 21:30
all spoiled ,16.1,78.1,0,1139,4/18/2026 21:31
all spoiled ,16.1,78.3,0,1146,4/18/2026 21:31
all spoiled ,16.1,77.7,0,1123,4/18/2026 21:32
all spoiled ,16.1,78.4,0,1154,4/18/2026 21:32
all spoiled ,16.1,78.3,0,1168,4/18/2026 21:33
all spoiled ,16.1,78.4,0,1131,4/18/2026 21:33
all spoiled ,16.1,78.8,0,1155,4/18/2026 21:34
all spoiled ,16.1,78.4,0,1149,4/18/2026 21:34
all spoiled ,16.1,78.6,0,1153,4/18/2026 21:35
all spoiled ,16.1,78.8,0,1153,4/18/2026 21:35
all spoiled ,16.2,78.8,0,1152,4/18/2026 21:36
all spoiled ,16.1,78.8,0,1114,4/18/2026 21:36
all spoiled ,16.2,78.9,0,1136,4/18/2026 21:37
all spoiled ,16.2,79.1,0,1161,4/18/2026 21:37
all spoiled ,16.2,78.5,0,1165,4/18/2026 21:38
all spoiled ,16.2,78.3,0,1181,4/18/2026 21:38
all spoiled ,16.2,78.7,0,1166,4/18/2026 21:39
all spoiled ,16.2,78.8,0,1184,4/18/2026 21:39
all spoiled ,16.2,78.8,0,1146,4/18/2026 21:40
all spoiled ,16.2,79.2,0,1163,4/18/2026 21:40
all spoiled ,16.2,78.9,0,1179,4/18/2026 21:41
all spoiled ,16.2,79.2,0,1167,4/18/2026 21:41
all spoiled ,16.2,78.7,0,1175,4/18/2026 21:42
all spoiled ,16.2,79.1,0,1171,4/18/2026 21:42
all spoiled ,16.2,79.2,0,1182,4/18/2026 21:43
all spoiled ,16.2,78.9,0,1197,4/18/2026 21:43
all spoiled ,16.2,78.7,0,1207,4/18/2026 21:44
all spoiled ,16.2,79.1,0,1177,4/18/2026 21:44
all spoiled ,16.2,78.8,0,1184,4/18/2026 21:45
all spoiled ,16.2,79,0,1193,4/18/2026 21:45
all spoiled ,16.2,79.2,0,1169,4/18/2026 21:46
all spoiled ,16.2,79.4,0,1168,4/18/2026 21:46
all spoiled ,16.3,78.9,0,1207,4/18/2026 21:47
all spoiled ,16.2,79.2,0,1195,4/18/2026 21:47
all spoiled ,16.2,79.3,0,1199,4/18/2026 21:48
all spoiled ,16.2,79.4,0,1215,4/18/2026 21:48
all spoiled ,16.3,79.5,0,1182,4/18/2026 21:49
all spoiled ,16.2,79.3,0,1187,4/18/2026 21:49
all spoiled ,16.3,78.9,0,1216,4/18/2026 21:50
all spoiled ,16.3,79.4,0,1223,4/18/2026 21:50
all spoiled ,16.3,79.4,0,1230,4/18/2026 21:51
all spoiled ,16.3,79.4,0,1217,4/18/2026 21:51
all spoiled ,16.3,79.5,0,1205,4/18/2026 21:52
all spoiled ,16.3,79.5,0,1229,4/18/2026 21:53
all spoiled ,16.3,79.6,0,1223,4/18/2026 21:53
all spoiled ,16.3,79.3,0,1238,4/18/2026 21:54
all spoiled ,16.3,79.7,0,1202,4/18/2026 21:54
all spoiled ,16.3,79.3,0,1235,4/18/2026 21:55
all spoiled ,16.3,79.8,0,1227,4/18/2026 21:55
all spoiled ,16.3,79.4,0,1223,4/18/2026 21:56
all spoiled ,16.3,78.6,0,1223,4/18/2026 21:56
all spoiled ,16.3,79.3,0,1213,4/18/2026 21:57
all spoiled ,16.3,79.7,0,1232,4/18/2026 21:57
all spoiled ,16.3,79.5,0,1245,4/18/2026 21:58
all spoiled ,16.4,80.2,0,1238,4/18/2026 21:58
all spoiled ,16.3,80.1,0,1237,4/18/2026 21:59
all spoiled ,16.4,80.6,0,1259,4/18/2026 21:59
all spoiled ,16.3,80,0,1227,4/18/2026 22:00
all spoiled ,16.3,80.1,0,1232,4/18/2026 22:00
all spoiled ,16.3,80.1,0,1236,4/18/2026 22:01
all spoiled ,16.4,80.6,0,1241,4/18/2026 22:01
all spoiled ,16.4,80.6,0,1213,4/18/2026 22:02
all spoiled ,16.4,79.8,0,1243,4/18/2026 22:02
all spoiled ,16.4,80.2,0,1251,4/18/2026 22:03
all spoiled ,16.4,80.4,0,1253,4/18/2026 22:03
all spoiled ,16.4,79.8,0,1277,4/18/2026 22:04
all spoiled ,16.4,80.3,0,1287,4/18/2026 22:04
all spoiled ,16.4,80.8,0,1265,4/18/2026 22:05
all spoiled ,16.4,81.1,0,1274,4/18/2026 22:05
all spoiled ,16.4,79.5,0,1270,4/18/2026 22:06
all spoiled ,16.4,80.6,0,1277,4/18/2026 22:06
all spoiled ,16.4,80.5,0,1296,4/18/2026 22:07
all spoiled ,16.4,81,0,1286,4/18/2026 22:07
all spoiled ,16.4,80.4,0,1285,4/18/2026 22:08
all spoiled ,16.4,80.9,0,1275,4/18/2026 22:08
all spoiled ,16.4,81,0,1286,4/18/2026 22:09
all spoiled ,16.5,80.5,0,1288,4/18/2026 22:09
all spoiled ,16.4,80.8,0,1309,4/18/2026 22:10
all spoiled ,16.4,80.9,0,1308,4/18/2026 22:10
all spoiled ,16.4,80.6,0,1315,4/18/2026 22:11
all spoiled ,16.4,80.6,0,1322,4/18/2026 22:11
all spoiled ,16.4,80,0,1323,4/18/2026 22:12
all spoiled ,16.5,81.1,0,1331,4/18/2026 22:12
all spoiled ,16.4,80.8,0,1332,4/18/2026 22:13
all spoiled ,16.4,81.3,0,1312,4/18/2026 22:13
all spoiled ,16.5,80.2,0,1347,4/18/2026 22:14
all spoiled ,16.5,80.9,0,1332,4/18/2026 22:14
all spoiled ,16.4,80.4,0,1328,4/18/2026 22:15
all spoiled ,16.5,80.5,0,1339,4/18/2026 22:15
all spoiled ,16.5,80.5,0,1351,4/18/2026 22:16
all spoiled ,16.5,81.1,0,1348,4/18/2026 22:16
all spoiled ,16.5,81.7,0,1338,4/18/2026 22:17
all spoiled ,16.5,81.9,0,1353,4/18/2026 22:17
all spoiled ,16.5,81.7,0,1344,4/18/2026 22:18
all spoiled ,16.5,81.8,0,1338,4/18/2026 22:18
all spoiled ,16.6,81.9,0,1341,4/18/2026 22:19
all spoiled ,16.5,81.1,0,1345,4/18/2026 22:19
all spoiled ,16.6,82.4,0,1338,4/18/2026 22:20
all spoiled ,16.6,81.9,0,1338,4/18/2026 22:20
all spoiled ,16.6,81.7,0,1355,4/18/2026 22:21
all spoiled ,16.6,81.7,0,1341,4/18/2026 22:21
all spoiled ,16.6,82.3,0,1344,4/18/2026 22:22
all spoiled ,16.6,82.2,0,1346,4/18/2026 22:23
all spoiled ,16.7,82.6,0,1350,4/18/2026 22:23
all spoiled ,16.6,82.4,0,1367,4/18/2026 22:24
all spoiled ,16.7,83.2,0,1339,4/18/2026 22:24
all spoiled ,16.7,83.5,0,1345,4/18/2026 22:25
all spoiled ,16.7,83.3,0,1359,4/18/2026 22:25
all spoiled ,16.7,82.7,0,1365,4/18/2026 22:26
all spoiled ,16.8,82.6,0,1367,4/18/2026 22:26
all spoiled ,16.7,82.6,0,1362,4/18/2026 22:27
all spoiled ,16.7,83.8,0,1344,4/18/2026 22:27
all spoiled ,16.7,84,0,1337,4/18/2026 22:28
all spoiled ,16.8,84.1,0,1329,4/18/2026 22:28
all spoiled ,16.8,84.3,0,1347,4/18/2026 22:29
all spoiled ,16.8,84.1,0,1356,4/18/2026 22:29
all spoiled ,16.8,84,0,1335,4/18/2026 22:30
all spoiled ,16.8,84.2,0,1341,4/18/2026 22:30
all spoiled ,16.9,84,0,1298,4/18/2026 22:31
all spoiled ,16.9,84.4,0,1319,4/18/2026 22:31
all spoiled ,16.9,83.8,0,1280,4/18/2026 22:32
all spoiled ,16.9,83.5,0,1280,4/18/2026 22:32
all spoiled ,16.9,83.2,0,1302,4/18/2026 22:33
all spoiled ,16.9,83.3,0,1305,4/18/2026 22:33
all spoiled ,16.9,82.5,0,1338,4/18/2026 22:34
all spoiled ,16.9,82.6,0,1316,4/18/2026 22:34
all spoiled ,16.9,81.9,0,1349,4/18/2026 22:35
all spoiled ,16.9,82.1,0,1318,4/18/2026 22:35
all spoiled ,16.9,81.4,0,1344,4/18/2026 22:36
all spoiled ,16.9,81.6,0,1323,4/18/2026 22:36
all spoiled ,16.9,81.2,0,1340,4/18/2026 22:37
all spoiled ,16.9,80.6,0,1360,4/18/2026 22:37
all spoiled ,16.9,80.4,0,1360,4/18/2026 22:38
all spoiled ,16.9,80,0,1345,4/18/2026 22:38
all spoiled ,16.9,79.4,0,1340,4/18/2026 22:39
all spoiled ,16.9,80.2,0,1330,4/18/2026 22:39
all spoiled ,16.8,79.4,0,1347,4/18/2026 22:40
all spoiled ,16.9,80.1,0,1332,4/18/2026 22:40
all spoiled ,16.9,78.9,0,1331,4/18/2026 22:41
all spoiled ,16.8,78.9,0,1324,4/18/2026 22:41
all spoiled ,16.9,79.2,0,1329,4/18/2026 22:42
all spoiled ,16.9,78.2,0,1326,4/18/2026 22:42
all spoiled ,16.9,78.5,0,1309,4/18/2026 22:43
all spoiled ,16.9,76.9,0,1333,4/18/2026 22:43
all spoiled ,16.9,77.8,0,1303,4/18/2026 22:44
all spoiled ,16.8,78.1,0,1293,4/18/2026 22:44
all spoiled ,16.8,77.1,0,1319,4/18/2026 22:45
all spoiled ,16.8,78,0,1279,4/18/2026 22:45
all spoiled ,16.8,77.5,0,1245,4/18/2026 22:46
all spoiled ,16.8,77.3,0,1242,4/18/2026 22:46
all spoiled ,16.8,77.5,0,1239,4/18/2026 22:47
all spoiled ,16.8,77.2,0,1249,4/18/2026 22:47
all spoiled ,16.8,77.1,0,1223,4/18/2026 22:48
all spoiled ,16.8,77.1,0,1220,4/18/2026 22:48
all spoiled ,16.8,76.9,0,1209,4/18/2026 22:49
all spoiled ,16.8,76.3,0,1215,4/18/2026 22:49
all spoiled ,16.8,76.5,0,1163,4/18/2026 22:50
all spoiled ,16.8,76.1,0,1168,4/18/2026 22:50
all spoiled ,16.8,76.1,0,1186,4/18/2026 22:51
all spoiled ,16.8,76.1,0,1141,4/18/2026 22:51
all spoiled ,16.8,76.1,0,1155,4/18/2026 22:52
all spoiled ,16.8,75.3,0,1151,4/18/2026 22:52
all spoiled ,16.7,75.5,0,1138,4/18/2026 22:53
all spoiled ,16.8,75.3,0,1136,4/18/2026 22:54
all spoiled ,16.7,75.3,0,1104,4/18/2026 22:54
all spoiled ,16.7,74.4,0,1105,4/18/2026 22:55
all spoiled ,16.7,75,0,1085,4/18/2026 22:55
all spoiled ,16.7,74.1,0,1055,4/18/2026 22:56
all spoiled ,16.7,73.5,0,1079,4/18/2026 22:56
all spoiled ,16.7,74.1,0,1084,4/18/2026 22:57
all spoiled ,16.7,74.5,0,1088,4/18/2026 22:57
all spoiled ,16.7,74.1,0,1076,4/18/2026 22:58
all spoiled ,16.7,74.3,0,1054,4/18/2026 22:58
all spoiled ,16.7,74.4,0,1063,4/18/2026 22:59
all spoiled ,16.7,73.2,0,1021,4/18/2026 22:59
all spoiled ,16.6,72.2,0,1007,4/18/2026 23:00
all spoiled ,16.6,73.3,0,1034,4/18/2026 23:00
all spoiled ,16.6,72.7,0,1022,4/18/2026 23:01
all spoiled ,16.6,73.4,0,1023,4/18/2026 23:01
all spoiled ,16.6,72.6,0,1009,4/18/2026 23:02
all spoiled ,16.5,72,0,1005,4/18/2026 23:02
all spoiled ,16.6,71,0,978,4/18/2026 23:03
all spoiled ,16.5,71,0,989,4/18/2026 23:03
all spoiled ,16.5,71.5,0,964,4/18/2026 23:04
spoiled and fresh,12.8,92.1,192,1826,4/19/2026 0:36
spoiled and fresh,13.1,96.7,0,4031,4/19/2026 0:37
spoiled and fresh,13.6,99,0,3360,4/19/2026 0:37
spoiled and fresh,14.3,99.7,0,2816,4/19/2026 0:38
spoiled and fresh,14.6,99.8,0,2329,4/19/2026 0:38
spoiled and fresh,14.7,99.3,0,1918,4/19/2026 0:39
spoiled and fresh,14.8,99.1,0,1529,4/19/2026 0:39
spoiled and fresh,15.1,99,0,1280,4/19/2026 0:40
spoiled and fresh,15.1,98.5,0,1110,4/19/2026 0:40
spoiled and fresh,15.1,97.5,0,918,4/19/2026 0:41
spoiled and fresh,15.1,96.7,0,815,4/19/2026 0:41
spoiled and fresh,15.1,96.1,0,703,4/19/2026 0:42
spoiled and fresh,15,95.4,0,639,4/19/2026 0:42
spoiled and fresh,15,95.1,0,563,4/19/2026 0:43
spoiled and fresh,15,94.6,0,547,4/19/2026 0:43
spoiled and fresh,15,94.6,0,511,4/19/2026 0:44
spoiled and fresh,15,94.2,0,487,4/19/2026 0:45
spoiled and fresh,15.1,94,0,491,4/19/2026 0:45
spoiled and fresh,15.1,93.7,0,502,4/19/2026 0:46
spoiled and fresh,15.1,93.4,0,528,4/19/2026 0:46
spoiled and fresh,15.2,93.1,0,510,4/19/2026 0:47
spoiled and fresh,15.2,92.7,0,539,4/19/2026 0:47
spoiled and fresh,15.2,92.1,0,482,4/19/2026 0:48
spoiled and fresh,15.2,91.5,0,508,4/19/2026 0:48
spoiled and fresh,15.3,91.1,0,506,4/19/2026 0:49
spoiled and fresh,15.2,90.8,0,560,4/19/2026 0:49
spoiled and fresh,15.3,90.3,0,559,4/19/2026 0:50
spoiled and fresh,15.3,90.3,0,574,4/19/2026 0:50
spoiled and fresh,15.4,90.1,0,587,4/19/2026 0:51
spoiled and fresh,15.4,90.2,0,566,4/19/2026 0:51
spoiled and fresh,15.4,90.1,0,586,4/19/2026 0:52
spoiled and fresh,15.5,90,0,615,4/19/2026 0:52
spoiled and fresh,15.5,89.8,0,655,4/19/2026 0:53
spoiled and fresh,15.5,89.7,0,715,4/19/2026 0:53
spoiled and fresh,15.6,89.6,0,710,4/19/2026 0:54
spoiled and fresh,15.6,89.4,0,738,4/19/2026 0:54
spoiled and fresh,15.7,89.4,0,773,4/19/2026 0:55
spoiled and fresh,15.7,89.3,0,770,4/19/2026 0:55
spoiled and fresh,15.7,89.3,0,772,4/19/2026 0:56
spoiled and fresh,15.8,89.1,0,763,4/19/2026 0:56
spoiled and fresh,15.8,89,0,755,4/19/2026 0:57
spoiled and fresh,15.9,88.8,0,661,4/19/2026 0:57
spoiled and fresh,15.9,89,0,698,4/19/2026 0:58
spoiled and fresh,15.9,88.7,0,747,4/19/2026 0:58
spoiled and fresh,15.9,88.5,0,803,4/19/2026 0:59
spoiled and fresh,16,88.5,0,763,4/19/2026 0:59
spoiled and fresh,16,88,0,861,4/19/2026 1:00
spoiled and fresh,16,87.9,0,911,4/19/2026 1:00
spoiled and fresh,16,87.7,0,898,4/19/2026 1:01
spoiled and fresh,16,87.6,0,921,4/19/2026 1:01
spoiled and fresh,16.1,87.6,0,912,4/19/2026 1:02
spoiled and fresh,16.1,87.4,0,910,4/19/2026 1:02
spoiled and fresh,16.1,87.3,0,948,4/19/2026 1:03
spoiled and fresh,16.1,87.1,0,937,4/19/2026 1:03
spoiled and fresh,16.1,87,0,945,4/19/2026 1:04
spoiled and fresh,16.1,87,0,923,4/19/2026 1:04
spoiled and fresh,16.1,87,0,911,4/19/2026 1:05
spoiled and fresh,16.1,87,0,899,4/19/2026 1:05
spoiled and fresh,16.1,87,0,897,4/19/2026 1:06
spoiled and fresh,16.1,86.8,0,892,4/19/2026 1:06
spoiled and fresh,16.2,86.8,0,859,4/19/2026 1:07
spoiled and fresh,16.2,86.8,0,880,4/19/2026 1:07
spoiled and fresh,16.2,87,0,849,4/19/2026 1:08
spoiled and fresh,16.2,86.8,0,859,4/19/2026 1:08
spoiled and fresh,16.2,86.8,0,854,4/19/2026 1:09
spoiled and fresh,16.2,86.6,0,862,4/19/2026 1:09
spoiled and fresh,16.2,86.4,0,822,4/19/2026 1:10
spoiled and fresh,16.2,86.3,0,811,4/19/2026 1:10
spoiled and fresh,16.2,85.2,0,782,4/19/2026 1:11
spoiled and fresh,16.2,85.7,0,818,4/19/2026 1:11
spoiled and fresh,16.3,85.5,0,786,4/19/2026 1:12
spoiled and fresh,16.2,85,0,753,4/19/2026 1:12
spoiled and fresh,16.3,84.7,0,792,4/19/2026 1:13
spoiled and fresh,16.3,84.1,0,773,4/19/2026 1:14
spoiled and fresh,16.3,84.1,0,771,4/19/2026 1:14
spoiled and fresh,16.3,83,0,722,4/19/2026 1:15
spoiled and fresh,16.3,83.4,0,778,4/19/2026 1:15
spoiled and fresh,16.3,82.6,0,729,4/19/2026 1:16
spoiled and fresh,16.2,83.1,0,747,4/19/2026 1:16
spoiled and fresh,16.3,82.2,0,768,4/19/2026 1:17
spoiled and fresh,16.2,81.4,0,758,4/19/2026 1:17
spoiled and fresh,16.2,81.2,0,714,4/19/2026 1:18
spoiled and fresh,16.2,80.9,0,720,4/19/2026 1:18
spoiled and fresh,16.3,80.9,0,706,4/19/2026 1:19
spoiled and fresh,16.3,81.1,0,733,4/19/2026 1:19
spoiled and fresh,16.3,80.8,0,752,4/19/2026 1:20
spoiled and fresh,16.3,80.3,0,739,4/19/2026 1:20
spoiled and fresh,16.2,80,0,741,4/19/2026 1:21
spoiled and fresh,16.2,79.8,0,750,4/19/2026 1:21
spoiled and fresh,16.2,79.7,0,720,4/19/2026 1:22
spoiled and fresh,16.2,79.4,0,758,4/19/2026 1:22
spoiled and fresh,16.2,79.1,0,717,4/19/2026 1:23
spoiled and fresh,16.2,78.9,0,707,4/19/2026 1:23
spoiled and fresh,16.2,78.9,0,706,4/19/2026 1:24
spoiled and fresh,16.2,78.5,0,699,4/19/2026 1:24
spoiled and fresh,16.2,78.4,0,689,4/19/2026 1:25
spoiled and fresh,16.2,77.7,0,725,4/19/2026 1:25
spoiled and fresh,16.1,77.9,0,709,4/19/2026 1:26
spoiled and fresh,16.1,77.6,0,687,4/19/2026 1:26
spoiled and fresh,16.1,77.7,0,686,4/19/2026 1:27
spoiled and fresh,16.1,77.8,0,674,4/19/2026 1:27
spoiled and fresh,16.1,77.4,0,703,4/19/2026 1:28
spoiled and fresh,16.1,77.7,0,688,4/19/2026 1:28
spoiled and fresh,16.1,77.2,0,688,4/19/2026 1:29
spoiled and fresh,16,76.6,0,695,4/19/2026 1:29
spoiled and fresh,16,77,0,715,4/19/2026 1:30
spoiled and fresh,16,75.8,0,671,4/19/2026 1:30
spoiled and fresh,16,76.7,0,687,4/19/2026 1:31
spoiled and fresh,16,75,0,625,4/19/2026 1:31
spoiled and fresh,15.9,75.8,0,667,4/19/2026 1:32
spoiled and fresh,15.9,76.1,0,688,4/19/2026 1:32
spoiled and fresh,15.9,76,0,677,4/19/2026 1:33
spoiled and fresh,15.9,76.1,0,656,4/19/2026 1:33
spoiled and fresh,15.9,75.1,0,688,4/19/2026 1:34
spoiled and fresh,15.8,75.9,0,706,4/19/2026 1:34
spoiled and fresh,15.8,75.7,0,659,4/19/2026 1:35
spoiled and fresh,15.8,74.5,0,641,4/19/2026 1:35
spoiled and fresh,15.8,74.4,0,651,4/19/2026 1:36
spoiled and fresh,15.8,74.9,0,663,4/19/2026 1:36
spoiled and fresh,15.7,74.5,0,632,4/19/2026 1:37
spoiled and fresh,15.7,73.5,0,658,4/19/2026 1:37
spoiled and fresh,15.7,74.7,0,676,4/19/2026 1:38
spoiled and fresh,15.6,74.3,0,661,4/19/2026 1:38
spoiled and fresh,15.7,72.9,0,645,4/19/2026 1:39
spoiled and fresh,15.6,73.4,0,630,4/19/2026 1:39
spoiled and fresh,15.6,73.7,0,643,4/19/2026 1:40
spoiled and fresh,15.6,73.5,0,665,4/19/2026 1:40
spoiled and fresh,15.5,71.5,0,606,4/19/2026 1:41
spoiled and fresh,15.6,72.6,0,640,4/19/2026 1:41
spoiled and fresh,15.5,72.2,0,623,4/19/2026 1:42
spoiled and fresh,15.5,71.9,0,622,4/19/2026 1:42
spoiled and fresh,15.5,72.3,0,657,4/19/2026 1:43
spoiled and fresh,15.4,71.5,0,599,4/19/2026 1:43
spoiled and fresh,15.4,72.7,0,688,4/19/2026 1:44
spoiled and fresh,15.4,71.8,0,629,4/19/2026 1:44
spoiled and fresh,15.4,69.9,0,587,4/19/2026 1:45
spoiled and fresh,15.4,71.4,0,603,4/19/2026 1:45
spoiled and fresh,15.3,69.2,0,567,4/19/2026 1:46
spoiled and fresh,15.3,70.7,0,597,4/19/2026 1:47
spoiled and fresh,15.3,68.1,0,566,4/19/2026 1:47
spoiled and fresh,15.3,71.5,0,625,4/19/2026 1:48
spoiled and fresh,15.2,68.1,0,555,4/19/2026 1:48
spoiled and fresh,15.2,69.2,0,560,4/19/2026 1:49
spoiled and fresh,15.2,70.1,0,571,4/19/2026 1:49
spoiled and fresh,15.2,69.4,0,582,4/19/2026 1:50
spoiled and fresh,15.2,70.3,0,586,4/19/2026 1:50
spoiled and fresh,15.1,67.9,0,560,4/19/2026 1:51
spoiled and fresh,15.2,69.2,0,575,4/19/2026 1:51
spoiled and fresh,15.1,67.7,0,557,4/19/2026 1:52
spoiled and fresh,15.1,67.8,0,565,4/19/2026 1:52
spoiled and fresh,15.1,68.8,0,554,4/19/2026 1:53
spoiled and fresh,15.1,69,0,573,4/19/2026 1:53
spoiled and fresh,15.1,68.9,0,565,4/19/2026 1:54
spoiled and fresh,15,68.4,0,560,4/19/2026 1:54
spoiled and fresh,15,67.9,0,539,4/19/2026 1:55
spoiled and fresh,15,67.9,0,560,4/19/2026 1:55
spoiled and fresh,14.9,65.6,0,552,4/19/2026 1:56
spoiled and fresh,14.9,66.7,0,511,4/19/2026 1:56
spoiled and fresh,14.9,66.7,0,555,4/19/2026 1:57
spoiled and fresh,14.9,66.5,0,547,4/19/2026 1:57
spoiled and fresh,14.8,66.4,0,535,4/19/2026 1:58
spoiled and fresh,14.8,66,0,534,4/19/2026 1:58
spoiled and fresh,14.8,64.3,0,525,4/19/2026 1:59
spoiled and fresh,14.8,66.4,0,562,4/19/2026 1:59
spoiled and fresh,14.8,66,0,544,4/19/2026 2:00
spoiled and fresh,14.7,64.3,0,529,4/19/2026 2:00
spoiled and fresh,14.7,66.4,0,547,4/19/2026 2:01
spoiled and fresh,14.7,65.2,0,546,4/19/2026 2:01
spoiled and fresh,14.6,64,0,531,4/19/2026 2:02
spoiled and fresh,14.6,66.6,0,534,4/19/2026 2:02
spoiled and fresh,14.6,65.8,0,511,4/19/2026 2:03
spoiled and fresh,14.6,64.7,0,529,4/19/2026 2:03
spoiled and fresh,14.5,64.6,0,529,4/19/2026 2:04
spoiled and fresh,14.5,65.3,0,511,4/19/2026 2:04
spoiled and fresh,14.5,64.8,0,527,4/19/2026 2:05
spoiled and fresh,14.4,64.2,0,511,4/19/2026 2:05
spoiled and fresh,14.4,64,0,527,4/19/2026 2:06
spoiled and fresh,14.4,63.1,0,534,4/19/2026 2:06
spoiled and fresh,14.4,64.7,0,508,4/19/2026 2:07
spoiled and fresh,14.4,65.2,0,544,4/19/2026 2:07
spoiled and fresh,14.4,66,0,542,4/19/2026 2:08
spoiled and fresh,14.4,65.4,0,539,4/19/2026 2:08
spoiled and fresh,14.4,65.7,0,545,4/19/2026 2:09
spoiled and fresh,14.4,66.7,0,533,4/19/2026 2:09
spoiled and fresh,14.3,67.1,0,560,4/19/2026 2:10
spoiled and fresh,14.4,67.6,0,577,4/19/2026 2:10
spoiled and fresh,14.3,67.6,0,582,4/19/2026 2:11
spoiled and fresh,14.3,68.3,0,590,4/19/2026 2:11
spoiled and fresh,14.3,68.4,0,577,4/19/2026 2:12
spoiled and fresh,14.4,69.1,0,580,4/19/2026 2:12
spoiled and fresh,14.4,68.8,0,592,4/19/2026 2:13
spoiled and fresh,14.4,69.5,0,591,4/19/2026 2:13
spoiled and fresh,14.4,69.9,0,609,4/19/2026 2:14
spoiled and fresh,14.4,69.9,0,615,4/19/2026 2:14
spoiled and fresh,14.4,70.9,0,618,4/19/2026 2:15
spoiled and fresh,14.4,70.5,0,619,4/19/2026 2:15
spoiled and fresh,14.4,70.6,0,626,4/19/2026 2:16
spoiled and fresh,14.4,70.8,0,642,4/19/2026 2:16
spoiled and fresh,14.4,71.6,0,644,4/19/2026 2:17
spoiled and fresh,14.5,71.6,0,654,4/19/2026 2:17
spoiled and fresh,14.5,72.2,0,656,4/19/2026 2:18
spoiled and fresh,14.5,72,0,654,4/19/2026 2:18
spoiled and fresh,14.5,72.3,0,676,4/19/2026 2:19
spoiled and fresh,14.5,72.8,0,688,4/19/2026 2:19
spoiled and fresh,14.5,72.6,0,688,4/19/2026 2:20
spoiled and fresh,14.5,73.3,0,704,4/19/2026 2:20
spoiled and fresh,14.5,73,0,696,4/19/2026 2:21
spoiled and fresh,14.6,73.8,0,701,4/19/2026 2:22
spoiled and fresh,14.6,73,0,689,4/19/2026 2:22
spoiled and fresh,14.6,74.3,0,718,4/19/2026 2:23
spoiled and fresh,14.6,73.9,0,707,4/19/2026 2:23
spoiled and fresh,14.6,73.8,0,694,4/19/2026 2:24
spoiled and fresh,14.6,74.7,0,706,4/19/2026 2:24
spoiled and fresh,14.6,74.2,0,720,4/19/2026 2:25
spoiled and fresh,14.6,74,0,697,4/19/2026 2:25
spoiled and fresh,14.6,74.8,0,685,4/19/2026 2:26
spoiled and fresh,14.7,73.9,0,689,4/19/2026 2:26
spoiled and fresh,14.6,74.9,0,715,4/19/2026 2:27
spoiled and fresh,14.6,74.2,0,704,4/19/2026 2:27
spoiled and fresh,14.7,74.6,0,693,4/19/2026 2:28
spoiled and fresh,14.7,74.4,0,695,4/19/2026 2:28
spoiled and fresh,14.7,75,0,720,4/19/2026 2:29
spoiled and fresh,14.7,75.1,0,711,4/19/2026 2:29
spoiled and fresh,14.7,74.9,0,697,4/19/2026 2:30
spoiled and fresh,14.7,75,0,688,4/19/2026 2:30
spoiled and fresh,14.7,75.3,0,698,4/19/2026 2:31
spoiled and fresh,14.7,75.5,0,700,4/19/2026 2:31
spoiled and fresh,14.7,75.6,0,675,4/19/2026 2:32
spoiled and fresh,14.7,75.2,0,663,4/19/2026 2:32
spoiled and fresh,14.7,75.4,0,687,4/19/2026 2:33
spoiled and fresh,14.8,75.1,0,702,4/19/2026 2:33
spoiled and fresh,14.8,75.7,0,698,4/19/2026 2:34
spoiled and fresh,14.8,75.8,0,688,4/19/2026 2:34
spoiled and fresh,14.8,76.1,0,707,4/19/2026 2:35
spoiled and fresh,14.8,75.7,0,679,4/19/2026 2:35
spoiled and fresh,14.8,76,0,667,4/19/2026 2:36
spoiled and fresh,14.8,75.4,0,656,4/19/2026 2:36
spoiled and fresh,14.8,75.8,0,686,4/19/2026 2:37
spoiled and fresh,14.8,75.8,0,675,4/19/2026 2:37
spoiled and fresh,14.8,76.2,0,687,4/19/2026 2:38
spoiled and fresh,14.8,76.4,0,692,4/19/2026 2:38
spoiled and fresh,14.8,76.1,0,684,4/19/2026 2:39
spoiled and fresh,14.9,76.2,0,688,4/19/2026 2:39
spoiled and fresh,14.9,76.1,0,698,4/19/2026 2:40
spoiled and fresh,14.9,76.4,0,701,4/19/2026 2:40
spoiled and fresh,14.9,76.1,0,698,4/19/2026 2:41
spoiled and fresh,14.9,75.8,0,650,4/19/2026 2:41
spoiled and fresh,14.9,76.1,0,681,4/19/2026 2:42
spoiled and fresh,14.9,76.4,0,686,4/19/2026 2:42
spoiled and fresh,14.9,76.3,0,688,4/19/2026 2:43
spoiled and fresh,14.9,76.1,0,662,4/19/2026 2:43
spoiled and fresh,14.9,76.3,0,717,4/19/2026 2:44
spoiled and fresh,14.9,76.6,0,703,4/19/2026 2:44
spoiled and fresh,15,76.5,0,711,4/19/2026 2:45
spoiled and fresh,15,76.3,0,680,4/19/2026 2:45
spoiled and fresh,14.9,76.9,0,710,4/19/2026 2:46
spoiled and fresh,15,76.7,0,677,4/19/2026 2:46
spoiled and fresh,14.9,76.6,0,687,4/19/2026 2:47
spoiled and fresh,15,76.6,0,671,4/19/2026 2:47
spoiled and fresh,15,76.7,0,690,4/19/2026 2:48
spoiled and fresh,15,76.7,0,714,4/19/2026 2:48
spoiled and fresh,15,76.7,0,715,4/19/2026 2:49
spoiled and fresh,15,76.7,0,721,4/19/2026 2:49
spoiled and fresh,15,76.9,0,720,4/19/2026 2:50
spoiled and fresh,15,76.8,0,711,4/19/2026 2:50
spoiled and fresh,15,77,0,737,4/19/2026 2:51
spoiled and fresh,15,77,0,698,4/19/2026 2:51
spoiled and fresh,15.1,77.1,0,711,4/19/2026 2:52
spoiled and fresh,15,77.2,0,693,4/19/2026 2:52
spoiled and fresh,15,77.2,0,709,4/19/2026 2:53
spoiled and fresh,15.1,77.5,0,704,4/19/2026 2:53
spoiled and fresh,15.1,77.1,0,695,4/19/2026 2:54
spoiled and fresh,15.1,76.9,0,711,4/19/2026 2:55
spoiled and fresh,15.1,77.2,0,682,4/19/2026 2:55
spoiled and fresh,15.1,77.2,0,712,4/19/2026 2:56
spoiled and fresh,15.1,77.2,0,697,4/19/2026 2:56
spoiled and fresh,15.1,77.2,0,704,4/19/2026 2:57
spoiled and fresh,15.1,77.3,0,714,4/19/2026 2:57
spoiled and fresh,15.1,76.9,0,691,4/19/2026 2:58
spoiled and fresh,15.1,77.1,0,720,4/19/2026 2:58
spoiled and fresh,15.1,77.3,0,691,4/19/2026 2:59
spoiled and fresh,15.1,77.2,0,715,4/19/2026 2:59
spoiled and fresh,15.1,77.5,0,733,4/19/2026 3:00
spoiled and fresh,15.1,77.5,0,730,4/19/2026 3:00
spoiled and fresh,15.1,77.4,0,708,4/19/2026 3:01
spoiled and fresh,15.2,77.5,0,718,4/19/2026 3:01
spoiled and fresh,15.1,77.5,0,719,4/19/2026 3:02
spoiled and fresh,15.2,77.4,0,709,4/19/2026 3:02
spoiled and fresh,15.1,77.1,0,720,4/19/2026 3:03
spoiled and fresh,15.2,77.3,0,722,4/19/2026 3:03
spoiled and fresh,15.2,77.5,0,719,4/19/2026 3:04
spoiled and fresh,15.2,77.4,0,736,4/19/2026 3:04
spoiled and fresh,15.2,77.4,0,726,4/19/2026 3:05
spoiled and fresh,15.2,77.3,0,698,4/19/2026 3:05
spoiled and fresh,15.2,77.4,0,720,4/19/2026 3:06
spoiled and fresh,15.2,77.7,0,727,4/19/2026 3:06
spoiled and fresh,15.2,77.8,0,752,4/19/2026 3:07
spoiled and fresh,15.2,77.7,0,745,4/19/2026 3:07
spoiled and fresh,15.2,77.7,0,717,4/19/2026 3:08
spoiled and fresh,15.2,77.5,0,739,4/19/2026 3:08
spoiled and fresh,15.2,78.1,0,752,4/19/2026 3:09
spoiled and fresh,15.3,78.1,0,723,4/19/2026 3:09
spoiled and fresh,15.3,78.1,0,757,4/19/2026 3:10
spoiled and fresh,15.3,78.1,0,748,4/19/2026 3:10
spoiled and fresh,15.3,78,0,773,4/19/2026 3:11
spoiled and fresh,15.3,78.5,0,799,4/19/2026 3:11
spoiled and fresh,15.2,78.2,0,762,4/19/2026 3:12
spoiled and fresh,15.3,78.3,0,757,4/19/2026 3:12
spoiled and fresh,15.3,78,0,736,4/19/2026 3:13
spoiled and fresh,15.3,78.3,0,746,4/19/2026 3:13
spoiled and fresh,15.3,78.4,0,752,4/19/2026 3:14
spoiled and fresh,15.3,78.2,0,752,4/19/2026 3:14
spoiled and fresh,15.3,78.5,0,749,4/19/2026 3:15
spoiled and fresh,15.3,78.7,0,752,4/19/2026 3:15
spoiled and fresh,15.3,78.6,0,750,4/19/2026 3:16
spoiled and fresh,15.3,78.9,0,762,4/19/2026 3:16
spoiled and fresh,15.3,79,0,787,4/19/2026 3:17
spoiled and fresh,15.4,79,0,790,4/19/2026 3:17
spoiled and fresh,15.4,79.1,0,750,4/19/2026 3:18
spoiled and fresh,15.4,79.1,0,787,4/19/2026 3:18
spoiled and fresh,15.4,79.1,0,763,4/19/2026 3:19
spoiled and fresh,15.4,79,0,770,4/19/2026 3:19
spoiled and fresh,15.4,79.4,0,779,4/19/2026 3:20
spoiled and fresh,15.4,79.3,0,784,4/19/2026 3:20
spoiled and fresh,15.4,79.3,0,768,4/19/2026 3:21
spoiled and fresh,15.4,79.4,0,785,4/19/2026 3:21
spoiled and fresh,15.4,79.5,0,789,4/19/2026 3:22
spoiled and fresh,15.5,79.6,0,775,4/19/2026 3:22
spoiled and fresh,15.5,79.7,0,764,4/19/2026 3:23
spoiled and fresh,15.4,79.8,0,791,4/19/2026 3:23
spoiled and fresh,15.5,79.9,0,813,4/19/2026 3:24
spoiled and fresh,15.5,79.8,0,807,4/19/2026 3:24
spoiled and fresh,15.5,79.9,0,789,4/19/2026 3:25
spoiled and fresh,15.5,80.1,0,796,4/19/2026 3:25
spoiled and fresh,15.5,80.2,0,815,4/19/2026 3:26
spoiled and fresh,15.5,80.2,0,808,4/19/2026 3:27
spoiled and fresh,15.5,80.2,0,800,4/19/2026 3:27
spoiled and fresh,15.5,79.9,0,795,4/19/2026 3:28
spoiled and fresh,15.5,80.2,0,811,4/19/2026 3:28
spoiled and fresh,15.6,80.4,0,809,4/19/2026 3:29
spoiled and fresh,15.6,80.5,0,787,4/19/2026 3:29
spoiled and fresh,15.6,80.6,0,847,4/19/2026 3:30
spoiled and fresh,15.6,80.6,0,846,4/19/2026 3:30
spoiled and fresh,15.6,80.6,0,839,4/19/2026 3:31
spoiled and fresh,15.6,80.7,0,838,4/19/2026 3:31
spoiled and fresh,15.6,80.8,0,849,4/19/2026 3:32
spoiled and fresh,15.6,81,0,854,4/19/2026 3:32
spoiled and fresh,15.6,81.2,0,859,4/19/2026 3:33
spoiled and fresh,15.7,81.2,0,882,4/19/2026 3:33
spoiled and fresh,15.7,81,0,853,4/19/2026 3:34
spoiled and fresh,15.7,81.1,0,859,4/19/2026 3:34
spoiled and fresh,15.7,81.3,0,865,4/19/2026 3:35
spoiled and fresh,15.7,81.4,0,875,4/19/2026 3:35
spoiled and fresh,15.7,81.3,0,859,4/19/2026 3:36
spoiled and fresh,15.7,81.6,0,880,4/19/2026 3:36
spoiled and fresh,15.7,81.7,0,881,4/19/2026 3:37
spoiled and fresh,15.8,81.5,0,894,4/19/2026 3:37
spoiled and fresh,15.8,81.7,0,896,4/19/2026 3:38
spoiled and fresh,15.8,81.7,0,876,4/19/2026 3:38
spoiled and fresh,15.8,81.6,0,879,4/19/2026 3:39
spoiled and fresh,15.8,81.9,0,884,4/19/2026 3:39
spoiled and fresh,15.8,81.8,0,879,4/19/2026 3:40
spoiled and fresh,15.9,81.8,0,885,4/19/2026 3:40
spoiled and fresh,15.8,81.9,0,907,4/19/2026 3:41
spoiled and fresh,15.9,81.9,0,892,4/19/2026 3:41
spoiled and fresh,15.9,81.8,0,865,4/19/2026 3:42
spoiled and fresh,15.9,81.7,0,885,4/19/2026 3:42
spoiled and fresh,15.9,81.5,0,867,4/19/2026 3:43
spoiled and fresh,15.9,81.5,0,887,4/19/2026 3:43
spoiled and fresh,15.9,81,0,864,4/19/2026 3:44
spoiled and fresh,15.9,80.8,0,860,4/19/2026 3:44
spoiled and fresh,15.9,80.5,0,882,4/19/2026 3:45
spoiled and fresh,15.9,80.4,0,870,4/19/2026 3:45
spoiled and fresh,15.9,79.9,0,840,4/19/2026 3:46
spoiled and fresh,15.9,79.8,0,847,4/19/2026 3:46
spoiled and fresh,15.9,79.8,0,890,4/19/2026 3:47
spoiled and fresh,15.9,79.7,0,881,4/19/2026 3:47
spoiled and fresh,15.9,79.2,0,912,4/19/2026 3:48
spoiled and fresh,15.9,78.6,0,912,4/19/2026 3:48
spoiled and fresh,16,78.3,0,898,4/19/2026 3:49
spoiled and fresh,15.9,78.2,0,895,4/19/2026 3:49
spoiled and fresh,15.9,77.2,0,869,4/19/2026 3:50
spoiled and fresh,15.9,77.1,0,869,4/19/2026 3:50
spoiled and fresh,15.9,77.2,0,890,4/19/2026 3:51
spoiled and fresh,15.9,77.2,0,863,4/19/2026 3:51
spoiled and fresh,15.9,76.7,0,866,4/19/2026 3:52
spoiled and fresh,15.9,76.4,0,849,4/19/2026 3:52
spoiled and fresh,15.9,76.3,0,848,4/19/2026 3:53
spoiled and fresh,15.9,74,0,864,4/19/2026 3:53
spoiled and fresh,15.9,75.4,0,854,4/19/2026 3:54
spoiled and fresh,15.9,74.7,0,855,4/19/2026 3:54
spoiled and fresh,15.8,72.6,0,880,4/19/2026 3:55
spoiled and fresh,15.9,72.7,0,837,4/19/2026 3:55
spoiled and fresh,15.8,74,0,845,4/19/2026 3:56
spoiled and fresh,15.8,73.4,0,879,4/19/2026 3:57
spoiled and fresh,15.8,72.7,0,848,4/19/2026 3:57
spoiled and fresh,15.8,72.2,0,848,4/19/2026 3:58
spoiled and fresh,15.8,72.7,0,841,4/19/2026 3:58
spoiled and fresh,15.8,70.7,0,832,4/19/2026 3:59
spoiled and fresh,15.7,70.9,0,820,4/19/2026 3:59
spoiled and fresh,15.8,72,0,821,4/19/2026 4:00
spoiled and fresh,15.7,70.6,0,801,4/19/2026 4:00
spoiled and fresh,15.7,71.1,0,843,4/19/2026 4:01
spoiled and fresh,15.7,71.4,0,845,4/19/2026 4:01
spoiled and fresh,15.7,70.3,0,816,4/19/2026 4:02
spoiled and fresh,15.7,70,0,822,4/19/2026 4:02
spoiled and fresh,15.7,70,0,791,4/19/2026 4:03
spoiled and fresh,15.6,70,0,794,4/19/2026 4:03
spoiled and fresh,15.6,68.9,0,801,4/19/2026 4:04
spoiled and fresh,15.6,68.4,0,770,4/19/2026 4:04
spoiled and fresh,15.6,67.5,0,752,4/19/2026 4:05
spoiled and fresh,15.6,68.8,0,770,4/19/2026 4:05
spoiled and fresh,15.5,68.5,0,755,4/19/2026 4:06
spoiled and fresh,15.6,67.1,0,726,4/19/2026 4:06
spoiled and fresh,15.5,68,0,747,4/19/2026 4:07
spoiled and fresh,15.5,67.6,0,737,4/19/2026 4:07
spoiled and fresh,15.5,65.6,0,728,4/19/2026 4:08
spoiled and fresh,15.4,67.5,0,730,4/19/2026 4:08
spoiled and fresh,15.4,67,0,722,4/19/2026 4:09
spoiled and fresh,15.4,66.7,0,721,4/19/2026 4:09
spoiled and fresh,15.4,65.4,0,703,4/19/2026 4:10
spoiled and fresh,15.3,65.4,0,692,4/19/2026 4:10
spoiled and fresh,15.3,65.9,0,698,4/19/2026 4:11
spoiled and fresh,15.3,65.9,0,677,4/19/2026 4:11
spoiled and fresh,15.2,65.4,0,680,4/19/2026 4:12
spoiled and fresh,15.2,65.7,0,695,4/19/2026 4:12
spoiled and fresh,15.2,64.5,0,686,4/19/2026 4:13
spoiled and fresh,12,91.7,226,1421,4/19/2026 8:56
spoiled and fresh,12.5,96.4,0,3343,4/19/2026 8:56
spoiled and fresh,12.8,96.8,0,2804,4/19/2026 8:57
spoiled and fresh,13,96.5,0,2382,4/19/2026 8:57
spoiled and fresh,13.1,95.8,0,1971,4/19/2026 8:58
spoiled and fresh,13.2,95.1,0,1654,4/19/2026 8:58
spoiled and fresh,13.3,94.7,0,1387,4/19/2026 8:59
spoiled and fresh,13.3,94.2,0,1213,4/19/2026 8:59
spoiled and fresh,13.4,93.8,0,1072,4/19/2026 9:00
spoiled and fresh,13.5,93.3,0,982,4/19/2026 9:00
spoiled and fresh,13.6,92.9,0,896,4/19/2026 9:01
spoiled and fresh,13.6,92.5,0,836,4/19/2026 9:01
spoiled and fresh,13.7,92.5,0,793,4/19/2026 9:02
spoiled and fresh,13.7,92.3,0,755,4/19/2026 9:03
spoiled and fresh,13.8,91.7,0,736,4/19/2026 9:03
spoiled and fresh,13.9,91.3,0,717,4/19/2026 9:04
spoiled and fresh,13.9,90.9,0,707,4/19/2026 9:04
spoiled and fresh,14,90.5,0,734,4/19/2026 9:05
spoiled and fresh,14,90.1,0,730,4/19/2026 9:05
spoiled and fresh,14.1,89.8,0,737,4/19/2026 9:06
spoiled and fresh,14.2,89.4,0,746,4/19/2026 9:06
spoiled and fresh,14.2,89.2,0,705,4/19/2026 9:07
spoiled and fresh,14.2,88.7,0,711,4/19/2026 9:07
spoiled and fresh,14.3,88.6,0,718,4/19/2026 9:08
spoiled and fresh,14.3,88.3,0,732,4/19/2026 9:08
spoiled and fresh,14.3,87.8,0,737,4/19/2026 9:09
spoiled and fresh,14.4,87.7,0,751,4/19/2026 9:09
spoiled and fresh,14.4,87.4,0,735,4/19/2026 9:10
spoiled and fresh,14.4,86.9,0,726,4/19/2026 9:10
spoiled and fresh,14.5,86.5,0,733,4/19/2026 9:11
spoiled and fresh,14.5,86.1,0,738,4/19/2026 9:11
spoiled and fresh,14.5,85.6,0,752,4/19/2026 9:12
spoiled and fresh,14.5,85.1,0,752,4/19/2026 9:12
spoiled and fresh,14.6,84.9,0,752,4/19/2026 9:13
spoiled and fresh,14.6,84.3,0,762,4/19/2026 9:13
spoiled and fresh,14.6,83.8,0,714,4/19/2026 9:14
spoiled and fresh,14.6,83.6,0,749,4/19/2026 9:14
spoiled and fresh,14.7,82.4,0,714,4/19/2026 9:15
spoiled and fresh,14.7,81.9,0,716,4/19/2026 9:15
spoiled and fresh,14.7,81.5,0,709,4/19/2026 9:16
spoiled and fresh,14.7,80.9,0,731,4/19/2026 9:16
spoiled and fresh,14.8,80.7,0,720,4/19/2026 9:17
spoiled and fresh,14.8,80.6,0,714,4/19/2026 9:17
spoiled and fresh,14.8,79.6,0,704,4/19/2026 9:18
spoiled and fresh,14.8,79.5,0,708,4/19/2026 9:18
spoiled and fresh,14.8,78.8,0,699,4/19/2026 9:19
spoiled and fresh,14.8,78.8,0,693,4/19/2026 9:19
spoiled and fresh,14.8,78.1,0,685,4/19/2026 9:20
spoiled and fresh,14.9,77.9,0,713,4/19/2026 9:20
spoiled and fresh,14.9,77.6,0,693,4/19/2026 9:21
spoiled and fresh,14.9,76.7,0,679,4/19/2026 9:21
spoiled and fresh,14.9,77.2,0,689,4/19/2026 9:22
spoiled and fresh,14.9,77.1,0,718,4/19/2026 9:22
spoiled and fresh,14.9,76.6,0,715,4/19/2026 9:23
spoiled and fresh,15,75.8,0,731,4/19/2026 9:23
spoiled and fresh,14.9,76.3,0,697,4/19/2026 9:24
spoiled and fresh,15,75.7,0,741,4/19/2026 9:24
spoiled and fresh,14.9,75.3,0,704,4/19/2026 9:25
spoiled and fresh,15,74.6,0,688,4/19/2026 9:25
spoiled and fresh,15,74.1,0,686,4/19/2026 9:26
spoiled and fresh,15,73.9,0,675,4/19/2026 9:26
spoiled and fresh,14.9,74,0,720,4/19/2026 9:27
spoiled and fresh,14.9,73.4,0,718,4/19/2026 9:28
spoiled and fresh,14.9,73.6,0,705,4/19/2026 9:28
spoiled and fresh,15,73.4,0,720,4/19/2026 9:29
spoiled and fresh,14.9,73.6,0,736,4/19/2026 9:29
spoiled and fresh,15,73.3,0,761,4/19/2026 9:30
spoiled and fresh,15,73.5,0,727,4/19/2026 9:30
spoiled and fresh,15,72,0,735,4/19/2026 9:31
spoiled and fresh,15,72.8,0,747,4/19/2026 9:31
spoiled and fresh,14.9,73.2,0,752,4/19/2026 9:32
spoiled and fresh,15,72.7,0,743,4/19/2026 9:32
spoiled and fresh,14.9,71.6,0,739,4/19/2026 9:33
spoiled and fresh,15,71.9,0,769,4/19/2026 9:33
spoiled and fresh,14.9,71.5,0,738,4/19/2026 9:34
spoiled and fresh,14.9,70.5,0,752,4/19/2026 9:34
spoiled and fresh,14.9,71.1,0,705,4/19/2026 9:35
spoiled and fresh,14.9,71.1,0,719,4/19/2026 9:35
spoiled and fresh,14.9,71.1,0,725,4/19/2026 9:36
spoiled and fresh,14.9,70.8,0,709,4/19/2026 9:36
spoiled and fresh,14.9,70.7,0,709,4/19/2026 9:37
spoiled and fresh,14.9,69.8,0,687,4/19/2026 9:37
spoiled and fresh,14.9,69.6,0,671,4/19/2026 9:38
spoiled and fresh,14.9,70.3,0,704,4/19/2026 9:38
spoiled and fresh,14.9,70.4,0,722,4/19/2026 9:39
spoiled and fresh,14.8,69.4,0,689,4/19/2026 9:39
spoiled and fresh,14.8,70.1,0,695,4/19/2026 9:40
spoiled and fresh,14.9,70.1,0,690,4/19/2026 9:40
spoiled and fresh,14.8,70,0,698,4/19/2026 9:41
spoiled and fresh,14.8,69.4,0,698,4/19/2026 9:41
spoiled and fresh,14.8,68.4,0,670,4/19/2026 9:42
spoiled and fresh,14.8,68.8,0,685,4/19/2026 9:42
spoiled and fresh,14.8,69.3,0,660,4/19/2026 9:43
spoiled and fresh,14.7,67.3,0,658,4/19/2026 9:43
spoiled and fresh,14.7,68.7,0,688,4/19/2026 9:44
spoiled and fresh,14.7,68.9,0,659,4/19/2026 9:44
spoiled and fresh,14.7,68.1,0,673,4/19/2026 9:45
spoiled and fresh,14.7,68.6,0,670,4/19/2026 9:45
spoiled and fresh,14.6,67.9,0,653,4/19/2026 9:46
spoiled and fresh,14.6,68,0,634,4/19/2026 9:46
spoiled and fresh,14.6,67.7,0,656,4/19/2026 9:47
spoiled and fresh,14.6,66.7,0,635,4/19/2026 9:47
spoiled and fresh,14.6,66.3,0,639,4/19/2026 9:48
spoiled and fresh,14.6,68.1,0,647,4/19/2026 9:48
spoiled and fresh,14.6,66.5,0,603,4/19/2026 9:49
spoiled and fresh,14.5,67.2,0,623,4/19/2026 9:49
spoiled and fresh,14.5,66.1,0,621,4/19/2026 9:50
spoiled and fresh,14.5,66.9,0,626,4/19/2026 9:50
spoiled and fresh,14.5,64.9,0,599,4/19/2026 9:51
spoiled and fresh,14.5,65.6,0,611,4/19/2026 9:52
spoiled and fresh,14.5,65.1,0,609,4/19/2026 9:52
spoiled and fresh,14.5,66.2,0,610,4/19/2026 9:53
spoiled and fresh,14.4,65.8,0,599,4/19/2026 9:53
spoiled and fresh,14.4,65.3,0,596,4/19/2026 9:54
spoiled and fresh,14.4,65.6,0,624,4/19/2026 9:54
spoiled and fresh,14.4,64.4,0,612,4/19/2026 9:55
spoiled and fresh,14.4,64.6,0,599,4/19/2026 9:55
spoiled and fresh,14.4,65.2,0,608,4/19/2026 9:56
spoiled and fresh,14.4,63.9,0,601,4/19/2026 9:56
spoiled and fresh,14.3,65.2,0,592,4/19/2026 9:57
spoiled and fresh,14.3,64.9,0,604,4/19/2026 9:57
spoiled and fresh,14.3,65.2,0,592,4/19/2026 9:58
spoiled and fresh,14.3,64.6,0,609,4/19/2026 9:58
spoiled and fresh,14.3,65.4,0,599,4/19/2026 9:59
spoiled and fresh,14.3,65.4,0,584,4/19/2026 9:59
spoiled and fresh,14.2,65.6,0,623,4/19/2026 10:00
spoiled and fresh,14.2,65.9,0,607,4/19/2026 10:00
spoiled and fresh,14.3,66.8,0,628,4/19/2026 10:01
spoiled and fresh,14.2,67.2,0,609,4/19/2026 10:01
spoiled and fresh,14.3,67.1,0,624,4/19/2026 10:02
spoiled and fresh,14.2,67.3,0,623,4/19/2026 10:02
spoiled and fresh,14.2,68.6,0,650,4/19/2026 10:03
spoiled and fresh,14.3,69.6,0,656,4/19/2026 10:03
spoiled and fresh,14.3,68.7,0,651,4/19/2026 10:04
spoiled and fresh,14.3,69.2,0,634,4/19/2026 10:04
spoiled and fresh,14.3,69.7,0,654,4/19/2026 10:05
spoiled and fresh,14.3,69.5,0,665,4/19/2026 10:05
spoiled and fresh,14.3,70.6,0,672,4/19/2026 10:06
spoiled and fresh,14.3,70.7,0,688,4/19/2026 10:06
spoiled and fresh,14.3,71.3,0,695,4/19/2026 10:07
spoiled and fresh,14.3,71.7,0,697,4/19/2026 10:07
spoiled and fresh,14.4,71.8,0,705,4/19/2026 10:08
spoiled and fresh,14.4,72.5,0,730,4/19/2026 10:08
spoiled and fresh,14.4,72.7,0,769,4/19/2026 10:09
spoiled and fresh,14.4,72.7,0,752,4/19/2026 10:09
spoiled and fresh,14.4,73.3,0,767,4/19/2026 10:10
spoiled and fresh,14.4,72.4,0,758,4/19/2026 10:10
spoiled and fresh,14.5,72.4,0,768,4/19/2026 10:11
spoiled and fresh,14.4,72.9,0,782,4/19/2026 10:11
spoiled and fresh,14.5,73.4,0,780,4/19/2026 10:12
spoiled and fresh,14.5,74,0,789,4/19/2026 10:12
spoiled and fresh,14.5,73.4,0,785,4/19/2026 10:13
spoiled and fresh,14.5,73.2,0,789,4/19/2026 10:13
all fresh ,13,84.5,155,1347,4/19/2026 11:54
all fresh ,13.3,93.2,0,2401,4/19/2026 11:54
all fresh ,13.5,93.5,0,1978,4/19/2026 11:55
all fresh ,13.7,93,0,1634,4/19/2026 11:56
all fresh ,13.8,92.2,0,1342,4/19/2026 11:56
all fresh ,13.9,91.5,0,1147,4/19/2026 11:57
all fresh ,13.9,91,0,983,4/19/2026 11:57
all fresh ,14,90.5,0,881,4/19/2026 11:58
all fresh ,14.1,90.2,0,790,4/19/2026 11:58
all fresh ,14.2,89.9,0,752,4/19/2026 11:59
all fresh ,14.2,89.1,0,694,4/19/2026 11:59
all fresh ,14.3,88.4,0,709,4/19/2026 12:00
all fresh ,14.4,87,0,733,4/19/2026 12:00
all fresh ,14.4,86.4,0,719,4/19/2026 12:01
all fresh ,14.4,85,0,719,4/19/2026 12:01
all fresh ,14.5,83.8,0,734,4/19/2026 12:02
all fresh ,14.5,82.6,0,687,4/19/2026 12:02
all fresh ,14.6,81.7,0,693,4/19/2026 12:03
all fresh ,14.6,80.6,0,656,4/19/2026 12:03
all fresh ,14.7,80.5,0,727,4/19/2026 12:04
all fresh ,14.7,79.5,0,705,4/19/2026 12:04
all fresh ,14.8,78.3,0,696,4/19/2026 12:05
all fresh ,14.8,77.7,0,744,4/19/2026 12:05
all fresh ,14.8,76,0,747,4/19/2026 12:06
all fresh ,14.8,76.1,0,726,4/19/2026 12:06
all fresh ,14.9,75,0,725,4/19/2026 12:07
all fresh ,14.8,74.1,0,720,4/19/2026 12:07
all fresh ,14.9,74,0,706,4/19/2026 12:08
all fresh ,14.9,72.8,0,718,4/19/2026 12:08
all fresh ,14.9,72.9,0,733,4/19/2026 12:09
all fresh ,14.9,72.3,0,763,4/19/2026 12:09
all fresh ,15,71.5,0,750,4/19/2026 12:10
all fresh ,15,71.2,0,726,4/19/2026 12:10
all fresh ,15,70.5,0,683,4/19/2026 12:11
all fresh ,15,70,0,705,4/19/2026 12:11
all fresh ,15,70.1,0,690,4/19/2026 12:12
all fresh ,15.1,70.1,0,730,4/19/2026 12:12
all fresh ,15,69.8,0,704,4/19/2026 12:13
all fresh ,15.1,69,0,724,4/19/2026 12:13
all fresh ,15,69.2,0,679,4/19/2026 12:14
all fresh ,15.1,68.7,0,688,4/19/2026 12:14
all fresh ,15.1,68.4,0,702,4/19/2026 12:15
all fresh ,15.1,68,0,720,4/19/2026 12:15
all fresh ,15.1,68,0,700,4/19/2026 12:16
all fresh ,15.1,68,0,695,4/19/2026 12:16
all fresh ,15.1,68.1,0,688,4/19/2026 12:17
all fresh ,15.1,67.7,0,657,4/19/2026 12:17
all fresh ,15.1,67.4,0,662,4/19/2026 12:18
all fresh ,15.1,67.2,0,699,4/19/2026 12:18
all fresh ,15.1,67.3,0,683,4/19/2026 12:19
all fresh ,15.1,67.3,0,687,4/19/2026 12:19
all fresh ,15.1,66.6,0,728,4/19/2026 12:20
all fresh ,15.1,67.1,0,698,4/19/2026 12:20
all fresh ,15.1,67.6,0,685,4/19/2026 12:21
all fresh ,15.1,66.8,0,695,4/19/2026 12:21
all fresh ,15.1,66.6,0,688,4/19/2026 12:22
all fresh ,15.1,66.3,0,686,4/19/2026 12:23
all fresh ,15.1,67.1,0,667,4/19/2026 12:23
all fresh ,15.1,66.5,0,675,4/19/2026 12:24
all fresh ,15.1,65.8,0,669,4/19/2026 12:24
all fresh ,15.1,65.3,0,674,4/19/2026 12:25
all fresh ,15.1,66.7,0,689,4/19/2026 12:25
all fresh ,15,65.9,0,685,4/19/2026 12:26
all fresh ,15.1,65.5,0,681,4/19/2026 12:26
all fresh ,15.1,66.1,0,674,4/19/2026 12:27
all fresh ,15,65.9,0,659,4/19/2026 12:27
all fresh ,15.1,66.1,0,644,4/19/2026 12:28
all fresh ,15.1,65.4,0,664,4/19/2026 12:28
all fresh ,15.1,65.7,0,637,4/19/2026 12:29
all fresh ,15,65.7,0,660,4/19/2026 12:29
all fresh ,15,66.1,0,688,4/19/2026 12:30
all fresh ,15,65.8,0,658,4/19/2026 12:30
all fresh ,15,66.3,0,685,4/19/2026 12:31
all fresh ,15,66,0,675,4/19/2026 12:31
all fresh ,15,66.4,0,691,4/19/2026 12:32
all fresh ,15,67.7,0,698,4/19/2026 12:32
all fresh ,15,67.9,0,672,4/19/2026 12:33
all fresh ,15,68.6,0,692,4/19/2026 12:33
all fresh ,15,68.5,0,717,4/19/2026 12:34
all fresh ,15,68.6,0,720,4/19/2026 12:34
all fresh ,15,69.1,0,722,4/19/2026 12:35
all fresh ,15,69.7,0,679,4/19/2026 12:35
all fresh ,15,70.5,0,713,4/19/2026 12:36
all fresh ,15,70.2,0,725,4/19/2026 12:36
all fresh ,15.1,70.7,0,740,4/19/2026 12:37
all fresh ,15,71.2,0,756,4/19/2026 12:37
all fresh ,15.1,70.9,0,759,4/19/2026 12:38
all fresh ,15,71.6,0,755,4/19/2026 12:38
all fresh ,15,71.7,0,760,4/19/2026 12:39
all fresh ,15.1,71.8,0,752,4/19/2026 12:39
all fresh ,15.1,72.6,0,786,4/19/2026 12:40
all fresh ,15.1,72.7,0,782,4/19/2026 12:40
all fresh ,15.3,74,0,798,4/19/2026 12:50
all fresh ,15.3,74,0,778,4/19/2026 12:51
all fresh ,15.3,73.7,0,772,4/19/2026 12:51
all fresh ,15.3,74.6,0,775,4/19/2026 12:52
all fresh ,15.3,74.7,0,762,4/19/2026 12:52
all fresh ,15.4,74.3,0,766,4/19/2026 12:53
all fresh ,15.3,74,0,777,4/19/2026 12:53
all fresh ,15.4,74.5,0,784,4/19/2026 12:54
all fresh ,15.4,74.5,0,799,4/19/2026 12:54
all fresh ,15.4,74,0,784,4/19/2026 12:55
all fresh ,15.4,74.5,0,784,4/19/2026 12:56
all fresh ,15.4,74.6,0,782,4/19/2026 12:56
all fresh ,15.4,74.8,0,757,4/19/2026 12:57
all fresh ,15.4,74.3,0,784,4/19/2026 12:57
all fresh ,15.4,74.8,0,761,4/19/2026 12:58
all fresh ,15.4,74.7,0,775,4/19/2026 12:58
all fresh ,15.5,74.8,0,766,4/19/2026 12:59
all fresh ,15.5,75.1,0,764,4/19/2026 12:59
all fresh ,15.5,74.8,0,767,4/19/2026 13:00
all fresh ,15.5,74.9,0,761,4/19/2026 13:00
all fresh ,15.5,75.1,0,754,4/19/2026 13:01
all fresh ,15.5,75.2,0,773,4/19/2026 13:01
all fresh ,15.5,75.2,0,769,4/19/2026 13:02
all fresh ,15.5,75.5,0,752,4/19/2026 13:02
all fresh ,15.5,75.1,0,777,4/19/2026 13:03
all fresh ,15.5,75.3,0,752,4/19/2026 13:03
all fresh ,15.6,75.6,0,751,4/19/2026 13:04
all fresh ,15.5,75.4,0,759,4/19/2026 13:04
all fresh ,15.6,75.5,0,752,4/19/2026 13:05
all fresh ,15.6,75.3,0,770,4/19/2026 13:05
all fresh ,15.6,75.2,0,754,4/19/2026 13:06
all fresh ,15.6,75.1,0,790,4/19/2026 13:06
all fresh ,15.6,75.7,0,772,4/19/2026 13:07
all fresh ,15.6,75.4,0,787,4/19/2026 13:07
all fresh ,15.6,75.2,0,785,4/19/2026 13:08
all fresh ,15.6,75.6,0,771,4/19/2026 13:08
all fresh ,15.6,75.3,0,787,4/19/2026 13:09
all fresh ,15.7,75.4,0,783,4/19/2026 13:09
all fresh ,15.6,75.1,0,771,4/19/2026 13:10
all fresh ,15.7,75.4,0,784,4/19/2026 13:10
all fresh ,15.7,75.9,0,776,4/19/2026 13:11
all fresh ,15.7,75.7,0,761,4/19/2026 13:11
all fresh ,15.7,75.3,0,767,4/19/2026 13:12
all fresh ,15.7,75.7,0,779,4/19/2026 13:12
all fresh ,15.7,75.5,0,766,4/19/2026 13:13
all fresh ,15.7,75.4,0,758,4/19/2026 13:13
all fresh ,15.7,75.5,0,781,4/19/2026 13:14
all fresh ,15.8,76.3,0,777,4/19/2026 13:15
all fresh ,15.8,75.3,0,767,4/19/2026 13:15
all fresh ,15.8,75.6,0,768,4/19/2026 13:16
all fresh ,15.8,75.7,0,778,4/19/2026 13:16
all fresh ,15.8,75.4,0,775,4/19/2026 13:17
all fresh ,15.8,75.5,0,756,4/19/2026 13:17
all fresh ,15.8,75.5,0,768,4/19/2026 13:18
all fresh ,15.8,75.7,0,790,4/19/2026 13:18
all fresh ,15.8,75.5,0,801,4/19/2026 13:19
all fresh ,15.8,75.4,0,779,4/19/2026 13:19
all fresh ,15.8,75.7,0,797,4/19/2026 13:20
all fresh ,15.8,76,0,784,4/19/2026 13:20
all fresh ,15.8,75.8,0,788,4/19/2026 13:21
all fresh ,15.9,75.4,0,797,4/19/2026 13:21
all fresh ,15.8,75.8,0,790,4/19/2026 13:22
all fresh ,15.9,76.3,0,797,4/19/2026 13:22
all fresh ,15.9,75.5,0,816,4/19/2026 13:23
all fresh ,15.9,75.9,0,766,4/19/2026 13:23
all fresh ,15.9,76,0,789,4/19/2026 13:24
all fresh ,15.9,75.7,0,790,4/19/2026 13:24
all fresh ,15.9,75.7,0,771,4/19/2026 13:25
all fresh ,16,75.8,0,797,4/19/2026 13:25
all fresh ,15.9,76.3,0,776,4/19/2026 13:26
all fresh ,15.9,75.9,0,795,4/19/2026 13:26
all fresh ,16,76.2,0,795,4/19/2026 13:27
all fresh ,16,76.5,0,771,4/19/2026 13:27
all fresh ,16,76.2,0,795,4/19/2026 13:28
all fresh ,16,76.5,0,775,4/19/2026 13:28
all fresh ,16,76.3,0,794,4/19/2026 13:29
all fresh ,16,76.4,0,794,4/19/2026 13:29
all fresh ,16,76.2,0,806,4/19/2026 13:30
all fresh ,16.1,76.5,0,800,4/19/2026 13:30
all fresh ,16,76.5,0,801,4/19/2026 13:31
all fresh ,16,76.9,0,798,4/19/2026 13:31
all fresh ,16.1,76.8,0,802,4/19/2026 13:32
all fresh ,16.1,76.6,0,811,4/19/2026 13:32
all fresh ,16.1,76.4,0,848,4/19/2026 13:33
all fresh ,16.1,76.9,0,838,4/19/2026 13:33
all fresh ,16.1,77.1,0,841,4/19/2026 13:34
all fresh ,16.1,76.8,0,811,4/19/2026 13:34
all fresh ,16.1,76.7,0,837,4/19/2026 13:35
all fresh ,16.1,77.3,0,837,4/19/2026 13:35
all fresh ,16.1,77.5,0,840,4/19/2026 13:36
all fresh ,16.2,77.5,0,844,4/19/2026 13:36
all fresh ,16.2,77.6,0,827,4/19/2026 13:37
all fresh ,16.2,77.4,0,848,4/19/2026 13:37
all fresh ,16.2,77.3,0,849,4/19/2026 13:38
all fresh ,16.2,77.6,0,841,4/19/2026 13:39
all fresh ,16.2,77.8,0,845,4/19/2026 13:39
all fresh ,16.2,77.6,0,838,4/19/2026 13:40
all fresh ,16.2,77.6,0,861,4/19/2026 13:40
all fresh ,16.2,78.1,0,859,4/19/2026 13:41
all fresh ,16.2,78.1,0,871,4/19/2026 13:41
all fresh ,16.3,78,0,864,4/19/2026 13:42
all fresh ,16.3,78,0,881,4/19/2026 13:42
all fresh ,16.3,78,0,903,4/19/2026 13:43
all fresh ,16.3,78.2,0,885,4/19/2026 13:43
all fresh ,16.3,78.2,0,892,4/19/2026 13:44
all fresh ,16.3,78.3,0,886,4/19/2026 13:44
all fresh ,16.3,78.3,0,880,4/19/2026 13:45
all fresh ,16.4,79,0,887,4/19/2026 13:45
all fresh ,16.4,78.7,0,907,4/19/2026 13:46
all fresh ,16.4,79,0,898,4/19/2026 13:46
all fresh ,16.4,79,0,893,4/19/2026 13:47
all fresh ,16.4,78.9,0,909,4/19/2026 13:47
all fresh ,16.4,79.3,0,893,4/19/2026 13:48
all fresh ,16.4,79.1,0,915,4/19/2026 13:48
all fresh ,16.4,79.1,0,938,4/19/2026 13:49
all fresh ,16.5,79.3,0,921,4/19/2026 13:49
all fresh ,16.5,79.4,0,910,4/19/2026 13:50
all fresh ,16.5,79.1,0,940,4/19/2026 13:50
all fresh ,16.5,79.3,0,935,4/19/2026 13:51
all fresh ,16.5,78.7,0,938,4/19/2026 13:51
all fresh ,16.5,78.8,0,918,4/19/2026 13:52
all fresh ,16.6,78.8,0,933,4/19/2026 13:52
all fresh ,16.6,78.1,0,931,4/19/2026 13:53
all fresh ,16.5,78.2,0,909,4/19/2026 13:53
all fresh ,16.5,77.7,0,900,4/19/2026 13:54
all fresh ,16.6,77.4,0,877,4/19/2026 13:54
all fresh ,16.6,77.3,0,879,4/19/2026 13:55
all fresh ,16.6,76.7,0,881,4/19/2026 13:55
all fresh ,16.6,76.7,0,876,4/19/2026 13:56
all fresh ,16.6,76.4,0,893,4/19/2026 13:56
all fresh ,16.6,76.2,0,882,4/19/2026 13:57
all fresh ,16.6,75.8,0,876,4/19/2026 13:57
all fresh ,16.6,75.7,0,880,4/19/2026 13:58
all fresh ,16.6,75.1,0,889,4/19/2026 13:58
all fresh ,16.6,75.2,0,889,4/19/2026 13:59
all fresh ,16.6,75.3,0,901,4/19/2026 13:59
all fresh ,16.6,74.7,0,878,4/19/2026 14:00
all fresh ,16.6,74.3,0,870,4/19/2026 14:01
all fresh ,16.6,74.3,0,890,4/19/2026 14:01
all fresh ,16.6,74.1,0,874,4/19/2026 14:02
all fresh ,16.6,73.8,0,870,4/19/2026 14:02
all fresh ,16.6,73.1,0,876,4/19/2026 14:03
all fresh ,16.6,73,0,857,4/19/2026 14:03
all fresh ,16.6,72.8,0,884,4/19/2026 14:04
all fresh ,16.6,72.6,0,859,4/19/2026 14:04
all fresh ,16.5,72.7,0,879,4/19/2026 14:05
all fresh ,16.5,72.3,0,875,4/19/2026 14:05
all fresh ,16.6,72.5,0,894,4/19/2026 14:06
all fresh ,16.5,71.8,0,858,4/19/2026 14:06
all fresh ,16.6,72.1,0,882,4/19/2026 14:07
all fresh ,16.6,71.9,0,891,4/19/2026 14:07
all fresh ,16.6,71.7,0,880,4/19/2026 14:08
all fresh ,16.5,71.3,0,862,4/19/2026 14:08
all fresh ,16.6,71.3,0,879,4/19/2026 14:09
all fresh ,16.6,71.2,0,874,4/19/2026 14:09
all fresh ,16.5,71.1,0,885,4/19/2026 14:10
all fresh ,16.5,71.3,0,866,4/19/2026 14:10
all fresh ,16.5,70.7,0,883,4/19/2026 14:11
all fresh ,16.5,70.4,0,882,4/19/2026 14:11
all fresh ,16.5,70.7,0,887,4/19/2026 14:12
all fresh ,16.5,70.7,0,878,4/19/2026 14:12
all fresh ,16.5,70.3,0,881,4/19/2026 14:13
all fresh ,16.5,69.9,0,901,4/19/2026 14:13
all fresh ,16.5,68.7,0,907,4/19/2026 14:14
all fresh ,16.5,68.4,0,906,4/19/2026 14:14
all fresh ,16.5,68.6,0,899,4/19/2026 14:15
all fresh ,16.4,69.4,0,877,4/19/2026 14:15
all fresh ,16.4,68.5,0,882,4/19/2026 14:16
all fresh ,16.4,68.3,0,866,4/19/2026 14:16
all fresh ,16.4,67.1,0,903,4/19/2026 14:17
all fresh ,16.4,65.4,0,838,4/19/2026 14:17
all fresh ,16.4,66.1,0,865,4/19/2026 14:18
all fresh ,16.4,66.6,0,877,4/19/2026 14:18
all fresh ,16.4,66.4,0,847,4/19/2026 14:19
all fresh ,16.4,65.3,0,867,4/19/2026 14:19
all fresh ,16.4,65.1,0,854,4/19/2026 14:20
all fresh ,16.3,63.4,0,896,4/19/2026 14:20
all fresh ,16.4,65.2,0,848,4/19/2026 14:21
all fresh ,16.3,64.7,0,880,4/19/2026 14:21
all fresh ,16.3,65.1,0,853,4/19/2026 14:22
all fresh ,16.3,64.9,0,864,4/19/2026 14:22
all fresh ,16.3,64,0,820,4/19/2026 14:23
all fresh ,16.3,64.5,0,832,4/19/2026 14:23
all fresh ,16.3,65.4,0,822,4/19/2026 14:24
all fresh ,16.3,63.8,0,853,4/19/2026 14:24
all fresh ,16.2,63.3,0,841,4/19/2026 14:25
all fresh ,16.2,63.1,0,801,4/19/2026 14:25
all fresh ,16.2,62.6,0,800,4/19/2026 14:26
all fresh ,16.2,63.1,0,784,4/19/2026 14:26
all fresh ,16.1,61.6,0,791,4/19/2026 14:27
all fresh ,16.2,62.9,0,769,4/19/2026 14:28
all fresh ,16.2,63.3,0,780,4/19/2026 14:28
all fresh ,16.2,61.9,0,803,4/19/2026 14:29
all fresh ,16.2,62.2,0,803,4/19/2026 14:29
all fresh ,16.1,61.6,0,795,4/19/2026 14:30
all fresh ,16.1,61,0,807,4/19/2026 14:30
all fresh ,16.1,61.4,0,789,4/19/2026 14:31
all fresh ,16,61.3,0,784,4/19/2026 14:31
all fresh ,16.1,61,0,760,4/19/2026 14:32
all fresh ,16,60.8,0,769,4/19/2026 14:32
all fresh ,16,61,0,773,4/19/2026 14:33
all fresh ,16,61.3,0,766,4/19/2026 14:33
all fresh ,16,60.2,0,771,4/19/2026 14:34
all fresh ,16,60.9,0,768,4/19/2026 14:34
all fresh ,15.9,60.2,0,767,4/19/2026 14:35
all fresh ,15.9,61.2,0,765,4/19/2026 14:35
all fresh ,15.9,60.3,0,757,4/19/2026 14:36
all fresh ,15.9,60,0,763,4/19/2026 14:36
all fresh ,15.9,60.1,0,766,4/19/2026 14:37
all fresh ,15.8,59.8,0,772,4/19/2026 14:37
all fresh ,15.8,59.8,0,765,4/19/2026 14:38
all fresh ,15.8,60.3,0,755,4/19/2026 14:38
all fresh ,15.8,59.8,0,741,4/19/2026 14:39
all fresh ,15.7,59.1,0,759,4/19/2026 14:39
all fresh ,15.7,59.1,0,727,4/19/2026 14:40
all fresh ,15.7,59.1,0,751,4/19/2026 14:40
all fresh ,15.7,59.2,0,763,4/19/2026 14:41
all fresh ,15.7,58.9,0,731,4/19/2026 14:41
all fresh ,15.6,58.6,0,731,4/19/2026 14:42
all fresh ,15.6,59,0,739,4/19/2026 14:42
all fresh ,15.6,59,0,747,4/19/2026 14:43
all fresh ,15.6,58.7,0,738,4/19/2026 14:43
all fresh ,15.5,58.7,0,741,4/19/2026 14:44
all fresh ,15.5,58.8,0,736,4/19/2026 14:44
all fresh ,15.5,59.4,0,726,4/19/2026 14:45
all fresh ,15.5,58.5,0,726,4/19/2026 14:45
all fresh ,15.5,58.4,0,755,4/19/2026 14:46
all fresh ,15.4,58.2,0,737,4/19/2026 14:46
all fresh ,15.4,57.8,0,740,4/19/2026 14:47
all fresh ,15.4,58.8,0,743,4/19/2026 14:47
all fresh ,15.4,58.3,0,729,4/19/2026 14:48
all fresh ,15.3,58.9,0,734,4/19/2026 14:48
all fresh ,15.4,58.5,0,725,4/19/2026 14:49
all fresh ,15.3,58.2,0,751,4/19/2026 14:50
all fresh ,15.3,58.6,0,757,4/19/2026 14:50
all fresh ,15.3,58.2,0,726,4/19/2026 14:51
all fresh ,15.2,58.4,0,739,4/19/2026 14:51
all fresh ,15.2,59.2,0,746,4/19/2026 14:52
all fresh ,15.2,58.9,0,736,4/19/2026 14:52
all fresh ,15.2,59.5,0,746,4/19/2026 14:53
all fresh ,15.2,59.6,0,754,4/19/2026 14:53
all fresh ,15.2,60.4,0,742,4/19/2026 14:54
all fresh ,15.2,60.9,0,766,4/19/2026 14:54
all fresh ,15.2,60.7,0,759,4/19/2026 14:55
all fresh ,15.2,61.7,0,771,4/19/2026 14:55
all fresh ,15.2,62.2,0,771,4/19/2026 14:56
all fresh ,15.2,62.2,0,784,4/19/2026 14:56
all fresh ,15.2,62.9,0,784,4/19/2026 14:57
all fresh ,15.2,63.5,0,797,4/19/2026 14:57
all fresh ,15.2,63.4,0,800,4/19/2026 14:58
all fresh ,15.2,64.1,0,802,4/19/2026 14:58
all fresh ,15.2,63.8,0,794,4/19/2026 14:59
all fresh ,15.2,64.4,0,831,4/19/2026 14:59
all fresh ,15.2,65,0,829,4/19/2026 15:00
all fresh ,15.2,64.9,0,843,4/19/2026 15:00
all fresh ,15.3,64.6,0,848,4/19/2026 15:01
all fresh ,15.3,65.6,0,869,4/19/2026 15:01
all fresh ,15.2,65.8,0,897,4/19/2026 15:02
all fresh ,15.3,66,0,880,4/19/2026 15:02
all fresh ,15.3,66.1,0,889,4/19/2026 15:03
all fresh ,15.3,65.6,0,899,4/19/2026 15:03
all fresh ,15.3,65.6,0,888,4/19/2026 15:04
all fresh ,15.3,66,0,904,4/19/2026 15:04
all fresh ,15.3,66.5,0,883,4/19/2026 15:05
all fresh ,15.3,66.2,0,884,4/19/2026 15:05
all fresh ,15.4,66.5,0,903,4/19/2026 15:06
all fresh ,15.4,66.6,0,880,4/19/2026 15:06
all fresh ,15.4,66.7,0,865,4/19/2026 15:07
all fresh ,15.4,67,0,881,4/19/2026 15:07
all fresh ,15.4,66.7,0,893,4/19/2026 15:08
all fresh ,15.4,67,0,874,4/19/2026 15:08
all fresh ,15.4,67.2,0,860,4/19/2026 15:09
all fresh ,15.4,67.1,0,849,4/19/2026 15:09
all fresh ,15.4,66.6,0,848,4/19/2026 15:10
all fresh ,15.4,66.3,0,853,4/19/2026 15:10
all fresh ,15.4,66.9,0,865,4/19/2026 15:11
all fresh ,15.4,66.9,0,848,4/19/2026 15:11
all fresh ,15.4,67,0,862,4/19/2026 15:12
all fresh ,15.4,67,0,853,4/19/2026 15:12
all fresh ,15.4,67.2,0,854,4/19/2026 15:13
all fresh ,15.5,66.7,0,850,4/19/2026 15:13
all fresh ,15.4,67.1,0,831,4/19/2026 15:14
all fresh ,15.5,67.1,0,848,4/19/2026 15:15
all fresh ,15.5,67.9,0,839,4/19/2026 15:15
all fresh ,15.5,67.6,0,841,4/19/2026 15:16
all fresh ,15.5,67.4,0,854,4/19/2026 15:16
all fresh ,15.5,68.1,0,860,4/19/2026 15:17
all fresh ,15.5,67.5,0,848,4/19/2026 15:17
all fresh ,15.5,67.4,0,852,4/19/2026 15:18
all fresh ,15.5,67.4,0,829,4/19/2026 15:18
all fresh ,15.5,67.4,0,829,4/19/2026 15:19
all fresh ,15.5,67.4,0,835,4/19/2026 15:19
all fresh ,15.5,67.6,0,843,4/19/2026 15:20
all fresh ,15.5,67.8,0,837,4/19/2026 15:20
all fresh ,15.5,68.2,0,842,4/19/2026 15:21
all fresh ,15.5,67.7,0,828,4/19/2026 15:21
all fresh ,15.6,67.7,0,845,4/19/2026 15:22
all fresh ,15.6,67.9,0,864,4/19/2026 15:22
all fresh ,15.6,68,0,855,4/19/2026 15:23
all fresh ,15.6,68.1,0,872,4/19/2026 15:23
all fresh ,15.6,68.2,0,848,4/19/2026 15:24
all fresh ,15.6,68.8,0,851,4/19/2026 15:24
all fresh ,15.7,68.2,0,880,4/19/2026 15:25
all fresh ,15.6,68.4,0,879,4/19/2026 15:25
all fresh ,15.7,68,0,873,4/19/2026 15:26
all fresh ,15.7,68.8,0,888,4/19/2026 15:26
all fresh ,15.7,69,0,902,4/19/2026 15:27
all fresh ,15.7,68.6,0,903,4/19/2026 15:27
all fresh ,15.7,68.7,0,941,4/19/2026 15:28
all fresh ,15.7,69.6,0,896,4/19/2026 15:28
all fresh ,15.7,69.3,0,896,4/19/2026 15:29
all fresh ,15.7,69.1,0,897,4/19/2026 15:29
all fresh ,15.7,69.3,0,922,4/19/2026 15:30
all fresh ,15.7,69.1,0,907,4/19/2026 15:30
all fresh ,15.8,69.3,0,892,4/19/2026 15:31
all fresh ,15.8,69,0,901,4/19/2026 15:31
all fresh ,15.8,69.4,0,887,4/19/2026 15:32
all fresh ,15.8,69.3,0,882,4/19/2026 15:32
all fresh ,15.8,69.1,0,901,4/19/2026 15:33
all fresh ,15.8,69.8,0,879,4/19/2026 15:33
all fresh ,15.8,69.7,0,883,4/19/2026 15:34
all fresh ,15.8,70.6,0,878,4/19/2026 15:34
all fresh ,15.9,70,0,896,4/19/2026 15:35
all fresh ,15.9,69.6,0,869,4/19/2026 15:35
all fresh ,15.9,70.5,0,890,4/19/2026 15:36
all fresh ,15.9,70.5,0,896,4/19/2026 15:36
all fresh ,15.9,70.2,0,912,4/19/2026 15:37
all fresh ,15.9,70.1,0,902,4/19/2026 15:37
all fresh ,15.9,69.6,0,916,4/19/2026 15:38
all fresh ,15.9,69.9,0,923,4/19/2026 15:38
all fresh ,15.9,70.3,0,912,4/19/2026 15:39
all fresh ,16,70.8,0,881,4/19/2026 15:40
all fresh ,15.9,70.7,0,894,4/19/2026 15:40
all fresh ,16,70.5,0,917,4/19/2026 15:41
all fresh ,16,71.7,0,894,4/19/2026 15:41
all fresh ,16,71.3,0,894,4/19/2026 15:42
all fresh ,16,71,0,880,4/19/2026 15:42
all fresh ,16,71.4,0,906,4/19/2026 15:43
all fresh ,16,70.8,0,913,4/19/2026 15:43
all fresh ,16,71.3,0,891,4/19/2026 15:44
all fresh ,16,70.8,0,926,4/19/2026 15:44
all fresh ,16,71.5,0,862,4/19/2026 15:45
all fresh ,16,71.5,0,896,4/19/2026 15:45
all fresh ,16.1,71.8,0,895,4/19/2026 15:46
all fresh ,16.1,72.2,0,891,4/19/2026 15:46
all fresh ,16.1,71.6,0,886,4/19/2026 15:47
all fresh ,16.1,71.3,0,881,4/19/2026 15:47
all fresh ,16.1,71.5,0,903,4/19/2026 15:48
all fresh ,16.1,71.7,0,910,4/19/2026 15:48
all fresh ,16.1,72.1,0,905,4/19/2026 15:49
all fresh ,16.1,72,0,908,4/19/2026 15:49
all fresh ,16.1,72.3,0,913,4/19/2026 15:50
all fresh ,16.1,72.5,0,902,4/19/2026 15:50
all fresh ,16.1,72.6,0,907,4/19/2026 15:51
all fresh ,16.2,73,0,885,4/19/2026 15:51
all fresh ,16.2,72.8,0,909,4/19/2026 15:52
all fresh ,16.2,73.3,0,918,4/19/2026 15:52
all fresh ,16.2,72.4,0,906,4/19/2026 15:53
all fresh ,16.2,73.3,0,915,4/19/2026 15:53
all fresh ,16.2,73.8,0,925,4/19/2026 15:54
all fresh ,16.2,74.2,0,925,4/19/2026 15:54
all fresh ,16.2,73.5,0,929,4/19/2026 15:55
all fresh ,16.2,74.3,0,934,4/19/2026 15:55
all fresh ,16.2,74.2,0,934,4/19/2026 15:56
all fresh ,16.3,74,0,940,4/19/2026 15:56
all fresh ,16.2,74.8,0,922,4/19/2026 15:57
all fresh ,16.3,74.5,0,902,4/19/2026 15:57
all fresh ,16.3,74.8,0,944,4/19/2026 15:58
all fresh ,16.3,75.1,0,931,4/19/2026 15:58
all fresh ,16.3,75.2,0,939,4/19/2026 15:59
all fresh ,16.3,75,0,942,4/19/2026 15:59
all fresh ,16.3,75.1,0,929,4/19/2026 16:00
all fresh ,16.3,75.4,0,933,4/19/2026 16:00
all fresh ,16.3,75.1,0,944,4/19/2026 16:01
all fresh ,16.3,75.9,0,944,4/19/2026 16:01
all fresh ,16.4,76.1,0,942,4/19/2026 16:02
all fresh ,16.4,76.4,0,956,4/19/2026 16:02
all fresh ,16.4,76.4,0,952,4/19/2026 16:03
all fresh ,16.4,76.4,0,958,4/19/2026 16:03
all fresh ,16.4,76.5,0,960,4/19/2026 16:04
all fresh ,16.4,76.6,0,972,4/19/2026 16:05
all fresh ,16.4,76.8,0,957,4/19/2026 16:05
all fresh ,16.5,76.9,0,946,4/19/2026 16:06
all fresh ,16.5,76.8,0,961,4/19/2026 16:06
all fresh ,16.5,76.7,0,959,4/19/2026 16:07
all fresh ,16.5,77,0,962,4/19/2026 16:07
all fresh ,16.5,76.9,0,970,4/19/2026 16:08
all fresh ,16.5,77.1,0,966,4/19/2026 16:08
all fresh ,16.5,77.2,0,963,4/19/2026 16:09
all fresh ,16.6,77.1,0,970,4/19/2026 16:09
all fresh ,16.6,77.3,0,976,4/19/2026 16:10
all fresh ,16.6,77.3,0,977,4/19/2026 16:10
all fresh ,16.6,77.3,0,966,4/19/2026 16:11
all fresh ,16.7,77.6,0,1006,4/19/2026 16:11
all fresh ,16.6,77.7,0,986,4/19/2026 16:12
all fresh ,16.6,77.7,0,995,4/19/2026 16:12
all fresh ,16.6,77.3,0,994,4/19/2026 16:13
all fresh ,16.6,77,0,952,4/19/2026 16:13
all fresh ,16.6,76,0,961,4/19/2026 16:14
all fresh ,16.7,75.7,0,945,4/19/2026 16:14
all fresh ,16.6,75.7,0,948,4/19/2026 16:15
all fresh ,16.7,75.1,0,944,4/19/2026 16:15
all fresh ,16.7,74.8,0,962,4/19/2026 16:16
all fresh ,16.7,74.4,0,942,4/19/2026 16:16
all fresh ,16.7,74.4,0,935,4/19/2026 16:17
all fresh ,16.7,74.5,0,944,4/19/2026 16:17
all fresh ,16.7,73.9,0,953,4/19/2026 16:18
all fresh ,16.7,73.6,0,961,4/19/2026 16:18
all fresh ,16.7,73.5,0,945,4/19/2026 16:19
all fresh ,16.7,73.3,0,943,4/19/2026 16:19
all fresh ,16.7,73.1,0,933,4/19/2026 16:20
all fresh ,16.7,72.8,0,958,4/19/2026 16:20
all fresh ,16.7,72,0,962,4/19/2026 16:21
all fresh ,16.7,72.2,0,939,4/19/2026 16:21
all fresh ,16.7,72.2,0,951,4/19/2026 16:22
all fresh ,16.7,73,0,957,4/19/2026 16:22
all fresh ,16.7,70.5,0,945,4/19/2026 16:23
all fresh ,16.7,70.9,0,937,4/19/2026 16:23
all fresh ,16.7,70.9,0,961,4/19/2026 16:24
all fresh ,16.7,69.7,0,953,4/19/2026 16:24
all fresh ,16.7,69.7,0,929,4/19/2026 16:25
all fresh ,16.7,69.3,0,933,4/19/2026 16:25
all fresh ,16.7,69.2,0,943,4/19/2026 16:26
all fresh ,16.7,68.6,0,941,4/19/2026 16:26
all fresh ,16.7,67.2,0,969,4/19/2026 16:27
all fresh ,16.7,67.2,0,944,4/19/2026 16:27
all fresh ,16.7,66.6,0,946,4/19/2026 16:28
all fresh ,16.7,66.9,0,969,4/19/2026 16:28
all fresh ,16.7,66.5,0,976,4/19/2026 16:29
all fresh ,16.6,65.9,0,945,4/19/2026 16:29
all fresh ,16.7,65.2,0,961,4/19/2026 16:30
all fresh ,16.6,65.2,0,988,4/19/2026 16:30
all fresh ,16.6,64.8,0,985,4/19/2026 16:31
all fresh ,16.7,64.2,0,970,4/19/2026 16:32
all fresh ,16.6,64,0,958,4/19/2026 16:32
all fresh ,16.6,63.9,0,961,4/19/2026 16:33
all fresh ,16.6,63.9,0,931,4/19/2026 16:33
all fresh ,16.6,64.1,0,959,4/19/2026 16:34
all fresh ,16.6,63.4,0,966,4/19/2026 16:34
all fresh ,16.6,62.7,0,963,4/19/2026 16:35
all fresh ,16.6,62.7,0,954,4/19/2026 16:35
all fresh ,16.5,61.9,0,937,4/19/2026 16:36
all fresh ,16.5,61.7,0,894,4/19/2026 16:36
all fresh ,16.6,61.7,0,931,4/19/2026 16:37
all fresh ,16.5,61.6,0,925,4/19/2026 16:37
all fresh ,16.5,62.1,0,971,4/19/2026 16:38
all fresh ,16.5,63.4,0,931,4/19/2026 16:38
all fresh ,16.5,62.4,0,927,4/19/2026 16:39
all fresh ,16.5,62,0,892,4/19/2026 16:39
all fresh ,16.5,62.2,0,889,4/19/2026 16:40
all fresh ,16.5,61.2,0,882,4/19/2026 16:40
all fresh ,16.5,61.7,0,886,4/19/2026 16:41
all fresh ,16.5,62.9,0,877,4/19/2026 16:41
all fresh ,16.4,60.5,0,849,4/19/2026 16:42
all fresh ,16.4,61,0,851,4/19/2026 16:42
all fresh ,16.4,61.4,0,854,4/19/2026 16:43
all fresh ,16.4,60.8,0,848,4/19/2026 16:43
all fresh ,16.4,60.6,0,848,4/19/2026 16:44
all fresh ,16.4,60.2,0,847,4/19/2026 16:44
all fresh ,16.4,60.2,0,853,4/19/2026 16:45
all fresh ,16.3,60.5,0,859,4/19/2026 16:45
all fresh ,16.3,60.4,0,850,4/19/2026 16:46
all fresh ,16.3,60.2,0,863,4/19/2026 16:46
all fresh ,16.3,60.5,0,855,4/19/2026 16:47
all fresh ,16.3,59.2,0,847,4/19/2026 16:47
all fresh ,16.3,59.5,0,855,4/19/2026 16:48
all fresh ,16.2,59.1,0,862,4/19/2026 16:48
all fresh ,16.2,59.4,0,842,4/19/2026 16:49
all fresh ,16.2,59.4,0,850,4/19/2026 16:49
all fresh ,16.2,59.5,0,825,4/19/2026 16:50
all fresh ,16.2,59.8,0,828,4/19/2026 16:50
all fresh ,16.2,59.4,0,839,4/19/2026 16:51
all fresh ,16.1,59.4,0,835,4/19/2026 16:51
all fresh ,16.1,59.5,0,851,4/19/2026 16:52
all fresh ,16.1,59.2,0,862,4/19/2026 16:52
all fresh ,16.1,59.5,0,832,4/19/2026 16:53
all fresh ,16.1,58.7,0,848,4/19/2026 16:53
all fresh ,16.1,58.7,0,822,4/19/2026 16:54
all fresh ,16.1,58.4,0,819,4/19/2026 16:54
all fresh ,16,58.5,0,824,4/19/2026 16:55
all fresh ,16,58.6,0,823,4/19/2026 16:55
all fresh ,16,58.4,0,809,4/19/2026 16:56
all fresh ,16,58.5,0,816,4/19/2026 16:57
all fresh ,16,59,0,817,4/19/2026 16:57
all fresh ,16,58.1,0,839,4/19/2026 16:58
all fresh ,15.9,58.2,0,817,4/19/2026 16:58
all fresh ,15.9,58.3,0,813,4/19/2026 16:59
all fresh ,15.8,58,0,838,4/19/2026 16:59
all fresh ,15.9,58.5,0,832,4/19/2026 17:00
all fresh ,15.9,57.8,0,815,4/19/2026 17:00
all fresh ,15.8,58.2,0,823,4/19/2026 17:01
all fresh ,15.8,58,0,823,4/19/2026 17:01
all fresh ,15.7,57.9,0,813,4/19/2026 17:02
all fresh ,15.7,57.9,0,818,4/19/2026 17:02
all fresh ,15.7,57.4,0,818,4/19/2026 17:03
all fresh ,15.7,57.7,0,794,4/19/2026 17:03
all fresh ,15.7,57.8,0,791,4/19/2026 17:04
all fresh ,15.7,57.8,0,787,4/19/2026 17:04
all fresh ,15.6,57.5,0,803,4/19/2026 17:05
all fresh ,15.6,58.1,0,796,4/19/2026 17:05
all fresh ,15.6,57.7,0,810,4/19/2026 17:06
all fresh ,15.6,57.6,0,806,4/19/2026 17:06
all fresh ,15.6,56.2,0,781,4/19/2026 17:07
all fresh ,15.5,57.3,0,785,4/19/2026 17:07
all fresh ,15.5,56.9,0,787,4/19/2026 17:08
all fresh ,15.5,56.9,0,793,4/19/2026 17:08
all fresh ,15.4,57,0,800,4/19/2026 17:09
all fresh ,15.4,56.9,0,789,4/19/2026 17:09
all fresh ,15.4,57.3,0,799,4/19/2026 17:10
all fresh ,15.4,57.4,0,806,4/19/2026 17:10
all fresh ,15.4,57.1,0,794,4/19/2026 17:11
all fresh ,15.3,57.4,0,814,4/19/2026 17:11
all fresh ,15.3,57.4,0,797,4/19/2026 17:12
all fresh ,15.3,57.4,0,798,4/19/2026 17:12
all fresh ,15.3,57.5,0,785,4/19/2026 17:13
all fresh ,15.3,57.7,0,798,4/19/2026 17:13
all fresh ,15.3,57.3,0,792,4/19/2026 17:14
all fresh ,15.2,57.1,0,813,4/19/2026 17:14
all fresh ,15.2,57.6,0,811,4/19/2026 17:15
all fresh ,15.2,57.3,0,797,4/19/2026 17:15
all fresh ,15.2,56.9,0,814,4/19/2026 17:16
all fresh ,15.2,56.5,0,788,4/19/2026 17:16
all fresh ,15.2,56.8,0,809,4/19/2026 17:17
all fresh ,15.1,57.8,0,797,4/19/2026 17:17
all fresh ,15.1,57.6,0,794,4/19/2026 17:18
all fresh ,15.1,57.8,0,813,4/19/2026 17:18
all fresh ,15.1,58,0,822,4/19/2026 17:19
all fresh ,15.1,58.2,0,816,4/19/2026 17:19
all fresh ,15,59.3,0,825,4/19/2026 17:20
all fresh ,15.1,59.3,0,818,4/19/2026 17:20
all fresh ,15.1,59.7,0,821,4/19/2026 17:21
all fresh ,15,60.2,0,821,4/19/2026 17:22
all fresh ,15.1,61,0,815,4/19/2026 17:22
all fresh ,15,61.4,0,844,4/19/2026 17:23
all fresh ,15,61.5,0,848,4/19/2026 17:23
all fresh ,15.1,61.9,0,849,4/19/2026 17:24
all fresh ,15.1,62.8,0,841,4/19/2026 17:24
all fresh ,15.1,62.4,0,853,4/19/2026 17:25
all fresh ,15.1,62.8,0,855,4/19/2026 17:25
all fresh ,15.1,63.4,0,865,4/19/2026 17:26
all fresh ,15.1,63.6,0,872,4/19/2026 17:26
all fresh ,15.1,64,0,880,4/19/2026 17:27
all fresh ,15.1,65.1,0,915,4/19/2026 17:27
all fresh ,15.1,64.9,0,929,4/19/2026 17:28
all fresh ,15.1,64.7,0,924,4/19/2026 17:28
all fresh ,15.1,64.5,0,945,4/19/2026 17:29
all fresh ,15.1,65.1,0,945,4/19/2026 17:29
all fresh ,15.2,64.9,0,960,4/19/2026 17:30
all fresh ,15.2,65.2,0,969,4/19/2026 17:30
all fresh ,15.2,65.7,0,960,4/19/2026 17:31
all fresh ,15.2,65.6,0,967,4/19/2026 17:31
all fresh ,15.2,65.5,0,950,4/19/2026 17:32
all fresh ,15.2,66.1,0,959,4/19/2026 17:32
all fresh ,15.2,65.8,0,935,4/19/2026 17:33
all fresh ,15.2,66,0,957,4/19/2026 17:33
all fresh ,15.3,66.3,0,957,4/19/2026 17:34
all fresh ,15.2,66.3,0,945,4/19/2026 17:34
all fresh ,15.3,66.5,0,943,4/19/2026 17:35
all fresh ,15.3,66.4,0,940,4/19/2026 17:35
all fresh ,15.3,66.4,0,921,4/19/2026 17:36
all fresh ,15.3,66.8,0,928,4/19/2026 17:36
all fresh ,15.3,66.4,0,905,4/19/2026 17:37
all fresh ,15.3,66.6,0,925,4/19/2026 17:37
all fresh ,15.3,66.9,0,911,4/19/2026 17:38
all fresh ,15.3,67.4,0,923,4/19/2026 17:38
all fresh ,15.3,67.4,0,905,4/19/2026 17:39
all fresh ,15.3,66.9,0,906,4/19/2026 17:39
all fresh ,15.3,66.8,0,896,4/19/2026 17:40
all fresh ,15.4,66.8,0,895,4/19/2026 17:40
all fresh ,15.4,66.6,0,877,4/19/2026 17:41
all fresh ,15.4,67.3,0,896,4/19/2026 17:41
all fresh ,15.4,67.1,0,895,4/19/2026 17:42
all fresh ,15.4,67.5,0,894,4/19/2026 17:42
all fresh ,15.4,67.9,0,912,4/19/2026 17:43
all fresh ,15.4,67.8,0,895,4/19/2026 17:43
all fresh ,15.4,67.4,0,906,4/19/2026 17:44
all fresh ,15.4,67.4,0,897,4/19/2026 17:44
all fresh ,15.4,67.5,0,896,4/19/2026 17:45
all fresh ,15.4,67.5,0,893,4/19/2026 17:45
all fresh ,15.5,67.4,0,912,4/19/2026 17:46
all fresh ,15.5,67.3,0,900,4/19/2026 17:47
all fresh ,15.5,67.6,0,896,4/19/2026 17:47
all fresh ,15.5,67.6,0,894,4/19/2026 17:48
all fresh ,15.5,68.1,0,896,4/19/2026 17:48
all fresh ,15.5,67.9,0,912,4/19/2026 17:49
all fresh ,15.5,68,0,923,4/19/2026 17:49
all fresh ,15.5,67.7,0,903,4/19/2026 17:50
all fresh ,15.5,67.5,0,901,4/19/2026 17:50
all fresh ,15.5,67.6,0,896,4/19/2026 17:51
all fresh ,15.5,67.9,0,887,4/19/2026 17:51
all fresh ,15.5,68.1,0,882,4/19/2026 17:52
all fresh ,15.5,68.3,0,913,4/19/2026 17:52
all fresh ,15.5,68,0,899,4/19/2026 17:53
all fresh ,15.6,68.2,0,896,4/19/2026 17:53
all fresh ,15.6,68.3,0,894,4/19/2026 17:54
all fresh ,15.6,68.5,0,898,4/19/2026 17:54
all fresh ,15.6,68.3,0,911,4/19/2026 17:55
all fresh ,15.6,68,0,881,4/19/2026 17:55
all fresh ,15.6,68,0,926,4/19/2026 17:56
all fresh ,15.6,68.2,0,910,4/19/2026 17:56
all fresh ,15.6,68.2,0,907,4/19/2026 17:57
all fresh ,15.6,68.4,0,912,4/19/2026 17:57
all fresh ,15.6,68.2,0,894,4/19/2026 17:58
all fresh ,15.6,68.4,0,903,4/19/2026 17:58
all fresh ,15.6,68.4,0,917,4/19/2026 17:59
all fresh ,15.6,68.1,0,914,4/19/2026 17:59
all fresh ,15.6,68.2,0,897,4/19/2026 18:00
all fresh ,15.7,68.4,0,912,4/19/2026 18:00
all fresh ,15.6,68.7,0,931,4/19/2026 18:01
all fresh ,15.7,68.8,0,919,4/19/2026 18:01
all fresh ,15.7,68.3,0,922,4/19/2026 18:02
all fresh ,15.7,68.2,0,923,4/19/2026 18:02
all fresh ,15.7,68.5,0,917,4/19/2026 18:03
all fresh ,15.7,68.2,0,918,4/19/2026 18:03
all fresh ,15.7,68.5,0,937,4/19/2026 18:04
all fresh ,15.7,68.8,0,919,4/19/2026 18:04
all fresh ,15.7,68.2,0,933,4/19/2026 18:05
all fresh ,15.7,68.8,0,959,4/19/2026 18:05
all fresh ,15.8,68.8,0,930,4/19/2026 18:06
all fresh ,15.7,68.8,0,935,4/19/2026 18:06
all fresh ,15.8,68.5,0,932,4/19/2026 18:07
all fresh ,15.8,68.7,0,915,4/19/2026 18:07
all fresh ,15.8,69.2,0,956,4/19/2026 18:08
all fresh ,15.8,69.2,0,950,4/19/2026 18:08
all fresh ,15.8,68.5,0,927,4/19/2026 18:09
all fresh ,15.8,68.8,0,949,4/19/2026 18:09
all fresh ,15.8,69.2,0,947,4/19/2026 18:10
all fresh ,15.8,69.6,0,945,4/19/2026 18:11
all fresh ,15.9,69.5,0,982,4/19/2026 18:11
all fresh ,15.9,68.8,0,955,4/19/2026 18:12
all fresh ,15.9,68.8,0,960,4/19/2026 18:12
all fresh ,15.9,69.5,0,965,4/19/2026 18:13
all fresh ,15.9,69.8,0,982,4/19/2026 18:13
all fresh ,15.9,69.6,0,990,4/19/2026 18:14
all fresh ,15.9,69.8,0,989,4/19/2026 18:14
all fresh ,15.9,69.8,0,981,4/19/2026 18:15
all fresh ,15.9,69.6,0,969,4/19/2026 18:15
all fresh ,15.9,69.5,0,978,4/19/2026 18:16
all fresh ,15.9,69.9,0,976,4/19/2026 18:16
all fresh ,15.9,70,0,970,4/19/2026 18:17
all fresh ,16,70,0,1005,4/19/2026 18:17
all fresh ,16,70.3,0,992,4/19/2026 18:18
all fresh ,16,70.1,0,1001,4/19/2026 18:18
all fresh ,16,70.2,1,991,4/19/2026 18:19
all fresh ,16,70.7,0,997,4/19/2026 18:19
all fresh ,16,70.7,2,988,4/19/2026 18:20
all fresh ,16,70.9,0,998,4/19/2026 18:20
all fresh ,16,71.2,0,1000,4/19/2026 18:21
all fresh ,16.1,71.6,0,982,4/19/2026 18:21
all fresh ,16.1,71.6,0,994,4/19/2026 18:22
all fresh ,16.1,71.5,1,963,4/19/2026 18:22
all fresh ,16.1,71.9,0,991,4/19/2026 18:23
all fresh ,16.1,71.8,0,999,4/19/2026 18:23
all fresh ,16.1,71.5,0,999,4/19/2026 18:24
all fresh ,16.1,71.6,0,999,4/19/2026 18:24
all fresh ,16.1,71.9,0,1005,4/19/2026 18:25
all fresh ,16.1,72,0,1018,4/19/2026 18:25
all fresh ,16.2,72.9,0,997,4/19/2026 18:26
all fresh ,16.2,72.3,0,1012,4/19/2026 18:26
all fresh ,16.2,72.6,0,1013,4/19/2026 18:27
all fresh ,16.2,73.1,0,1003,4/19/2026 18:27
all fresh ,16.2,74.2,0,998,4/19/2026 18:28
all fresh ,16.2,74.1,0,1031,4/19/2026 18:28
all fresh ,16.2,74.3,0,1023,4/19/2026 18:29
all fresh ,16.2,74.6,0,991,4/19/2026 18:30
all fresh ,16.2,74.5,0,992,4/19/2026 18:30
all fresh ,16.3,74.5,0,1015,4/19/2026 18:31
all fresh ,16.3,74.1,3,1023,4/19/2026 18:31
all fresh ,16.3,74.5,0,1021,4/19/2026 18:32
all fresh ,16.3,75,0,1036,4/19/2026 18:32
all fresh ,16.3,75.3,1,1010,4/19/2026 18:33
all fresh ,16.3,75.2,0,998,4/19/2026 18:33
all fresh ,16.3,75.2,0,1018,4/19/2026 18:34
all fresh ,16.3,75.4,0,1003,4/19/2026 18:34
all fresh ,16.4,75.4,0,1015,4/19/2026 18:35
all fresh ,16.3,75.7,3,1013,4/19/2026 18:35
all fresh ,16.3,75.7,0,1006,4/19/2026 18:36
all fresh ,16.3,76,4,1019,4/19/2026 18:36
all fresh ,16.3,76.1,0,1017,4/19/2026 18:37
all fresh ,16.4,76.4,1,1012,4/19/2026 18:37
all fresh ,16.4,76.6,0,1012,4/19/2026 18:38
all fresh ,16.4,76.4,0,1037,4/19/2026 18:38
all fresh ,16.4,76.4,4,1040,4/19/2026 18:39
all fresh ,16.4,76.4,0,1022,4/19/2026 18:39
all fresh ,16.5,76.7,0,1023,4/19/2026 18:40
all fresh ,16.5,77,0,1012,4/19/2026 18:40
all fresh ,16.5,76.7,0,1054,4/19/2026 18:41
all fresh ,16.5,77,5,1023,4/19/2026 18:41
all fresh ,16.5,77.3,6,1040,4/19/2026 18:42
all fresh ,16.5,77.2,7,1034,4/19/2026 18:42
all fresh ,16.6,77.1,0,1013,4/19/2026 18:43
all fresh ,16.5,76.4,5,1014,4/19/2026 18:43
all fresh ,16.5,76.1,5,1034,4/19/2026 18:44
all fresh ,16.5,75.2,0,1012,4/19/2026 18:44
all fresh ,16.6,75.4,0,1019,4/19/2026 18:45
all fresh ,16.6,75,0,992,4/19/2026 18:45
all fresh ,16.6,74.4,0,986,4/19/2026 18:46
all fresh ,16.6,74.2,0,1008,4/19/2026 18:46
all fresh ,16.6,74.2,1,989,4/19/2026 18:47
all fresh ,16.6,73.5,0,998,4/19/2026 18:47
all fresh ,16.6,73.9,0,1009,4/19/2026 18:48
all fresh ,16.6,73.4,0,1010,4/19/2026 18:48
all fresh ,16.6,72.5,0,1020,4/19/2026 18:49
all fresh ,16.6,72.8,0,996,4/19/2026 18:49
all fresh ,16.6,72.2,0,1004,4/19/2026 18:50
all fresh ,16.6,71.8,0,1008,4/19/2026 18:50
all fresh ,16.6,71.2,0,1021,4/19/2026 18:51
all fresh ,16.6,71.7,0,1007,4/19/2026 18:51
all fresh ,16.6,70.7,0,1023,4/19/2026 18:52
all fresh ,16.6,70.1,0,1015,4/19/2026 18:53
all fresh ,16.6,70.1,6,1021,4/19/2026 18:53
all fresh ,16.6,69.4,0,1023,4/19/2026 18:54
all fresh ,16.6,69.2,1,1011,4/19/2026 18:54
all fresh ,16.6,69.2,0,1001,4/19/2026 18:55
all fresh ,16.6,68.8,0,1023,4/19/2026 18:55
all fresh ,16.6,68.7,0,1012,4/19/2026 18:56
all fresh ,16.6,68.2,0,1019,4/19/2026 18:56
all fresh ,16.6,67.8,0,1023,4/19/2026 18:57
all fresh ,16.6,67.1,0,1040,4/19/2026 18:57
all fresh ,16.6,66.6,0,1041,4/19/2026 18:58
all fresh ,16.5,66.6,0,1021,4/19/2026 18:58
all fresh ,16.6,66,0,1043,4/19/2026 18:59
all fresh ,16.5,65.7,0,1021,4/19/2026 18:59
all fresh ,16.5,65.2,0,1034,4/19/2026 19:00
all fresh ,16.5,65.1,0,1043,4/19/2026 19:00
all fresh ,16.5,64,0,992,4/19/2026 19:01
all fresh ,16.5,64.1,0,1039,4/19/2026 19:01
all fresh ,16.5,63.9,0,1044,4/19/2026 19:02
all fresh ,16.5,63.1,0,1003,4/19/2026 19:02
all fresh ,16.4,63.3,0,1035,4/19/2026 19:03
all fresh ,16.5,62.8,0,1022,4/19/2026 19:03
all fresh ,16.5,62.9,0,1021,4/19/2026 19:04
all fresh ,16.5,62.5,0,1039,4/19/2026 19:04
all fresh ,16.4,62.4,0,993,4/19/2026 19:05
all fresh ,16.4,62.3,0,971,4/19/2026 19:05
all fresh ,16.4,62,0,947,4/19/2026 19:06
all fresh ,16.4,62.4,0,988,4/19/2026 19:06
all fresh ,16.4,61.6,0,978,4/19/2026 19:07
all fresh ,16.4,61.4,0,972,4/19/2026 19:07
all fresh ,16.4,61.6,0,946,4/19/2026 19:08
all fresh ,16.4,61.9,0,963,4/19/2026 19:08
all fresh ,16.3,62.3,0,993,4/19/2026 19:09
all fresh ,16.3,61.5,0,971,4/19/2026 19:09
all fresh ,16.3,61.1,0,976,4/19/2026 19:10
all fresh ,16.3,60.7,0,969,4/19/2026 19:10
all fresh ,16.3,60.8,0,930,4/19/2026 19:11
all fresh ,16.3,60.9,0,912,4/19/2026 19:11
all fresh ,16.3,60.6,0,917,4/19/2026 19:12
all fresh ,16.3,60.4,0,934,4/19/2026 19:13
all fresh ,16.3,60.7,0,926,4/19/2026 19:13
all fresh ,16.3,60.5,0,907,4/19/2026 19:14
all fresh ,16.2,60.2,0,909,4/19/2026 19:14
all fresh ,16.2,59.7,0,897,4/19/2026 19:15
all fresh ,16.2,59.8,0,911,4/19/2026 19:15
all fresh ,16.2,60.7,0,912,4/19/2026 19:16
all fresh ,16.2,59.2,0,884,4/19/2026 19:16
all fresh ,16.2,60.1,0,914,4/19/2026 19:17
all fresh ,16.2,59.6,0,905,4/19/2026 19:17
all fresh ,16.2,59.2,0,889,4/19/2026 19:18
all fresh ,16.1,59.3,0,882,4/19/2026 19:18
all fresh ,16.1,59.2,0,891,4/19/2026 19:19
all fresh ,16.1,58.8,0,884,4/19/2026 19:19
all fresh ,16.1,59,0,893,4/19/2026 19:20
all fresh ,16.1,59.4,0,883,4/19/2026 19:20
all fresh ,16,59.3,0,910,4/19/2026 19:21
all fresh ,16,58.5,0,899,4/19/2026 19:21
all fresh ,16,58.7,0,867,4/19/2026 19:22
all fresh ,16,58.4,0,862,4/19/2026 19:22
all fresh ,16,58.1,0,875,4/19/2026 19:23
all fresh ,15.9,58.2,0,879,4/19/2026 19:23
all fresh ,15.9,57.8,0,880,4/19/2026 19:24
all fresh ,15.8,58.1,0,848,4/19/2026 19:24
all fresh ,15.8,58,0,867,4/19/2026 19:25
all fresh ,15.8,57.9,0,846,4/19/2026 19:25
all fresh ,15.8,57.9,0,878,4/19/2026 19:26
all fresh ,15.8,58.5,0,876,4/19/2026 19:26
all fresh ,15.7,57.6,0,855,4/19/2026 19:27
all fresh ,15.7,58.2,0,865,4/19/2026 19:27
all fresh ,15.7,58.1,0,848,4/19/2026 19:28
all fresh ,15.7,57.9,0,864,4/19/2026 19:28
all fresh ,15.7,57.6,0,858,4/19/2026 19:29
all fresh ,15.6,57.7,0,845,4/19/2026 19:29
all fresh ,15.6,57.3,0,823,4/19/2026 19:30
all fresh ,15.6,57.3,0,847,4/19/2026 19:30
all fresh ,15.5,57.7,0,843,4/19/2026 19:31
all fresh ,15.5,57.3,0,844,4/19/2026 19:31
all fresh ,15.5,57.1,0,850,4/19/2026 19:32
all fresh ,15.5,57.3,0,851,4/19/2026 19:32
all fresh ,15.4,57.9,0,856,4/19/2026 19:33
all fresh ,15.4,57.2,0,849,4/19/2026 19:34
all fresh ,15.4,57.3,0,838,4/19/2026 19:34
all fresh ,15.4,57.1,0,837,4/19/2026 19:35
all fresh ,15.4,57.1,0,828,4/19/2026 19:35
all fresh ,15.4,57.2,0,849,4/19/2026 19:36
all fresh ,15.3,57,0,848,4/19/2026 19:36
all fresh ,15.3,56.9,0,844,4/19/2026 19:37
all fresh ,15.2,56.4,0,848,4/19/2026 19:37
all fresh ,15.2,56.7,0,832,4/19/2026 19:38
all fresh ,15.2,57.4,0,850,4/19/2026 19:38
all fresh ,15.2,56.8,0,839,4/19/2026 19:39
all fresh ,15.1,56.8,0,833,4/19/2026 19:39
all fresh ,15.1,56.3,0,818,4/19/2026 19:40
all fresh ,15.1,56.9,0,844,4/19/2026 19:40
all fresh ,15.1,56.9,0,851,4/19/2026 19:41
all fresh ,15.1,57.1,0,855,4/19/2026 19:41
all fresh ,15.1,57.2,0,831,4/19/2026 19:42
all fresh ,15,57.8,0,859,4/19/2026 19:42
all fresh ,15,58.4,0,855,4/19/2026 19:43
all fresh ,15,58.9,0,864,4/19/2026 19:43
all fresh ,15,59,0,850,4/19/2026 19:44
all fresh ,15,59,0,851,4/19/2026 19:44
all fresh ,15,60,0,869,4/19/2026 19:45
all fresh ,15,60.4,0,880,4/19/2026 19:45
all fresh ,15,60.8,0,893,4/19/2026 19:46
all fresh ,15,61.1,0,879,4/19/2026 19:46
all fresh ,15,61.5,0,880,4/19/2026 19:47
all fresh ,15,62.1,0,885,4/19/2026 19:47
all fresh ,15,62.8,0,895,4/19/2026 19:48
all fresh ,15,63,0,916,4/19/2026 19:48
all fresh ,15,63,0,909,4/19/2026 19:49
all fresh ,15,63.5,0,921,4/19/2026 19:49
all fresh ,15,63.9,0,939,4/19/2026 19:50
all fresh ,15,64.2,0,950,4/19/2026 19:50
all fresh ,15,64.5,0,945,4/19/2026 19:51
all fresh ,15,64.8,0,963,4/19/2026 19:51
all fresh ,15,64.9,0,987,4/19/2026 19:52
all fresh ,15,65.2,0,991,4/19/2026 19:52
all fresh ,15.1,65.9,0,994,4/19/2026 19:53
all fresh ,15.1,65.4,0,1008,4/19/2026 19:53
all fresh ,15.1,65.8,0,1017,4/19/2026 19:54
all fresh ,15.1,66.2,0,1013,4/19/2026 19:55
all fresh ,15.1,66,0,990,4/19/2026 19:55
